date,open,high,low,close,volume
2007-09-21,39.76,42.96,34.0,40.18,23159195.0
2007-09-24,39.69,43.96,38.3,39.85,13388141.0
2007-09-25,38.6,40.2,36.85,38.0,9162855.0
2007-09-26,38.88,40.8,38.01,39.01,6691380.0
2007-09-27,39.7,42.91,39.31,42.91,5410491.0
2007-09-28,46.33,47.2,44.98,47.2,3003007.0
2007-10-08,49.8,49.8,45.5,46.3,8949411.0
2007-10-09,45.7,50.93,44.15,50.93,5396980.0
2007-10-10,50.95,53.66,50.02,51.0,5493337.0
2007-10-11,50.61,55.25,50.33,53.58,4203222.0
2007-10-12,53.8,56.0,50.8,53.0,5600262.0
2007-10-16,53.0,54.2,50.25,51.21,3348847.0
2007-10-17,50.65,53.5,50.1,51.98,2169137.0
2007-10-18,51.51,55.88,50.7,54.0,4644263.0
2007-10-19,54.02,57.78,53.28,54.49,3526721.0
2007-10-22,52.99,54.0,49.04,49.08,3749907.0
2007-10-23,48.81,51.78,48.8,50.47,2907656.0
2007-10-24,51.47,52.0,49.08,49.84,2991350.0
2007-10-25,49.99,50.28,44.86,44.89,3893662.0
2007-10-26,44.7,46.59,44.44,45.7,2164628.0
2007-10-29,46.0,46.49,43.5,45.3,1916409.0
2007-10-30,45.2,47.5,44.4,47.0,1804954.0
2007-10-31,48.0,49.49,47.22,48.11,2697102.0
2007-11-01,48.5,48.5,45.9,45.9,2340358.0
2007-11-02,45.0,45.45,43.2,43.6,2267943.0
2007-11-05,44.6,46.98,44.0,45.84,2557270.0
2007-11-06,45.8,47.7,45.43,46.29,1594768.0
2007-11-07,46.31,47.44,44.51,45.86,1082526.0
2007-11-08,45.68,45.68,43.53,43.7,1271209.0
2007-11-09,43.11,45.0,43.11,44.15,996952.0
2007-11-12,43.49,45.67,43.12,45.1,1542047.0
2007-11-13,45.55,46.77,44.21,44.65,1525406.0
2007-11-14,45.65,48.95,44.68,48.72,3399404.0
2007-11-15,48.5,49.91,47.22,48.3,2673851.0
2007-11-16,47.5,50.89,47.45,49.91,2735796.0
2007-11-19,50.0,51.9,49.38,49.5,2179092.0
2007-11-20,49.6,51.59,49.03,50.2,2005248.0
2007-11-21,50.2,50.4,48.11,50.0,2317668.0
2007-11-22,48.95,50.8,48.6,49.7,1970113.0
2007-11-23,49.38,49.98,46.98,47.8,1712314.0
2007-11-26,48.4,49.28,46.5,46.61,1234772.0
2007-11-27,46.0,46.6,43.2,43.4,2505881.0
2007-11-28,43.7,44.98,43.3,44.0,1032102.0
2007-11-29,44.85,46.3,43.71,45.49,1537429.0
2007-11-30,45.39,46.25,43.89,44.01,1229034.0
2007-12-03,43.88,44.5,43.21,44.05,797131.0
2007-12-04,44.22,45.2,44.22,44.79,736840.0
2007-12-05,44.75,47.76,44.4,47.0,2047426.0
2007-12-06,47.5,47.69,46.05,46.7,1102023.0
2007-12-07,46.7,47.3,46.13,46.88,998102.0
2007-12-10,46.18,49.49,46.13,48.8,1859944.0
2007-12-11,48.9,51.17,48.15,50.25,2748708.0
2007-12-12,50.1,50.61,49.11,50.1,2021707.0
2007-12-13,49.82,53.2,49.5,50.0,3241879.0
2007-12-14,49.9,51.2,47.91,51.0,2150602.0
2007-12-17,51.0,53.12,51.0,51.43,2250399.0
2007-12-18,50.9,51.01,47.6,48.19,1932886.0
2007-12-19,49.01,51.9,48.5,51.48,2190701.0
2007-12-20,51.5,52.58,51.03,52.15,2274107.0
2007-12-21,52.7,55.15,51.9,52.75,5743502.0
2007-12-24,52.9,54.94,52.18,54.3,3630540.0
2007-12-25,54.3,55.8,52.98,55.09,2563418.0
2007-12-26,55.0,57.3,54.81,55.47,3080596.0
2007-12-27,55.65,57.99,55.5,55.97,3481984.0
2008-01-02,58.02,61.57,58.02,61.57,4722145.0
2008-01-03,62.2,66.0,61.11,62.0,4976991.0
2008-01-04,61.88,65.6,60.1,65.6,3649160.0
2008-01-07,65.0,67.2,64.07,65.9,3101771.0
2008-01-08,65.4,66.2,62.11,62.81,3299999.0
2008-01-09,63.0,66.01,62.3,66.01,2114764.0
2008-01-10,66.66,70.95,66.15,69.0,3310984.0
2008-01-11,68.6,71.88,68.6,70.25,2894638.0
2008-01-14,70.15,71.29,67.6,69.8,2091486.0
2008-01-15,69.8,75.8,69.7,74.0,2411101.0
2008-01-16,73.11,76.39,73.0,74.98,1871596.0
2008-01-17,75.25,76.68,69.38,74.88,3852240.0
2008-01-18,75.0,75.5,70.85,71.55,2347256.0
2008-01-21,71.7,73.37,68.3,69.0,2505057.0
2008-01-22,67.48,68.39,62.1,62.1,2928800.0
2008-01-23,62.4,67.0,61.55,65.79,3814287.0
2008-01-24,65.68,68.19,64.2,65.1,2951105.0
2008-01-25,64.4,65.4,59.99,60.0,5191374.0
2008-01-28,58.5,59.47,54.0,54.0,4261730.0
2008-01-29,55.23,57.98,55.0,55.7,2650834.0
2008-01-30,56.68,58.5,55.5,57.7,2411450.0
2008-01-31,57.1,57.97,54.37,54.37,1546878.0
2008-02-01,53.6,53.6,48.96,49.99,3056196.0
2008-02-04,52.8,54.99,51.2,54.99,1961993.0
2008-02-05,55.7,58.22,54.61,56.95,2458866.0
2008-02-13,55.38,57.6,54.58,55.82,1392102.0
2008-02-14,56.49,58.49,56.49,57.05,1302250.0
2008-02-15,56.5,57.3,54.8,57.28,1449617.0
2008-02-18,58.32,61.8,58.32,61.8,2570680.0
2008-02-19,62.33,62.95,61.22,62.05,1684066.0
2008-02-20,62.1,62.18,59.5,59.7,2190115.0
2008-02-21,59.7,59.94,57.37,59.1,1983952.0
2008-02-22,59.0,59.0,55.0,55.9,2045204.0
2008-02-25,55.7,56.7,51.88,51.9,1938798.0
2008-02-26,54.2,54.35,51.0,53.4,2074925.0
2008-02-27,53.98,55.99,53.46,55.8,1296033.0
2008-02-28,56.32,56.41,53.55,53.98,1486862.0
2008-02-29,53.99,56.0,53.01,55.85,1456561.0
2008-03-03,55.84,59.8,54.0,59.1,2050321.0
2008-03-04,59.3,59.7,56.7,57.78,2453652.0
2008-03-05,58.88,62.4,58.0,60.7,5773002.0
2008-03-06,61.0,61.5,58.8,59.37,2349184.0
2008-03-07,59.1,59.1,55.7,55.7,2220179.0
2008-03-10,54.8,55.8,53.61,54.75,1155871.0
2008-03-11,54.34,55.85,53.39,55.7,968490.0
2008-03-12,56.76,57.2,52.99,52.99,1247821.0
2008-03-13,51.95,52.48,49.02,50.1,1703560.0
2008-03-14,49.8,51.44,49.19,50.86,802542.0
2008-03-17,49.61,50.75,45.77,45.77,1445929.0
2008-03-18,44.03,46.6,41.19,42.5,2181229.0
2008-03-19,44.0,45.7,42.72,44.14,1822188.0
2008-03-20,42.75,46.5,40.2,45.35,1986224.0
2008-03-21,46.0,46.47,44.8,45.28,1439942.0
2008-03-24,45.7,46.5,44.3,44.49,1206065.0
2008-03-26,45.0,46.49,44.99,45.35,999482.0
2008-03-27,44.98,44.98,41.2,41.6,1514011.0
2008-03-28,41.6,43.3,39.0,42.97,1462768.0
2008-03-31,41.0,42.35,40.01,40.19,984228.0
2008-04-01,39.9,40.68,36.17,36.17,1815183.0
2008-04-02,37.0,37.0,32.6,33.0,2004781.0
2008-04-03,32.98,34.1,31.38,33.45,2080343.0
2008-04-07,33.4,36.8,32.5,36.8,2295207.0
2008-04-08,37.21,39.29,36.9,38.12,3105958.0
2008-04-09,37.5,38.56,35.03,35.1,1887790.0
2008-04-10,34.79,37.5,34.11,37.5,1636874.0
2008-04-11,38.9,39.94,38.5,38.98,2415656.0
2008-04-14,37.98,38.5,36.0,36.19,2640658.0
2008-04-15,36.18,39.5,36.02,39.16,2260219.0
2008-04-16,39.16,39.16,36.7,36.9,1950553.0
2008-04-17,35.75,36.95,33.22,33.34,3333640.0
2008-04-18,30.0,30.0,30.0,30.0,257400.0
2008-04-21,28.32,32.11,27.01,27.01,15486949.0
2008-04-22,25.1,25.1,24.32,24.34,6436904.0
2008-04-23,24.08,25.26,23.11,24.96,10228036.0
2008-04-24,25.91,27.45,25.68,27.45,16317755.0
2008-04-25,27.25,27.25,25.72,25.93,12701298.0
2008-04-28,25.74,27.09,25.46,26.37,6845926.0
2008-04-29,26.61,27.71,26.47,27.09,6415092.0
2008-04-30,27.03,28.09,26.53,27.67,10902811.0
2008-05-05,27.99,30.44,27.95,30.44,11400154.0
2008-05-06,30.56,32.37,29.52,31.09,13603710.0
2008-05-07,31.09,31.09,28.32,28.34,8646460.0
2008-05-08,27.73,29.12,27.11,29.04,5924402.0
2008-05-12,27.67,28.92,26.89,28.21,5185092.0
2008-05-13,27.51,27.71,26.15,26.47,5434708.0
2008-05-14,26.43,28.68,26.43,28.11,4649773.0
2008-05-15,28.48,29.52,28.15,28.52,5473442.0
2008-05-16,28.5,29.02,26.71,27.43,3522058.0
2008-05-19,27.39,27.41,26.53,26.77,2226413.0
2008-05-20,26.81,27.69,25.2,25.66,3005568.0
2008-05-21,25.72,26.51,24.18,26.37,4070708.0
2008-05-22,25.66,27.01,25.22,25.58,3381985.0
2008-05-23,25.46,28.13,25.3,27.11,8527838.0
2008-05-26,25.3,25.76,24.42,24.64,4847059.0
2008-05-27,24.6,25.46,23.9,24.78,2168882.0
2008-05-28,25.0,25.42,24.14,25.02,2557182.0
2008-05-29,25.36,26.01,24.62,24.66,2686119.0
2008-05-30,24.66,24.86,23.8,24.2,2661160.0
2008-06-02,24.0,24.42,23.54,24.04,2255601.0
2008-06-03,23.7,24.02,21.63,21.77,9755803.0
2008-06-04,21.49,21.51,20.58,20.97,4422444.0
2008-06-05,20.8,21.59,20.72,21.33,3205410.0
2008-06-06,21.39,22.37,21.37,21.61,3483287.0
2008-06-10,20.66,20.88,19.44,19.44,2435153.0
2008-06-11,19.44,19.44,17.79,18.11,3254102.0
2008-06-12,17.83,18.6,17.41,18.33,3514785.0
2008-06-13,18.33,18.84,17.09,17.27,2708682.0
2008-06-16,17.07,17.67,16.35,16.97,2519861.0
2008-06-17,16.95,18.01,16.23,16.83,4346694.0
2008-06-18,16.35,18.07,15.88,17.87,4583151.0
2008-06-19,17.57,17.57,16.09,16.09,3195613.0
2008-06-20,15.48,16.63,14.5,15.3,5693981.0
2008-06-23,14.86,14.86,13.86,14.04,3698381.0
2008-06-24,14.2,14.7,14.12,14.46,3064180.0
2008-06-25,14.56,15.9,14.42,15.9,5747560.0
2008-06-26,16.17,16.77,15.78,16.35,8466157.0
2008-06-27,15.56,15.76,14.72,14.74,5562803.0
2008-06-30,14.42,15.1,14.3,14.82,2489765.0
2008-07-01,14.82,15.56,14.82,14.94,3482542.0
2008-07-02,14.86,15.46,14.5,15.08,2521886.0
2008-07-03,15.06,16.39,14.66,15.96,5554849.0
2008-07-04,15.86,16.17,15.42,15.7,3475782.0
2008-07-07,15.8,17.07,15.6,17.07,5819546.0
2008-07-08,17.27,17.29,16.33,17.19,6439777.0
2008-07-09,18.07,18.76,16.67,17.27,14472565.0
2008-07-10,17.47,19.0,17.47,19.0,13335067.0
2008-07-11,19.04,19.38,17.33,17.91,15629849.0
2008-07-14,17.33,19.2,16.69,19.18,10018751.0
2008-07-15,18.72,19.28,18.29,18.39,9805556.0
2008-07-16,17.77,18.05,16.55,16.81,5991399.0
2008-07-17,16.91,17.57,15.86,15.88,3868599.0
2008-07-18,16.07,16.75,15.46,16.49,3252554.0
2008-07-21,16.53,17.21,16.43,17.07,3599766.0
2008-07-22,17.05,17.67,16.87,17.41,4101416.0
2008-07-23,17.47,17.79,16.95,17.01,3107389.0
2008-07-24,17.07,17.59,17.03,17.45,3589419.0
2008-07-25,17.29,17.37,16.91,17.11,2662390.0
2008-07-28,17.35,17.67,17.15,17.45,3051323.0
2008-07-29,17.03,17.29,16.81,16.85,2617866.0
2008-07-30,17.19,17.47,16.73,17.03,2317272.0
2008-07-31,17.07,17.11,16.09,16.21,2755691.0
2008-08-01,16.47,16.65,15.84,16.23,2905156.0
2008-08-04,16.25,16.27,15.32,15.42,1719056.0
2008-08-05,15.26,15.64,14.54,14.6,2300938.0
2008-08-06,14.8,15.04,14.46,14.86,1756254.0
2008-08-07,14.96,15.02,14.48,14.74,1608350.0
2008-08-08,14.6,14.9,13.27,13.29,2651785.0
2008-08-11,13.25,13.39,11.97,11.97,2504531.0
2008-08-12,11.95,12.55,11.67,12.31,3244281.0
2008-08-13,12.03,12.33,11.31,12.07,2549102.0
2008-08-14,11.91,12.11,11.51,11.83,1870128.0
2008-08-15,11.79,12.11,11.61,11.85,1673741.0
2008-08-18,11.95,11.95,10.66,10.66,2472584.0
2008-08-19,10.46,10.9,10.26,10.76,1198948.0
2008-08-20,10.64,11.85,10.4,11.83,4161764.0
2008-08-21,11.65,11.89,10.96,11.04,3581051.0
2008-08-22,11.0,11.02,10.5,10.72,1894164.0
2008-08-25,10.74,11.13,10.64,10.8,1648574.0
2008-08-26,10.74,10.78,9.86,10.12,2277608.0
2008-08-27,10.0,10.86,10.0,10.62,2603185.0
2008-08-28,10.44,10.7,10.24,10.48,1624983.0
2008-08-29,10.22,10.98,10.22,10.78,2981863.0
2008-09-01,10.66,10.68,10.12,10.28,1853899.0
2008-09-02,10.28,10.54,9.88,10.42,1442871.0
2008-09-03,10.26,10.64,10.16,10.54,2003083.0
2008-09-04,10.44,10.86,10.44,10.7,1978826.0
2008-09-05,10.34,10.36,9.88,9.88,2332320.0
2008-09-08,9.86,10.02,9.16,9.26,2343496.0
2008-09-09,9.26,9.44,9.14,9.34,1111000.0
2008-09-10,9.36,9.5,8.84,9.32,1804563.0
2008-09-11,9.28,9.28,8.76,8.78,1621008.0
2008-09-12,8.78,9.0,8.76,8.84,1189824.0
2008-09-16,8.82,8.84,8.39,8.43,1555479.0
2008-09-17,8.43,8.78,8.29,8.43,1761138.0
2008-09-18,7.93,8.23,7.59,7.97,3017735.0
2008-09-19,8.74,8.78,8.47,8.78,2648911.0
2008-09-22,9.4,9.66,8.76,9.24,6440790.0
2008-09-23,8.68,8.82,8.31,8.31,3221138.0
2008-09-24,8.13,8.55,8.03,8.45,1609941.0
2008-09-25,8.59,8.76,8.39,8.66,2902454.0
2008-09-26,8.68,8.92,8.39,8.7,2864326.0
2008-10-06,8.13,8.33,8.03,8.13,2223055.0
2008-10-07,7.87,8.09,7.77,8.03,1431558.0
2008-10-08,8.03,8.07,7.59,7.81,1581250.0
2008-10-09,7.95,7.97,7.45,7.51,1642485.0
2008-10-13,6.79,7.17,6.77,7.15,2947169.0
2008-10-14,7.33,7.41,7.03,7.13,3459435.0
2008-10-15,7.03,7.11,6.69,6.83,1498259.0
2008-10-16,6.53,6.57,6.25,6.31,2193430.0
2008-10-17,6.23,6.71,6.23,6.51,1844346.0
2008-10-20,6.53,6.77,6.27,6.69,1847266.0
2008-10-21,6.69,7.27,6.63,7.01,4644229.0
2008-10-22,6.79,7.11,6.53,6.57,3245805.0
2008-10-23,6.43,6.61,6.31,6.59,1719866.0
2008-10-24,6.67,6.67,6.39,6.53,1430962.0
2008-10-27,6.21,6.39,5.88,5.88,2102507.0
2008-10-28,5.58,6.12,5.58,6.02,2089700.0
2008-10-29,6.1,6.14,5.64,5.64,1907958.0
2008-10-30,5.72,5.96,5.62,5.74,1423714.0
2008-10-31,5.74,5.86,5.58,5.66,1240174.0
2008-11-03,5.66,5.72,5.46,5.46,993200.0
2008-11-04,5.42,5.44,5.1,5.3,1328817.0
2008-11-05,5.3,5.72,5.3,5.66,2391010.0
2008-11-06,5.5,5.6,5.34,5.44,1343506.0
2008-11-07,5.3,5.66,5.3,5.62,2111045.0
2008-11-10,5.68,6.19,5.68,6.12,4017754.0
2008-11-11,6.1,6.23,5.96,6.0,2813388.0
2008-11-12,5.92,6.33,5.92,6.27,3448240.0
2008-11-13,6.12,6.89,6.12,6.89,8708518.0
2008-11-14,7.13,7.51,6.93,7.45,9417636.0
2008-11-17,7.51,7.95,7.21,7.91,10169906.0
2008-11-18,7.89,7.99,7.13,7.13,6500875.0
2008-11-19,6.93,7.65,6.93,7.51,6110373.0
2008-11-20,7.51,7.91,7.41,7.51,7057491.0
2008-11-21,7.13,7.43,6.85,7.15,4675163.0
2008-11-24,7.25,7.29,6.69,6.73,2204396.0
2008-11-25,6.79,6.93,6.55,6.65,2316160.0
2008-11-26,6.65,6.81,6.53,6.71,1469528.0
2008-11-27,7.13,7.25,6.73,6.73,3233429.0
2008-11-28,6.65,6.81,6.43,6.61,1856290.0
2008-12-01,6.61,7.11,6.45,7.07,3736607.0
2008-12-02,6.91,7.77,6.85,7.51,8518600.0
2008-12-03,7.59,7.95,7.43,7.89,8270787.0
2008-12-04,8.03,8.15,7.63,7.69,9556497.0
2008-12-05,7.57,8.21,7.57,8.15,7242583.0
2008-12-08,8.27,8.88,8.13,8.82,12198494.0
2008-12-09,8.88,8.88,8.27,8.33,9230857.0
2008-12-10,8.15,8.57,8.05,8.53,7558857.0
2008-12-11,8.51,8.51,8.05,8.13,5740430.0
2008-12-12,8.03,8.03,7.33,7.53,6161000.0
2008-12-15,7.61,7.79,7.47,7.71,3166535.0
2008-12-16,7.67,7.89,7.39,7.83,3673920.0
2008-12-17,7.85,8.15,7.75,7.91,5435864.0
2008-12-18,7.83,8.25,7.69,8.23,6591353.0
2008-12-19,8.25,8.66,8.13,8.37,7938735.0
2008-12-22,8.37,8.92,8.33,8.74,11197076.0
2008-12-23,8.72,8.74,7.87,7.87,8683628.0
2008-12-24,7.63,7.79,7.35,7.47,5513024.0
2008-12-25,7.53,7.61,7.23,7.41,3809019.0
2008-12-26,7.43,7.67,7.35,7.55,3370735.0
2008-12-30,7.53,7.79,7.45,7.57,3433100.0
2008-12-31,7.63,7.63,7.17,7.31,3059128.0
2009-01-05,7.43,7.67,7.31,7.63,3094697.0
2009-01-06,7.57,7.93,7.47,7.93,4785054.0
2009-01-07,7.81,8.01,7.79,7.85,4123746.0
2009-01-08,7.71,7.75,7.33,7.45,3712511.0
2009-01-09,7.43,7.95,7.39,7.93,5398557.0
2009-01-12,7.89,8.74,7.89,8.45,15999720.0
2009-01-13,8.23,8.43,7.81,7.87,10803323.0
2009-01-14,7.87,8.25,7.83,8.15,5144423.0
2009-01-16,8.27,8.98,8.19,8.76,18943196.0
2009-01-19,8.64,8.82,8.43,8.82,8207790.0
2009-01-20,8.96,9.0,8.7,8.74,6338878.0
2009-01-21,8.43,8.88,8.35,8.55,5762047.0
2009-01-22,8.64,8.8,8.51,8.76,5439655.0
2009-01-23,8.66,9.46,8.51,9.38,13561040.0
2009-02-02,9.56,10.32,9.44,10.32,15001423.0
2009-02-03,10.34,10.8,10.12,10.34,15897074.0
2009-02-04,10.34,10.52,10.06,10.42,11218295.0
2009-02-05,10.42,10.72,10.06,10.24,10934419.0
2009-02-06,10.16,10.7,10.16,10.56,12498484.0
2009-02-09,10.6,11.63,10.58,11.63,19051602.0
2009-02-10,11.65,12.77,11.25,12.65,15991537.0
2009-02-11,12.47,13.6,12.25,12.77,15506524.0
2009-02-12,12.75,13.35,11.95,13.05,12473478.0
2009-02-13,13.05,14.26,12.93,14.06,14669431.0
2009-02-16,14.3,15.46,14.08,15.46,15591789.0
2009-02-17,15.46,17.01,15.46,16.01,21239456.0
2009-02-18,15.66,16.47,14.4,14.4,19170492.0
2009-02-19,13.96,14.64,13.66,14.34,13789335.0
2009-02-20,14.28,15.72,13.66,15.26,14080084.0
2009-02-23,15.06,16.07,14.86,15.74,11272965.0
2009-02-24,15.56,16.21,15.36,15.82,17699432.0
2009-02-25,15.72,16.47,15.66,16.39,16881260.0
2009-02-26,16.49,17.47,14.74,15.68,20329218.0
2009-02-27,15.04,15.36,14.12,14.12,10678360.0
2009-03-02,13.25,14.04,12.71,13.51,12818583.0
2009-03-03,12.85,13.37,12.69,12.73,9370263.0
2009-03-04,12.67,14.0,12.65,14.0,12925911.0
2009-03-05,14.32,15.22,14.32,14.84,15219223.0
2009-03-06,14.3,14.86,14.3,14.42,8388290.0
2009-03-09,14.38,14.98,13.09,13.49,8802118.0
2009-03-10,13.54,14.26,13.17,14.22,5701675.0
2009-03-11,14.58,14.76,13.66,13.66,7479600.0
2009-03-12,13.45,13.9,12.97,13.8,5494710.0
2009-03-13,13.66,13.92,13.21,13.35,5345709.0
2009-03-16,13.35,13.49,12.77,13.25,4750913.0
2009-03-17,13.39,14.16,13.39,14.14,8211736.0
2009-03-18,14.22,14.7,14.18,14.24,9008168.0
2009-03-19,14.32,14.56,13.96,14.56,9006179.0
2009-03-20,14.62,14.72,14.12,14.4,7318909.0
2009-03-23,14.44,14.92,14.26,14.78,10548181.0
2009-03-24,14.96,15.12,14.48,14.64,8730354.0
2009-03-25,14.56,14.56,14.06,14.06,8256991.0
2009-03-26,13.7,14.36,13.66,14.36,9361818.0
2009-03-27,14.42,14.56,13.86,14.0,9023714.0
2009-03-30,14.0,15.1,13.72,15.1,14508851.0
2009-03-31,14.96,16.29,14.52,15.86,25133136.0
2009-04-01,15.92,16.47,15.48,16.01,15960996.0
2009-04-02,16.01,16.57,15.66,15.78,13431538.0
2009-04-03,15.82,16.07,15.08,15.14,10230733.0
2009-04-07,15.2,15.74,14.88,15.52,7443909.0
2009-04-08,15.42,15.52,14.16,14.3,8261671.0
2009-04-09,14.36,14.54,13.94,14.48,6750362.0
2009-04-10,14.6,15.04,14.26,14.8,7015441.0
2009-04-13,14.76,15.14,14.68,14.92,7924173.0
2009-04-14,15.04,15.04,14.66,14.9,6226482.0
2009-04-15,14.88,16.07,14.54,15.78,12175473.0
2009-04-16,15.8,15.94,15.26,15.64,11462565.0
2009-04-17,15.64,16.69,15.42,16.19,20693384.0
2009-04-20,16.19,17.77,16.19,17.63,18869566.0
2009-04-21,17.43,17.67,16.29,16.55,17205724.0
2009-04-22,16.61,17.15,14.92,15.28,14359562.0
2009-04-23,14.96,15.26,14.26,15.02,8512195.0
2009-04-24,15.06,15.26,14.5,14.6,5858770.0
2009-04-27,14.62,14.84,13.6,13.8,6744615.0
2009-04-28,13.45,14.24,13.45,14.1,4044694.0
2009-04-29,14.1,14.52,13.86,14.4,4342346.0
2009-04-30,14.52,14.9,14.4,14.58,4530899.0
2009-05-04,14.6,15.04,14.56,15.04,5470432.0
2009-05-05,15.16,15.86,15.08,15.72,10586450.0
2009-05-06,15.76,17.07,15.76,16.29,15615152.0
2009-05-07,16.27,16.45,15.42,15.98,11932276.0
2009-05-08,15.86,16.27,15.42,16.07,8154395.0
2009-05-11,16.07,17.07,15.66,15.8,12737457.0
2009-05-12,15.46,16.43,15.36,16.39,7558385.0
2009-05-13,16.39,17.57,16.27,17.29,21835732.0
2009-05-14,17.07,17.45,16.69,17.07,10782605.0
2009-05-18,17.07,18.27,16.91,18.15,15576710.0
2009-05-19,18.31,18.96,17.89,18.07,15968009.0
2009-05-20,17.71,18.43,17.29,17.33,10961785.0
2009-05-21,17.25,17.41,16.09,16.55,11731294.0
2009-05-22,16.43,16.93,16.27,16.47,6129049.0
2009-05-25,16.07,16.67,15.54,16.53,6239974.0
2009-05-26,16.57,17.07,16.17,16.79,8819298.0
2009-05-27,16.73,17.03,16.39,16.51,4397175.0
2009-06-01,16.67,16.99,16.53,16.89,6091994.0
2009-06-02,16.99,17.05,16.69,17.05,6554727.0
2009-06-03,17.03,17.43,16.91,17.25,6972904.0
2009-06-04,17.27,17.99,17.09,17.85,13507067.0
2009-06-05,17.99,18.17,16.87,16.95,9727753.0
2009-06-08,16.99,17.17,16.35,16.53,6794776.0
2009-06-09,16.63,16.97,16.43,16.91,5316936.0
2009-06-10,16.91,17.37,16.81,17.11,6304355.0
2009-06-11,16.67,17.27,16.65,16.71,7552989.0
2009-06-12,16.63,16.83,15.84,16.09,5762101.0
2009-06-15,16.07,16.43,16.03,16.43,2839948.0
2009-06-16,16.39,16.51,16.07,16.27,2360065.0
2009-06-17,16.37,16.51,16.17,16.43,2649842.0
2009-06-18,16.43,16.73,16.37,16.49,3379705.0
2009-06-19,16.55,16.61,16.09,16.37,3857817.0
2009-06-22,16.47,16.59,16.03,16.17,4559280.0
2009-06-23,16.09,16.09,15.66,15.72,6610207.0
2009-06-24,15.8,16.15,15.78,16.01,3578180.0
2009-06-25,16.03,16.13,15.74,15.78,3251223.0
2009-06-26,15.82,16.01,15.76,16.01,3064832.0
2009-06-29,16.01,16.03,15.8,15.84,3008909.0
2009-06-30,15.84,15.86,15.28,15.28,5822511.0
2009-07-01,15.32,15.56,15.3,15.4,3450657.0
2009-07-02,15.28,15.84,15.28,15.84,4703524.0
2009-07-03,15.78,15.94,15.5,15.9,4091304.0
2009-07-06,15.9,16.21,15.76,15.92,4448291.0
2009-07-07,15.92,17.17,15.7,16.97,14841944.0
2009-07-08,16.73,17.45,16.61,17.23,12213328.0
2009-07-09,17.25,17.43,17.11,17.33,9350102.0
2009-07-13,17.67,19.04,17.55,18.19,17396024.0
2009-07-14,18.03,18.98,17.87,18.29,14091790.0
2009-07-15,18.17,18.64,17.93,18.27,9635444.0
2009-07-16,18.35,19.38,18.27,18.74,12851890.0
2009-07-17,18.82,19.24,18.31,18.48,6632313.0
2009-07-20,18.64,19.78,18.48,19.6,11800344.0
2009-07-21,19.6,21.49,19.4,21.03,16369727.0
2009-07-22,22.27,22.91,21.59,21.99,17686894.0
2009-07-23,21.69,23.44,21.31,23.09,16690410.0
2009-07-24,23.07,23.07,21.73,22.39,10292360.0
2009-07-27,22.29,22.79,21.85,22.29,9839093.0
2009-07-28,22.29,23.21,22.11,22.49,9604602.0
2009-07-29,22.63,23.09,20.24,20.44,11017424.0
2009-07-30,20.48,21.29,19.98,21.03,8259192.0
2009-07-31,21.09,23.13,20.78,23.13,14812063.0
2009-08-03,23.4,25.44,23.4,25.44,16174715.0
2009-08-04,26.41,27.99,25.91,27.99,15610321.0
2009-08-05,28.32,29.42,26.75,28.21,18153712.0
2009-08-06,27.51,31.05,26.83,31.05,15509287.0
2009-08-07,30.72,31.23,27.93,27.93,18620016.0
2009-08-10,27.47,29.88,26.79,28.72,17634544.0
2009-08-11,28.21,28.68,27.11,27.41,8892923.0
2009-08-12,27.51,28.19,25.46,26.07,10046828.0
2009-08-13,25.7,26.83,25.2,25.89,9003983.0
2009-08-14,26.11,27.71,25.22,26.73,16115965.0
2009-08-17,25.68,26.31,24.06,24.06,10659740.0
2009-08-18,23.92,25.85,23.09,25.44,12976957.0
2009-08-19,24.86,26.41,23.92,24.8,14237404.0
2009-08-20,24.68,26.77,23.6,26.05,12033103.0
2009-08-21,25.48,28.11,25.38,27.69,15057327.0
2009-08-24,27.41,30.32,26.97,28.9,15045658.0
2009-08-25,28.48,30.12,26.51,28.8,15516596.0
2009-08-26,28.15,29.68,27.81,28.19,10732074.0
2009-08-27,28.3,29.14,27.61,28.68,12643462.0
2009-08-28,28.64,29.12,26.61,26.61,8466548.0
2009-08-31,25.91,25.91,23.96,23.96,6346357.0
2009-09-01,22.93,24.5,22.71,23.21,5996658.0
2009-09-02,23.09,23.86,21.37,22.25,5898039.0
2009-09-03,21.91,23.76,21.91,23.56,6508547.0
2009-09-04,23.5,24.48,23.31,24.22,6557180.0
2009-09-07,24.22,25.2,23.78,24.74,8171697.0
2009-09-08,24.62,24.9,23.9,24.74,6239326.0
2009-09-09,25.34,26.41,24.94,25.74,8260850.0
2009-09-10,25.54,25.6,24.3,24.54,6106709.0
2009-09-11,24.26,24.98,24.16,24.54,6568102.0
2009-09-14,24.3,26.85,24.1,26.41,9322288.0
2009-09-15,26.43,27.63,26.27,26.89,10078585.0
2009-09-16,26.57,27.31,25.7,27.07,9706824.0
2009-09-17,27.03,27.71,26.53,27.47,8994411.0
2009-09-18,27.31,27.69,25.66,26.09,6407661.0
2009-09-21,26.01,26.01,24.28,25.5,7103156.0
2009-09-22,25.56,25.85,24.4,24.4,4957648.0
2009-09-23,24.1,24.72,23.82,24.02,3500118.0
2009-09-24,24.02,24.02,21.61,22.81,13184265.0
2009-09-28,22.47,22.81,20.97,21.31,5520473.0
2009-09-29,21.07,21.61,19.98,20.5,4310245.0
2009-09-30,20.68,21.13,20.5,20.7,5656504.0
2009-10-09,21.19,22.77,20.82,22.77,5999805.0
2009-10-12,22.99,23.17,22.15,22.17,5379725.0
2009-10-13,22.49,22.77,22.11,22.71,4587906.0
2009-10-14,23.09,24.9,23.09,23.64,9412411.0
2009-10-15,23.7,23.96,22.91,23.46,8375960.0
2009-10-16,23.5,23.6,22.69,23.29,5680055.0
2009-10-19,23.09,23.9,23.07,23.7,5766194.0
2009-10-20,23.76,24.72,23.66,24.52,12285300.0
2009-10-21,24.3,24.5,23.9,23.9,6855381.0
2009-10-22,23.6,24.9,23.52,24.7,8666440.0
2009-10-23,24.64,24.86,24.22,24.46,7691609.0
2009-10-26,24.62,24.9,24.1,24.28,5813420.0
2009-10-27,24.28,24.28,22.85,22.91,7000446.0
2009-10-28,22.89,23.09,22.11,22.69,6601180.0
2009-10-29,22.39,22.53,21.99,22.13,4366547.0
2009-10-30,22.51,23.11,22.33,22.77,5760778.0
2009-11-02,22.29,23.46,22.05,23.25,5503030.0
2009-11-03,23.35,25.56,23.19,25.5,15769824.0
2009-11-04,25.7,27.11,25.14,26.01,20812346.0
2009-11-05,25.82,26.09,25.26,25.64,9969466.0
2009-11-06,25.8,26.81,25.6,25.62,9111445.0
2009-11-09,25.97,26.29,25.16,25.91,7424906.0
2009-11-10,26.13,26.81,25.82,26.25,10037342.0
2009-11-11,26.11,26.43,25.5,26.01,7163566.0
2009-11-12,26.17,27.01,26.11,26.87,11114247.0
2009-11-13,26.87,27.31,26.33,27.31,10480615.0
2009-11-16,27.51,28.54,27.51,27.61,11975648.0
2009-11-17,27.61,28.44,27.31,28.05,9157134.0
2009-11-18,28.05,28.3,27.55,28.21,7204079.0
2009-11-19,28.21,29.22,27.81,29.14,11439186.0
2009-11-20,28.74,29.62,28.34,28.9,8749341.0
2009-11-23,28.72,29.92,28.5,29.04,10405678.0
2009-11-24,29.48,31.07,28.15,28.25,20592836.0
2009-11-25,28.6,31.09,28.44,31.09,22272854.0
2009-11-26,32.43,32.65,27.97,29.08,30795728.0
2009-11-27,27.71,28.36,26.17,26.37,16430343.0
2009-11-30,26.61,28.27,26.51,28.21,12303001.0
2009-12-01,28.05,29.78,27.71,29.1,11670931.0
2009-12-02,29.24,29.82,28.96,29.18,9875088.0
2009-12-03,29.14,30.64,28.4,30.26,12944317.0
2009-12-04,29.92,30.52,27.31,28.32,14772634.0
2009-12-07,28.21,28.82,28.09,28.64,4567868.0
2009-12-08,28.36,28.98,27.67,28.03,6651369.0
2009-12-09,27.83,28.25,27.41,27.69,4464941.0
2009-12-10,28.03,28.8,27.85,28.32,4484301.0
2009-12-11,28.32,28.64,27.85,28.01,3269814.0
2009-12-14,28.21,28.21,27.01,27.53,3195740.0
2009-12-15,27.53,28.11,27.47,27.67,2573767.0
2009-12-16,27.53,28.05,27.53,27.71,2574013.0
2009-12-17,27.75,27.99,26.61,26.71,3617328.0
2009-12-18,26.13,26.57,25.3,25.34,3351495.0
2009-12-21,25.3,25.62,24.98,25.58,2606588.0
2009-12-22,26.07,26.07,24.52,24.56,3100614.0
2009-12-23,24.5,25.22,24.3,25.04,2514762.0
2009-12-24,25.04,26.21,24.9,26.05,3694994.0
2009-12-25,26.11,26.43,25.52,26.21,3166706.0
2009-12-28,26.27,26.89,26.23,26.77,3312734.0
2009-12-29,26.79,27.15,26.27,26.87,3334054.0
2009-12-30,26.83,26.89,25.7,26.03,5222890.0
2009-12-31,26.01,26.35,25.3,26.25,5225623.0
2010-01-04,26.29,26.87,25.97,26.75,4946150.0
2010-01-05,26.75,26.79,25.97,26.73,5841664.0
2010-01-06,26.73,27.47,26.47,27.03,7974032.0
2010-01-07,26.91,27.83,26.81,27.11,9481286.0
2010-01-08,27.11,28.54,26.93,28.42,12801428.0
2010-01-11,28.4,28.5,27.77,28.01,8642769.0
2010-01-12,27.91,29.3,27.91,29.1,11326558.0
2010-01-13,28.42,30.3,28.23,29.38,17035580.0
2010-01-14,29.22,30.08,29.02,29.94,11086971.0
2010-01-15,30.12,30.68,29.52,29.62,10261742.0
2010-01-18,29.5,30.42,29.38,29.66,9034397.0
2010-01-19,29.88,30.6,29.22,30.6,14102215.0
2010-01-20,30.42,30.6,28.11,28.92,10482745.0
2010-01-21,28.52,29.08,27.81,28.34,4815959.0
2010-01-22,29.54,31.13,29.5,30.32,21232194.0
2010-01-25,30.4,31.39,29.18,29.24,13101420.0
2010-01-26,28.72,29.04,26.53,26.67,9153820.0
2010-01-27,26.51,27.47,25.72,26.47,5214299.0
2010-01-28,26.13,26.99,25.87,26.55,3975292.0
2010-01-29,26.77,27.39,26.55,26.91,4276341.0
2010-02-01,26.91,26.95,25.14,25.6,4606378.0
2010-02-02,25.76,26.15,24.7,24.96,3842625.0
2010-02-03,25.16,25.58,24.18,25.58,4086609.0
2010-02-04,25.5,26.15,25.02,25.74,3732415.0
2010-02-08,25.1,27.03,24.86,26.69,5752146.0
2010-02-09,26.59,27.01,26.29,26.93,3034729.0
2010-02-10,26.91,27.27,26.83,26.91,2289086.0
2010-02-11,26.55,27.09,26.15,26.29,2489365.0
2010-02-12,26.69,26.69,26.21,26.53,1762522.0
2010-02-22,26.57,26.65,26.31,26.39,1860843.0
2010-02-23,26.41,27.11,25.5,26.99,3661533.0
2010-02-24,26.73,27.41,26.65,27.39,3195478.0
2010-02-25,27.57,28.66,27.51,28.17,4621345.0
2010-02-26,28.54,29.1,27.97,28.13,4749931.0
2010-03-01,28.01,29.3,27.99,29.08,4960179.0
2010-03-02,29.12,29.14,28.27,28.68,3863443.0
2010-03-03,28.52,29.44,28.52,29.3,4982400.0
2010-03-04,29.34,29.82,27.71,27.81,5387152.0
2010-03-05,27.79,28.42,27.79,27.91,5033398.0
2010-03-08,28.05,28.68,27.91,28.19,2759628.0
2010-03-09,28.5,28.78,28.03,28.36,3318445.0
2010-03-10,28.36,28.38,27.57,27.71,3141369.0
2010-03-11,27.77,28.11,26.95,27.07,4112106.0
2010-03-12,27.07,27.41,26.73,26.81,2502934.0
2010-03-15,27.01,27.23,26.23,27.23,2317342.0
2010-03-16,27.25,27.47,26.53,27.41,1912249.0
2010-03-17,27.49,28.52,27.35,28.52,4021262.0
2010-03-18,28.5,28.76,28.13,28.42,3602824.0
2010-03-19,28.62,29.3,28.52,29.08,5883183.0
2010-03-22,29.3,29.5,28.96,29.3,5322500.0
2010-03-23,29.42,30.68,29.16,30.4,14330967.0
2010-03-24,30.52,30.89,29.92,30.26,11739654.0
2010-03-25,30.12,30.52,28.94,29.3,8643265.0
2010-03-26,29.28,30.32,29.02,30.1,5733228.0
2010-03-29,30.32,30.52,29.58,29.96,5618698.0
2010-03-30,30.12,31.09,30.02,30.32,6968103.0
2010-03-31,30.3,30.5,29.62,30.14,5772641.0
2010-04-01,30.02,32.05,29.92,31.47,12717097.0
2010-04-02,31.55,31.97,31.29,31.65,7277825.0
2010-04-06,31.73,31.81,31.07,31.29,6436538.0
2010-04-07,31.23,31.73,31.15,31.67,6281572.0
2010-04-08,31.59,32.63,31.53,32.05,8784553.0
2010-04-09,32.23,32.73,31.93,32.33,6077921.0
2010-04-12,32.45,32.99,32.01,32.55,6952628.0
2010-04-14,31.71,32.53,31.55,32.13,6258010.0
2010-04-15,32.35,33.68,31.93,32.03,8606120.0
2010-04-16,31.73,31.77,30.83,31.07,5401993.0
2010-04-19,30.62,31.51,29.82,29.96,7497896.0
2010-04-20,29.94,30.64,29.72,30.52,5191557.0
2010-04-21,30.66,31.27,29.97,31.15,9743986.0
2010-04-22,31.18,31.24,30.33,30.57,9301219.0
2010-04-23,30.51,30.69,28.95,30.15,12538187.0
2010-04-26,30.06,30.91,29.43,30.69,8166822.0
2010-04-27,30.72,30.72,28.47,29.52,7990925.0
2010-04-28,29.22,30.09,28.92,29.46,4481418.0
2010-04-29,30.39,31.27,29.55,29.64,10616922.0
2010-04-30,29.46,29.46,27.74,28.28,6461597.0
2010-05-04,27.65,28.74,27.41,28.32,3339531.0
2010-05-05,28.16,29.4,27.86,29.28,4851402.0
2010-05-06,29.25,29.25,27.95,27.95,4470116.0
2010-05-07,27.56,27.65,26.81,26.96,3755611.0
2010-05-10,26.96,27.71,25.54,26.63,3826572.0
2010-05-11,27.17,27.38,25.3,25.33,3917439.0
2010-05-12,25.3,25.63,24.13,24.4,3404198.0
2010-05-13,24.7,26.12,24.55,25.91,6218323.0
2010-05-14,25.6,26.66,25.24,26.06,5446201.0
2010-05-17,25.63,25.66,24.04,24.25,4604989.0
2010-05-19,24.94,25.91,24.55,25.24,6628786.0
2010-05-20,24.85,25.78,24.7,24.88,3390948.0
2010-05-21,24.25,25.42,24.25,25.27,4784704.0
2010-05-24,25.42,26.72,25.42,26.72,6018468.0
2010-05-25,26.78,26.78,25.75,26.0,5815014.0
2010-05-26,25.85,26.51,25.57,25.81,4606938.0
2010-05-27,25.75,26.21,25.21,26.15,4854380.0
2010-05-28,26.33,26.6,25.97,26.18,4773892.0
2010-05-31,26.18,26.48,25.06,25.09,4798500.0
2010-06-01,24.97,25.0,23.83,24.37,4856524.0
2010-06-02,24.34,24.79,24.01,24.76,2934588.0
2010-06-03,24.7,25.24,24.34,24.34,3488012.0
2010-06-04,24.25,24.61,24.04,24.52,3588218.0
2010-06-07,24.04,24.25,23.5,24.1,4283974.0
2010-06-08,24.04,25.18,23.98,25.03,7365795.0
2010-06-09,25.24,26.24,25.15,26.21,10300437.0
2010-06-10,26.18,26.3,25.66,25.85,5847561.0
2010-06-11,26.18,26.18,25.48,25.63,4075256.0
2010-06-17,25.78,26.48,25.78,26.24,7430784.0
2010-06-18,26.33,26.6,24.67,24.94,6483186.0
2010-06-21,24.64,25.54,24.16,25.42,3661243.0
2010-06-22,25.3,26.03,25.21,25.81,4004931.0
2010-06-23,25.6,25.75,24.91,25.27,3007123.0
2010-06-24,25.15,25.45,24.91,25.12,2451399.0
2010-06-25,25.03,25.24,24.34,24.46,3613815.0
2010-06-28,24.31,24.79,24.31,24.55,2326176.0
2010-06-29,24.43,24.67,22.89,23.01,5438383.0
2010-06-30,22.65,23.01,22.08,22.2,2522495.0
2010-07-01,22.29,23.31,22.11,22.44,3054352.0
2010-07-02,22.26,23.01,21.3,22.56,2728838.0
2010-07-05,22.11,22.8,22.11,22.2,2942816.0
2010-07-06,22.65,23.92,22.59,23.41,6431623.0
2010-07-07,23.1,23.77,23.04,23.74,4818163.0
2010-07-08,23.8,23.95,23.16,23.22,4065895.0
2010-07-09,23.19,23.86,22.74,23.77,6135760.0
2010-07-12,23.89,24.31,23.8,24.19,6024043.0
2010-07-13,24.1,24.1,23.38,23.56,4772579.0
2010-07-14,23.65,24.01,23.5,23.74,3823134.0
2010-07-15,23.44,23.92,22.71,22.71,4088100.0
2010-07-16,22.65,22.95,22.32,22.77,2723722.0
2010-07-19,22.56,23.5,22.41,23.44,3307133.0
2010-07-20,23.5,24.4,23.5,24.4,7387695.0
2010-07-21,24.25,24.58,24.07,24.25,6359366.0
2010-07-22,24.19,24.97,24.01,24.97,6902194.0
2010-07-23,24.76,25.12,24.28,24.82,6443014.0
2010-07-26,25.39,25.75,24.79,25.18,7410103.0
2010-07-27,25.0,25.0,24.52,24.67,6395142.0
2010-07-28,24.55,25.3,24.34,25.3,8665673.0
2010-07-29,25.45,25.91,24.97,25.91,10745914.0
2010-07-30,25.78,26.24,25.39,25.97,9953075.0
2010-08-02,25.91,27.08,25.75,26.93,12498823.0
2010-08-03,26.96,27.59,26.48,27.05,15154566.0
2010-08-04,26.84,29.58,26.57,28.86,20597682.0
2010-08-05,28.71,28.92,27.8,28.38,15515312.0
2010-08-06,28.19,29.31,27.95,29.1,11841491.0
2010-08-09,28.92,29.37,28.62,29.07,9642196.0
2010-08-10,29.07,29.82,28.65,28.89,17317924.0
2010-08-12,28.47,28.47,26.81,26.81,12763898.0
2010-08-13,26.81,27.53,26.24,27.23,8247716.0
2010-08-16,27.2,28.32,26.81,28.25,8868145.0
2010-08-17,28.25,28.38,27.53,27.95,7994934.0
2010-08-18,27.98,28.22,27.59,28.04,6511519.0
2010-08-19,28.01,28.13,27.56,27.68,7610137.0
2010-08-20,27.71,27.92,26.3,26.63,8339500.0
2010-08-23,26.6,27.11,26.21,26.51,4824641.0
2010-08-24,26.51,27.26,26.51,26.84,5761354.0
2010-08-25,26.78,27.47,26.57,27.2,7893527.0
2010-08-26,27.23,28.04,26.93,28.01,9444089.0
2010-08-27,28.13,28.13,27.41,27.68,5965853.0
2010-08-30,27.83,28.13,27.59,28.07,7895208.0
2010-08-31,28.47,28.83,27.86,28.16,11249541.0
2010-09-01,28.01,28.16,26.84,27.2,9529924.0
2010-09-02,27.47,27.62,26.96,27.62,8445333.0
2010-09-03,27.62,27.83,27.2,27.53,6288448.0
2010-09-06,27.68,28.16,27.5,28.01,9551634.0
2010-09-07,27.95,28.92,27.86,28.86,14925831.0
2010-09-08,28.65,28.89,28.16,28.71,8344504.0
2010-09-09,28.71,30.03,28.5,28.86,18673680.0
2010-09-10,28.95,31.57,28.95,31.0,23673092.0
2010-09-13,30.94,31.57,30.18,31.03,16470428.0
2010-09-14,31.39,31.54,30.12,30.57,10359997.0
2010-09-15,30.88,30.88,29.55,29.85,8597800.0
2010-09-16,29.85,30.12,27.53,28.22,10985458.0
2010-09-17,28.16,29.19,27.56,28.71,12502588.0
2010-09-20,28.59,28.89,27.35,27.5,7171215.0
2010-09-21,27.65,28.25,27.41,27.77,5034237.0
2010-09-27,29.37,30.54,28.68,28.8,9110639.0
2010-09-28,28.8,29.61,28.44,29.13,8723298.0
2010-09-29,28.83,28.92,27.71,27.86,8024591.0
2010-09-30,27.71,28.38,27.41,28.32,3826668.0
2010-10-08,28.38,29.04,28.16,28.98,7005937.0
2010-10-11,29.01,30.3,29.01,29.79,12232686.0
2010-10-12,29.85,31.63,29.37,31.21,18015522.0
2010-10-13,31.15,32.11,30.6,30.88,16445214.0
2010-10-14,30.82,31.12,29.43,29.79,13012837.0
2010-10-15,29.82,31.27,29.82,30.66,12985787.0
2010-10-18,30.88,30.88,28.53,29.07,10557478.0
2010-10-19,29.07,29.88,28.98,29.79,6466263.0
2010-10-20,28.92,30.09,28.65,29.43,8465761.0
2010-10-21,29.43,31.18,29.43,31.12,15682957.0
2010-10-22,31.03,31.87,30.66,31.6,16174637.0
2010-10-25,32.23,34.67,32.23,33.98,25852056.0
2010-10-26,34.34,34.34,33.16,34.22,16695787.0
2010-10-27,33.8,36.15,33.47,34.25,17978228.0
2010-10-28,34.22,35.12,33.89,34.49,10490587.0
2010-10-29,33.74,33.74,32.53,33.13,17511404.0
2010-11-01,33.07,33.74,32.56,33.53,13972291.0
2010-11-02,33.59,33.59,31.93,32.23,17050356.0
2010-11-03,32.05,32.83,31.87,32.23,9823213.0
2010-11-04,32.56,33.74,32.23,33.32,13951649.0
2010-11-05,33.44,34.79,32.98,34.67,16292908.0
2010-11-08,35.18,36.99,34.94,36.27,28359540.0
2010-11-09,36.36,37.77,36.36,37.35,24345532.0
2010-11-10,37.35,37.83,36.18,37.5,13751458.0
2010-11-11,36.87,37.5,35.57,35.88,13121520.0
2010-11-12,35.48,36.57,33.13,33.44,14469137.0
2010-11-15,33.44,34.55,32.44,34.04,9313400.0
2010-11-16,33.44,34.94,32.59,33.07,9942058.0
2010-11-17,32.59,33.47,30.45,30.82,7915574.0
2010-11-18,31.48,31.63,29.1,30.3,8736264.0
2010-11-19,30.48,31.09,29.64,30.91,9876524.0
2010-11-22,30.48,32.29,30.48,31.99,10291434.0
2010-11-23,32.14,32.14,30.12,31.06,6496277.0
2010-11-24,30.54,31.87,30.45,31.75,6363016.0
2010-11-25,31.93,32.71,31.66,32.44,8641707.0
2010-11-26,32.23,33.26,32.17,32.41,7322238.0
2010-11-29,32.08,35.09,31.96,34.67,18285744.0
2010-11-30,35.03,35.24,32.56,34.76,24112964.0
2010-12-01,35.27,35.79,33.8,34.04,23728356.0
2010-12-02,34.46,34.88,32.83,33.1,15861574.0
2010-12-03,32.86,33.59,31.66,32.08,8663904.0
2010-12-06,32.11,32.53,31.63,32.29,5303516.0
2010-12-07,32.38,32.74,31.87,32.53,4580522.0
2010-12-08,32.44,32.71,31.69,31.81,6522648.0
2010-12-09,31.57,31.57,29.94,30.03,9659809.0
2010-12-13,30.42,31.21,30.42,31.15,4937639.0
2010-12-14,31.33,32.05,30.66,31.99,8419174.0
2010-12-15,31.93,31.99,31.03,31.39,5830498.0
2010-12-16,31.15,31.57,31.03,31.27,3951651.0
2010-12-17,31.27,31.9,30.91,31.39,5313862.0
2010-12-20,31.54,31.93,30.15,30.82,6228375.0
2010-12-21,30.82,31.18,30.45,30.97,5979282.0
2010-12-22,30.85,31.21,30.39,30.57,4182864.0
2010-12-23,30.39,30.57,29.46,29.49,6064917.0
2010-12-24,29.1,29.88,28.1,28.38,5209351.0
2010-12-27,28.5,28.92,27.23,27.35,4549292.0
2010-12-28,27.14,27.35,25.91,26.81,4372860.0
2010-12-29,26.78,27.35,26.54,27.35,2978301.0
2010-12-30,27.59,27.59,26.63,26.81,3774706.0
2010-12-31,26.87,27.68,26.84,27.65,2919956.0
2011-01-04,27.71,28.01,27.26,27.92,4578271.0
2011-01-05,28.62,28.86,27.89,28.01,4905095.0
2011-01-06,27.86,28.62,27.74,28.38,3669168.0
2011-01-07,28.38,28.44,27.74,27.89,3075414.0
2011-01-10,27.89,27.89,26.63,26.66,3352029.0
2011-01-11,26.51,27.14,26.42,26.84,2005262.0
2011-01-12,26.84,27.56,26.84,27.44,2057909.0
2011-01-13,27.44,27.5,26.81,26.93,1825412.0
2011-01-14,26.93,27.02,26.21,26.24,1863869.0
2011-01-17,26.21,26.21,24.46,24.7,2452100.0
2011-01-18,24.73,25.54,24.7,25.39,1860915.0
2011-01-19,25.3,26.12,25.03,26.09,1935732.0
2011-01-20,25.78,25.94,24.76,24.85,1652411.0
2011-01-21,24.91,25.42,24.76,25.36,1623725.0
2011-01-24,25.36,25.66,24.91,24.97,1356043.0
2011-01-25,24.94,25.36,24.7,24.85,908242.0
2011-01-26,25.24,25.42,24.73,25.39,1202483.0
2011-01-27,25.3,25.85,25.06,25.75,2148575.0
2011-01-28,25.6,26.03,25.54,25.94,1466921.0
2011-01-31,25.72,26.06,25.6,25.75,2080502.0
2011-02-01,25.91,26.03,25.6,25.63,2023467.0
2011-02-09,25.57,25.81,25.3,25.45,1336211.0
2011-02-10,25.36,26.24,25.3,26.24,2561600.0
2011-02-11,26.24,26.84,25.94,26.69,3447490.0
2011-02-14,26.69,27.26,26.54,26.99,3410636.0
2011-02-15,27.08,27.35,26.66,26.69,4281846.0
2011-02-17,27.2,27.89,27.2,27.53,4921234.0
2011-02-18,27.26,27.68,27.08,27.11,3089176.0
2011-02-21,27.08,27.65,26.87,27.53,3186564.0
2011-02-22,27.68,27.71,26.84,26.9,3332420.0
2011-02-23,26.81,27.05,26.6,26.93,2341003.0
2011-02-24,26.81,27.5,26.81,27.38,3242853.0
2011-02-25,27.56,27.77,26.96,27.59,3771407.0
2011-02-28,27.56,28.19,27.41,27.95,4207372.0
2011-03-01,27.95,28.25,27.65,27.74,4331842.0
2011-03-02,27.65,27.71,26.99,27.29,3967794.0
2011-03-03,27.29,27.56,26.99,27.02,3180928.0
2011-03-04,26.99,27.26,26.81,27.23,3123524.0
2011-03-07,27.14,28.07,27.14,27.89,6106274.0
2011-03-08,28.01,28.56,27.47,28.32,6995575.0
2011-03-09,28.38,28.65,27.83,28.47,6829363.0
2011-03-10,28.44,28.44,27.86,27.92,3764168.0
2011-03-11,27.83,28.86,27.77,28.53,7423384.0
2011-03-14,28.62,29.67,28.62,29.43,9820497.0
2011-03-15,29.43,29.46,27.92,28.56,6233227.0
2011-03-16,28.59,29.73,28.5,29.46,6399351.0
2011-03-17,29.16,29.61,28.74,29.01,5825964.0
2011-03-18,29.28,30.06,28.95,30.03,7008815.0
2011-03-21,29.82,30.06,29.37,29.61,5289429.0
2011-03-22,29.76,29.97,28.56,28.77,4238805.0
2011-03-23,28.77,29.01,28.5,28.77,3877923.0
2011-03-24,28.86,29.85,28.8,29.34,5423784.0
2011-03-25,29.1,29.46,28.86,29.31,5445414.0
2011-03-28,29.22,29.28,28.77,28.86,6160034.0
2011-03-29,28.77,28.77,27.5,27.65,7037354.0
2011-03-30,27.56,27.86,26.96,26.96,5114818.0
2011-03-31,27.26,27.29,26.42,26.63,3718185.0
2011-04-01,26.36,26.96,26.36,26.93,2314579.0
2011-04-06,26.9,27.23,26.69,27.08,2438410.0
2011-04-07,27.11,27.47,27.05,27.23,2332729.0
2011-04-08,27.23,27.56,26.99,27.44,2454654.0
2011-04-11,27.62,27.62,26.63,26.75,4153092.0
2011-04-12,26.78,26.87,26.54,26.66,2790113.0
2011-04-13,26.51,27.05,26.21,27.02,2536549.0
2011-04-14,27.02,27.14,26.78,26.93,2289799.0
2011-04-15,26.81,26.87,26.45,26.87,2353926.0
2011-04-18,26.57,27.5,26.57,27.29,3539273.0
2011-04-19,27.26,27.65,26.63,27.44,4099864.0
2011-04-20,27.44,28.1,27.26,27.62,4470625.0
2011-04-22,27.29,27.29,26.6,26.78,4589245.0
2011-04-25,26.78,26.9,25.06,25.45,3666294.0
2011-04-26,25.45,25.66,25.03,25.24,2055733.0
2011-04-27,25.51,25.51,24.82,24.97,1909484.0
2011-04-28,24.91,25.27,24.55,24.64,2029390.0
2011-04-29,24.64,24.97,24.55,24.94,1351045.0
2011-05-03,25.24,25.81,24.97,25.63,1962139.0
2011-05-04,25.63,25.63,24.88,24.94,1866638.0
2011-05-05,24.7,25.06,24.7,25.0,1017699.0
2011-05-06,25.0,25.6,24.49,25.33,2732277.0
2011-05-09,25.21,25.39,25.03,25.27,1895202.0
2011-05-10,25.27,25.36,25.03,25.33,1453842.0
2011-05-11,25.45,25.57,25.18,25.33,1631603.0
2011-05-12,25.21,25.24,24.67,24.67,1730979.0
2011-05-13,24.67,24.91,24.46,24.88,1599941.0
2011-05-16,24.76,25.48,24.76,25.12,1957394.0
2011-05-17,25.12,25.15,24.64,25.0,1389139.0
2011-05-18,24.76,25.06,24.73,24.94,1719296.0
2011-05-19,24.97,25.21,24.88,24.94,1503072.0
2011-05-20,24.82,26.36,24.64,25.85,6473845.0
2011-05-23,25.45,25.69,24.7,24.7,3406080.0
2011-05-24,24.46,24.64,23.5,24.1,2948524.0
2011-05-25,24.13,24.16,23.25,23.28,1817414.0
2011-05-26,23.28,23.86,23.28,23.34,1424506.0
2011-05-27,23.34,23.59,22.62,22.62,1396841.0
2011-05-30,22.5,22.74,22.2,22.2,1247741.0
2011-05-31,22.05,22.74,22.05,22.68,1230502.0
2011-06-01,22.68,22.89,22.47,22.74,1129851.0
2011-06-02,22.53,22.53,21.69,22.08,1551150.0
2011-06-03,22.11,22.5,21.99,22.29,1188130.0
2011-06-07,22.29,22.53,22.23,22.47,1000169.0
2011-06-08,22.56,22.74,22.38,22.65,1228306.0
2011-06-09,22.65,22.74,21.96,21.96,1260000.0
2011-06-10,22.02,22.23,21.51,22.14,1118357.0
2011-06-13,21.87,22.29,21.54,22.17,2048552.0
2011-06-14,22.17,22.83,21.99,22.74,7081525.0
2011-06-15,22.38,22.44,21.99,22.05,4124973.0
2011-06-16,21.69,21.75,21.09,21.21,2607109.0
2011-06-17,21.09,21.3,20.42,20.42,2267857.0
2011-06-20,20.42,20.51,19.61,19.67,2068823.0
2011-06-21,19.64,20.0,19.64,19.97,1405706.0
2011-06-22,20.03,20.12,19.76,19.88,982224.0
2011-06-23,19.94,20.39,19.64,20.24,2027987.0
2011-06-24,20.24,21.03,20.09,20.84,3345030.0
2011-06-27,20.87,21.39,20.87,20.97,4008972.0
2011-06-28,21.09,21.45,20.97,21.0,3205813.0
2011-06-29,21.0,21.18,20.48,20.48,2864238.0
2011-06-30,20.51,21.09,20.51,21.03,2829509.0
2011-07-01,21.03,21.15,20.81,20.87,2656428.0
2011-07-04,21.06,21.48,21.0,21.45,3453549.0
2011-07-05,21.45,21.99,21.3,21.75,11834435.0
2011-07-06,21.69,21.69,21.33,21.6,4400491.0
2011-07-07,21.51,22.17,21.48,21.81,6269231.0
2011-07-08,21.63,21.96,21.42,21.6,3357642.0
2011-07-11,21.54,21.69,21.36,21.63,3485285.0
2011-07-12,21.45,21.51,21.12,21.15,3712968.0
2011-07-13,21.15,21.54,21.09,21.51,2654108.0
2011-07-14,21.45,22.23,21.39,22.14,6402491.0
2011-07-15,21.6,22.17,21.51,22.05,6837646.0
2011-07-18,22.02,23.28,21.9,23.07,12085656.0
2011-07-19,22.62,23.16,22.5,22.74,5643540.0
2011-07-20,22.74,23.74,22.74,23.13,7900616.0
2011-07-21,23.16,24.07,23.16,23.71,8697095.0
2011-07-22,23.8,24.1,22.89,22.95,6324434.0
2011-07-25,22.86,23.13,22.2,22.35,4648321.0
2011-07-26,22.29,22.8,22.02,22.8,2891593.0
2011-07-27,22.5,24.4,22.5,23.95,8418348.0
2011-07-28,23.92,24.79,23.5,24.67,11026151.0
2011-07-29,24.67,25.0,22.89,23.13,10647453.0
2011-08-01,22.95,24.67,22.95,23.95,6316097.0
2011-08-02,23.83,23.86,22.89,23.44,5097311.0
2011-08-03,23.04,23.5,22.59,22.89,5176400.0
2011-08-04,22.89,23.19,22.14,22.29,5203489.0
2011-08-08,21.39,21.39,20.06,20.06,10090422.0
2011-08-09,19.4,19.64,18.04,19.52,7283964.0
2011-08-10,19.73,20.09,19.67,19.73,4431309.0
2011-08-11,19.1,20.24,18.83,19.97,3942895.0
2011-08-12,20.18,20.39,19.91,20.18,3051212.0
2011-08-15,20.3,22.2,20.3,22.05,9456561.0
2011-08-16,22.23,22.23,21.09,21.33,6356581.0
2011-08-17,21.3,22.11,21.18,21.6,4022394.0
2011-08-18,21.54,21.54,20.63,20.78,2797869.0
2011-08-19,20.27,20.72,20.18,20.69,2015856.0
2011-08-22,20.72,21.39,20.57,20.87,2042841.0
2011-08-23,20.63,21.42,20.63,21.27,1491952.0
2011-08-24,21.45,21.69,20.78,20.9,2116449.0
2011-08-25,20.97,21.54,20.9,21.45,2198975.0
2011-08-26,21.39,21.69,21.18,21.63,2707109.0
2011-08-29,21.54,23.07,21.36,22.08,8486766.0
2011-08-30,21.93,22.89,21.84,21.9,5180203.0
2011-08-31,21.72,22.23,21.39,21.54,2142220.0
2011-09-01,21.51,21.9,20.97,21.3,2469051.0
2011-09-02,21.03,21.3,20.15,20.72,4259922.0
2011-09-05,20.48,20.63,20.21,20.39,1171484.0
2011-09-06,20.39,20.63,20.18,20.42,969342.0
2011-09-07,20.72,21.42,20.24,21.27,3480309.0
2011-09-08,21.21,21.39,20.54,20.63,2780171.0
2011-09-09,20.54,20.84,19.73,19.91,3578453.0
2011-09-13,19.61,19.61,18.98,19.31,2081771.0
2011-09-14,19.52,19.88,19.13,19.76,2684333.0
2011-09-15,19.82,20.69,19.73,20.21,3168889.0
2011-09-16,20.21,20.45,20.06,20.06,979743.0
2011-09-19,20.18,20.18,19.73,19.79,1042898.0
2011-09-20,19.64,20.15,19.64,19.82,675637.0
2011-09-21,20.0,20.42,19.76,20.33,1338202.0
2011-09-22,20.27,21.12,20.09,20.48,4472731.0
2011-09-23,20.21,20.72,19.91,20.6,2507607.0
2011-09-26,20.51,20.94,20.3,20.6,2308584.0
2011-09-27,20.78,21.03,20.51,20.6,1816047.0
2011-09-28,20.78,20.87,19.94,20.09,1286158.0
2011-09-29,19.88,20.57,18.68,19.07,4332952.0
2011-09-30,19.31,20.27,19.13,19.49,2400072.0
2011-10-10,19.49,20.63,19.31,19.73,2398085.0
2011-10-11,20.09,20.33,19.43,19.58,1709395.0
2011-10-12,19.58,20.18,19.22,20.09,2336315.0
2011-10-13,19.94,20.66,19.94,20.57,2345085.0
2011-10-14,20.48,20.48,20.03,20.18,1332706.0
2011-10-17,20.33,20.33,19.19,19.31,3439121.0
2011-10-18,19.04,19.34,18.86,18.86,1698363.0
2011-10-19,18.86,19.13,18.22,18.47,2708330.0
2011-10-20,18.22,18.47,16.63,17.11,5137017.0
2011-10-21,16.87,17.08,16.21,16.45,2345889.0
2011-10-24,16.45,17.17,15.96,16.75,3165482.0
2011-10-25,16.57,17.05,16.3,16.96,3352752.0
2011-10-26,16.87,17.17,16.66,16.9,3896279.0
2011-10-27,16.75,17.02,16.6,17.02,3705369.0
2011-10-28,17.32,17.47,16.96,17.32,4612081.0
2011-10-31,17.35,17.35,17.02,17.17,2139473.0
2011-11-01,17.14,17.26,16.9,17.14,2366991.0
2011-11-02,16.81,17.23,16.45,16.93,8344197.0
2011-11-03,17.05,17.83,16.93,17.5,8868219.0
2011-11-04,17.47,18.04,17.41,17.71,6157662.0
2011-11-07,17.77,18.01,17.41,17.5,3503535.0
2011-11-08,17.5,17.62,17.14,17.17,2736700.0
2011-11-09,17.08,17.44,16.87,17.38,2652773.0
2011-11-10,17.14,17.17,16.78,16.9,3121563.0
2011-11-11,16.93,17.32,16.57,16.99,3324813.0
2011-11-14,17.02,17.41,17.02,17.35,4106729.0
2011-11-15,17.26,17.71,17.17,17.5,4084340.0
2011-11-16,17.53,17.71,16.57,16.6,4397888.0
2011-11-17,16.78,17.08,16.63,16.96,2730254.0
2011-11-18,16.69,16.96,16.0,16.15,3960086.0
2011-11-21,16.15,16.87,15.93,16.66,5667486.0
2011-11-22,16.3,16.42,16.0,16.33,2966388.0
2011-11-23,16.27,16.45,16.12,16.15,1688898.0
2011-11-24,15.96,16.15,15.69,15.87,2610362.0
2011-11-25,15.9,16.09,15.72,15.81,1483982.0
2011-11-28,15.69,15.93,15.69,15.69,1061909.0
2011-11-29,15.87,16.0,15.72,15.96,1359710.0
2011-11-30,15.9,16.09,15.12,15.12,2571611.0
2011-12-01,15.51,15.69,15.21,15.51,3338934.0
2011-12-02,15.51,15.51,15.0,15.15,1566059.0
2011-12-05,15.12,15.15,14.16,14.37,1903499.0
2011-12-06,14.37,14.49,14.04,14.13,1819467.0
2011-12-07,14.13,14.28,14.04,14.19,1204024.0
2011-12-08,14.1,14.28,13.86,14.19,1627234.0
2011-12-12,14.01,14.1,13.77,13.8,1306333.0
2011-12-13,13.74,13.74,12.53,12.71,3331409.0
2011-12-14,12.71,12.83,12.17,12.2,1916848.0
2011-12-15,12.23,12.23,11.36,11.72,3062319.0
2011-12-16,11.72,12.05,11.51,12.02,2246565.0
2011-12-19,11.93,12.02,11.54,11.9,2032863.0
2011-12-20,11.99,12.35,11.87,12.14,2353515.0
2011-12-21,12.14,12.41,11.6,11.66,1755175.0
2011-12-22,11.6,11.75,11.09,11.6,1658726.0
2011-12-23,11.57,12.29,11.48,12.05,2597857.0
2011-12-26,11.78,12.23,11.78,12.08,1483701.0
2011-12-27,11.9,11.93,11.09,11.15,3973606.0
2011-12-28,10.84,10.87,10.27,10.81,3648393.0
2011-12-29,10.75,10.75,10.42,10.54,3779300.0
2011-12-30,10.51,10.75,10.51,10.63,1981601.0
2012-01-04,10.69,10.81,10.09,10.18,2341854.0
2012-01-05,10.18,10.27,9.7,9.73,2106063.0
2012-01-06,9.7,9.79,8.77,9.1,15646195.0
2012-01-09,8.98,9.67,8.8,9.61,9827013.0
2012-01-10,9.49,10.57,9.49,10.57,12658485.0
2012-01-11,10.99,11.18,10.57,10.78,17645668.0
2012-01-12,10.63,11.87,10.57,11.12,15683813.0
2012-01-13,10.99,11.21,10.24,10.54,8812735.0
2012-01-16,10.33,11.6,10.3,11.33,16932574.0
2012-01-17,11.18,12.08,10.9,12.02,15758873.0
2012-01-18,12.05,12.08,11.51,11.63,10527504.0
2012-01-19,11.63,11.78,11.18,11.48,7610911.0
2012-01-20,11.36,11.54,11.05,11.42,6714533.0
2012-01-30,11.42,11.63,11.21,11.27,4821278.0
2012-01-31,11.27,11.39,10.96,11.24,3485044.0
2012-02-01,11.15,11.36,10.93,11.09,3021289.0
2012-02-02,10.99,11.63,10.99,11.57,5763359.0
2012-02-03,11.6,12.71,11.45,12.71,17200442.0
2012-02-06,13.04,13.1,12.41,12.65,12345781.0
2012-02-07,12.56,12.62,12.29,12.41,7076504.0
2012-02-08,12.47,13.19,12.29,12.98,9715535.0
2012-02-09,12.92,13.34,12.74,12.92,7586978.0
2012-02-10,12.77,13.04,12.68,12.89,5988922.0
2012-02-13,12.74,13.4,12.65,13.28,7298541.0
2012-02-14,13.22,13.74,13.04,13.28,7089362.0
2012-02-15,13.1,13.68,13.07,13.56,6231488.0
2012-02-16,13.4,13.68,13.25,13.37,4866593.0
2012-02-17,13.43,13.43,12.83,13.04,6401614.0
2012-02-20,13.19,13.31,13.01,13.04,6490317.0
2012-02-21,13.01,13.16,12.68,13.1,5633263.0
2012-02-22,13.01,13.37,12.95,13.28,6576518.0
2012-02-23,13.28,13.68,13.25,13.4,8645422.0
2012-02-24,13.4,13.52,13.19,13.49,6468194.0
2012-02-27,13.46,14.01,13.37,13.65,10229062.0
2012-02-28,13.56,13.59,13.07,13.28,6750666.0
2012-02-29,13.16,13.49,12.95,12.98,5053720.0
2012-03-01,12.89,13.19,12.8,13.07,3824104.0
2012-03-02,13.04,13.37,13.04,13.25,5203609.0
2012-03-05,13.31,13.4,13.16,13.16,5363788.0
2012-03-06,13.52,14.49,13.52,14.49,27611140.0
2012-03-07,14.82,15.93,14.61,15.93,43033316.0
2012-03-08,15.93,16.36,15.45,16.03,29646682.0
2012-03-09,15.93,16.03,15.66,15.93,18088172.0
2012-03-12,15.96,16.12,15.69,15.93,14828410.0
2012-03-13,15.96,15.96,15.48,15.72,14915018.0
2012-03-14,15.75,15.9,14.16,14.67,22944452.0
2012-03-15,14.55,14.91,14.04,14.61,16540441.0
2012-03-16,14.49,15.03,14.25,15.0,13477521.0
2012-03-19,15.0,15.03,14.49,14.94,10662693.0
2012-03-20,14.76,14.79,14.16,14.19,9896148.0
2012-03-21,14.19,14.58,14.01,14.49,7297024.0
2012-03-22,14.52,14.58,14.1,14.28,5763566.0
2012-03-23,14.19,14.22,13.43,13.49,7077031.0
2012-03-26,13.43,13.8,13.28,13.65,3776708.0
2012-03-27,13.74,13.8,13.4,13.49,4120220.0
2012-03-28,13.56,13.56,12.56,12.56,5279917.0
2012-03-29,12.5,12.53,12.08,12.2,4572415.0
2012-03-30,12.2,12.35,11.45,11.84,5092087.0
2012-04-05,11.9,12.29,11.69,12.23,4292927.0
2012-04-06,12.17,12.53,12.08,12.38,4177438.0
2012-04-09,12.32,12.8,12.29,12.47,4967569.0
2012-04-10,12.38,12.65,11.81,12.65,4754073.0
2012-04-11,12.5,12.95,12.35,12.83,5379357.0
2012-04-12,12.92,13.1,12.62,13.04,6646494.0
2012-04-16,12.98,13.16,12.8,13.1,4887104.0
2012-04-17,13.1,14.43,12.98,14.43,23111468.0
2012-04-18,14.43,14.52,13.86,14.46,14554857.0
2012-04-19,14.25,14.55,14.07,14.22,8618815.0
2012-04-20,14.16,14.46,13.86,14.46,9243374.0
2012-04-23,14.4,15.06,14.07,14.07,11502592.0
2012-04-24,12.89,13.86,12.89,13.43,10016768.0
2012-04-25,13.46,13.74,13.07,13.56,6611132.0
2012-04-26,13.52,13.71,13.34,13.4,4541405.0
2012-04-27,13.43,13.43,12.95,13.07,3959919.0
2012-05-02,13.19,13.37,13.04,13.19,4118445.0
2012-05-03,13.19,13.31,13.04,13.19,3207862.0
2012-05-04,13.22,14.52,13.1,14.52,10991600.0
2012-05-07,14.88,15.66,14.85,15.27,29808386.0
2012-05-08,15.03,15.24,14.67,14.91,16597970.0
2012-05-09,14.76,14.85,14.46,14.76,10262106.0
2012-05-10,14.73,15.48,14.61,14.76,13000688.0
2012-05-11,14.76,14.88,14.31,14.82,9294918.0
2012-05-14,14.91,15.21,14.67,14.79,10227104.0
2012-05-15,14.61,15.06,14.13,15.03,9695196.0
2012-05-16,15.0,15.33,14.64,14.73,10032792.0
2012-05-17,14.67,15.45,14.49,15.36,16342418.0
2012-05-18,15.15,15.96,14.88,14.94,20715032.0
2012-05-21,14.79,14.94,14.37,14.64,8824408.0
2012-05-22,14.64,14.88,14.46,14.7,5502393.0
2012-05-23,14.79,16.18,14.76,15.66,24951772.0
2012-05-24,15.42,15.69,15.27,15.45,11972000.0
2012-05-25,15.36,15.6,14.7,14.73,12412619.0
2012-05-28,14.67,14.7,13.86,14.52,8100747.0
2012-05-29,14.7,15.36,14.49,15.21,11034416.0
2012-05-30,15.24,15.72,15.06,15.36,11159470.0
2012-05-31,15.15,16.57,15.15,15.96,25878636.0
2012-06-01,15.84,16.18,15.69,15.93,11180776.0
2012-06-04,15.66,16.15,15.39,15.48,10527295.0
2012-06-05,15.51,15.66,14.82,15.15,7835294.0
2012-06-06,15.24,15.63,15.15,15.63,6125041.0
2012-06-07,15.84,16.27,15.57,15.63,9802123.0
2012-06-08,15.81,15.93,15.12,15.24,5869261.0
2012-06-11,15.06,15.51,14.82,15.48,6249293.0
2012-06-12,15.3,15.75,15.18,15.48,4636733.0
2012-06-13,15.48,15.84,15.3,15.75,6284921.0
2012-06-14,15.72,15.72,15.24,15.33,5202213.0
2012-06-15,15.33,15.54,15.12,15.33,3957437.0
2012-06-18,15.48,15.81,15.3,15.33,6035384.0
2012-06-19,15.12,15.3,14.61,14.7,10208394.0
2012-06-20,14.7,14.88,14.43,14.79,3824398.0
2012-06-21,14.76,14.76,14.34,14.4,2667769.0
2012-06-25,14.4,14.52,13.65,13.68,4157204.0
2012-06-26,13.68,13.74,13.07,13.56,3606585.0
2012-06-27,13.59,13.95,13.28,13.31,4097502.0
2012-06-28,13.56,13.56,13.13,13.16,2578062.0
2012-06-29,13.04,13.16,12.41,12.86,6083526.0
2012-07-02,13.16,13.28,12.86,13.22,3856658.0
2012-07-03,13.22,13.49,13.13,13.37,3361097.0
2012-07-04,13.4,13.49,13.1,13.16,2545040.0
2012-07-05,13.13,13.13,12.56,12.77,2934552.0
2012-07-06,12.77,13.04,12.41,12.92,3406149.0
2012-07-09,12.8,12.92,12.17,12.2,4787150.0
2012-07-10,12.17,12.29,12.02,12.14,2894171.0
2012-07-11,12.14,12.26,11.9,12.23,1922437.0
2012-07-12,12.17,12.38,11.87,12.29,2747249.0
2012-07-13,12.29,12.47,12.17,12.29,2235536.0
2012-07-16,12.05,12.2,11.39,11.45,3773476.0
2012-07-17,11.33,11.69,11.15,11.6,1709371.0
2012-07-18,11.63,11.75,11.33,11.75,1802507.0
2012-07-19,11.69,12.2,11.66,12.02,3471987.0
2012-07-20,11.9,12.11,11.87,11.96,1848155.0
2012-07-23,11.9,11.96,11.78,11.84,1399472.0
2012-07-24,11.87,12.02,11.75,11.96,1925471.0
2012-07-25,11.93,12.17,11.84,11.93,1699567.0
2012-07-26,11.96,12.05,11.75,11.75,1993678.0
2012-07-27,11.84,11.87,11.27,11.36,2800762.0
2012-07-30,11.3,11.51,10.39,10.66,3752758.0
2012-07-31,10.66,10.75,9.94,10.33,1985206.0
2012-08-01,10.21,10.63,10.21,10.57,1652943.0
2012-08-02,10.6,10.63,10.12,10.18,1742605.0
2012-08-03,10.24,11.21,10.24,10.93,8929238.0
2012-08-06,10.81,11.02,10.39,10.96,6259749.0
2012-08-07,10.93,11.6,10.78,11.45,7524013.0
2012-08-08,11.33,12.02,11.09,11.81,7222543.0
2012-08-09,11.81,11.81,11.42,11.75,5166956.0
2012-08-10,11.69,12.17,11.51,11.93,6742548.0
2012-08-13,11.78,11.9,11.24,11.27,4755569.0
2012-08-14,11.24,11.42,10.81,11.36,4113186.0
2012-08-15,11.36,11.51,11.09,11.27,2193893.0
2012-08-16,11.24,11.45,11.12,11.27,2202278.0
2012-08-17,11.21,11.81,11.21,11.39,4097857.0
2012-08-20,11.33,11.51,11.05,11.51,2603900.0
2012-08-21,11.51,11.78,11.42,11.66,4252797.0
2012-08-22,11.63,11.75,11.36,11.45,2110471.0
2012-08-23,11.39,11.6,11.15,11.45,2774867.0
2012-08-24,11.33,11.45,10.99,11.09,4104663.0
2012-08-27,11.09,11.24,10.84,10.99,2171476.0
2012-08-28,10.87,11.24,10.87,11.12,1816325.0
2012-08-29,11.12,11.21,10.93,10.96,1057992.0
2012-08-30,10.96,11.05,10.63,10.87,1755016.0
2012-08-31,10.87,11.05,10.66,10.99,1721550.0
2012-09-03,10.99,12.11,10.9,11.72,10393247.0
2012-09-04,11.6,11.6,11.33,11.57,5643566.0
2012-09-05,11.54,11.54,11.27,11.33,2602428.0
2012-09-06,11.33,11.63,11.27,11.54,2788126.0
2012-09-07,11.66,12.02,11.57,11.93,6026670.0
2012-09-10,11.93,12.05,11.75,11.87,4788954.0
2012-09-11,11.96,11.96,11.69,11.81,2692078.0
2012-09-12,11.81,11.96,11.69,11.87,2869591.0
2012-09-13,11.87,11.9,11.69,11.69,2615483.0
2012-09-14,11.75,11.78,11.48,11.69,2379286.0
2012-09-17,11.69,11.69,11.24,11.3,2294732.0
2012-09-18,11.33,11.33,11.12,11.21,1335429.0
2012-09-19,11.18,11.36,11.18,11.33,968173.0
2012-09-20,11.33,11.33,10.78,10.84,1894882.0
2012-09-21,10.84,10.93,10.54,10.66,1510135.0
2012-09-24,10.57,10.78,10.33,10.63,1196480.0
2012-09-25,10.69,10.75,10.48,10.57,996425.0
2012-09-26,10.54,10.63,10.18,10.21,1259626.0
2012-09-27,10.18,10.6,10.06,10.48,1723852.0
2012-09-28,10.51,10.69,10.45,10.66,1434432.0
2012-10-08,10.75,11.72,10.75,11.72,15600575.0
2012-10-09,11.75,12.05,11.42,11.93,16037176.0
2012-10-10,11.78,11.81,11.48,11.69,8602979.0
2012-10-11,11.6,11.78,11.42,11.51,6379459.0
2012-10-12,11.54,12.29,11.48,11.72,10504151.0
2012-10-15,11.72,11.96,11.45,11.6,4718606.0
2012-10-16,11.48,11.6,11.33,11.39,3831442.0
2012-10-17,11.39,11.48,11.12,11.48,3081144.0
2012-10-18,11.42,11.69,11.42,11.69,4015472.0
2012-10-19,11.69,11.84,11.45,11.45,2917360.0
2012-10-22,11.33,11.54,11.33,11.51,2428199.0
2012-10-23,11.57,11.57,11.36,11.39,2383400.0
2012-10-24,11.21,11.45,11.18,11.39,2521437.0
2012-10-25,11.33,11.63,11.33,11.51,3565013.0
2012-10-26,11.6,12.65,11.6,12.11,19640590.0
2012-10-29,11.84,11.96,11.15,11.45,8078468.0
2012-10-30,11.27,11.48,10.93,11.09,5621331.0
2012-10-31,11.27,11.33,11.05,11.27,2676036.0
2012-11-01,11.27,11.72,11.27,11.57,4789744.0
2012-11-02,11.54,11.81,11.42,11.75,5221371.0
2012-11-05,11.75,11.96,11.54,11.78,3306567.0
2012-11-06,11.75,11.75,11.39,11.66,2840373.0
2012-11-07,11.78,11.78,11.54,11.6,3368604.0
2012-11-08,11.57,11.57,11.02,11.05,3985099.0
2012-11-09,10.99,11.3,10.9,11.12,1753263.0
2012-11-12,10.99,11.27,10.99,11.24,1563446.0
2012-11-13,11.21,11.27,10.9,10.93,2422988.0
2012-11-14,10.9,11.02,10.81,11.02,1738859.0
2012-11-15,10.96,11.05,10.75,10.81,1487701.0
2012-11-16,10.84,10.84,10.54,10.66,1630763.0
2012-11-19,10.66,10.99,10.57,10.96,1427860.0
2012-11-20,11.05,11.21,10.87,11.12,3003069.0
2012-11-21,11.02,11.24,10.87,11.18,1776141.0
2012-11-22,11.15,11.15,10.78,10.84,1849153.0
2012-11-23,10.78,10.96,10.69,10.87,1370506.0
2012-11-26,10.93,10.93,10.57,10.57,1695437.0
2012-11-27,10.57,10.57,9.94,10.03,2587924.0
2012-11-28,10.03,10.12,9.73,9.73,1298998.0
2012-11-29,9.82,9.94,9.58,9.61,1998044.0
2012-11-30,9.64,9.79,9.58,9.7,2742059.0
2012-12-03,9.7,9.76,9.1,9.22,3217910.0
2012-12-04,9.19,9.49,9.07,9.43,2023052.0
2012-12-05,9.46,9.88,9.4,9.82,3832473.0
2012-12-06,9.76,9.88,9.7,9.85,2223826.0
2012-12-07,9.85,10.09,9.76,10.09,3862285.0
2012-12-10,10.12,10.3,10.03,10.27,2677578.0
2012-12-11,10.57,10.57,10.24,10.24,3898231.0
2012-12-12,10.42,10.78,10.06,10.21,6638674.0
2012-12-13,10.09,10.12,9.91,9.94,4966067.0
2012-12-14,9.85,10.39,9.85,10.33,5634695.0
2012-12-17,10.33,10.69,10.24,10.63,5866722.0
2012-12-18,10.63,10.78,10.39,10.45,4795333.0
2012-12-19,10.48,10.54,10.36,10.45,3066362.0
2012-12-20,10.45,10.45,10.12,10.36,4342879.0
2012-12-21,10.3,10.45,10.18,10.24,2827619.0
2012-12-24,10.18,10.54,10.15,10.42,4367326.0
2012-12-25,10.42,10.66,10.33,10.6,4875920.0
2012-12-26,10.6,10.75,10.57,10.72,3514542.0
2012-12-27,10.72,10.9,10.54,10.66,4570490.0
2012-12-28,10.6,10.81,10.57,10.66,3738237.0
2012-12-31,10.69,10.78,10.63,10.69,3039916.0
2013-01-04,10.78,10.9,10.69,10.84,4558937.0
2013-01-07,10.78,11.33,10.72,11.24,9669459.0
2013-01-08,11.54,12.35,11.45,12.35,15434769.0
2013-01-09,12.71,13.31,12.05,12.35,27920474.0
2013-01-10,12.05,13.59,11.93,13.59,34373092.0
2013-01-11,13.4,13.68,12.8,13.1,22752692.0
2013-01-14,12.98,14.37,12.83,14.16,25214332.0
2013-01-15,13.89,14.58,13.89,14.25,17485064.0
2013-01-16,14.1,14.16,13.16,13.62,11784922.0
2013-01-17,13.68,13.77,13.34,13.52,8339447.0
2013-01-18,13.52,14.13,13.43,14.07,9076802.0
2013-01-21,14.13,14.49,13.95,14.25,9049841.0
2013-01-22,14.25,14.25,13.65,13.83,5715372.0
2013-01-23,13.74,13.74,13.25,13.37,6147295.0
2013-01-24,13.71,13.74,12.83,13.16,7118011.0
2013-01-25,13.04,13.31,12.59,12.77,8708843.0
2013-01-28,12.77,13.68,12.65,13.56,8594813.0
2013-01-29,13.43,14.28,13.43,14.04,8384552.0
2013-01-30,13.83,15.45,13.83,15.12,16558078.0
2013-01-31,14.76,15.6,14.46,15.36,10533342.0
2013-02-01,15.15,16.15,15.03,15.3,10972775.0
2013-02-04,15.27,16.42,15.27,16.27,14540817.0
2013-02-05,15.96,17.74,15.96,17.53,14203339.0
2013-02-06,17.47,17.77,16.57,17.26,9214589.0
2013-02-07,17.02,17.05,16.42,16.84,7053464.0
2013-02-08,16.66,17.23,16.45,16.9,5611450.0
2013-02-18,16.81,18.56,16.81,17.74,7360187.0
2013-02-19,17.77,18.37,16.81,16.9,8511917.0
2013-02-20,16.69,17.74,16.21,17.62,8075768.0
2013-02-21,17.41,17.77,17.02,17.5,7615374.0
2013-02-22,17.5,17.56,15.87,15.96,9310001.0
2013-02-25,15.96,16.27,15.3,15.66,12098576.0
2013-02-26,15.51,15.6,14.91,15.06,10308384.0
2013-02-27,15.15,15.36,14.91,15.06,7423419.0
2013-02-28,15.18,16.12,15.0,16.12,11128236.0
2013-03-01,16.06,16.81,15.93,16.39,11705257.0
2013-03-04,15.96,16.12,14.79,15.12,14532131.0
2013-03-05,15.06,16.42,14.79,16.3,12938575.0
2013-03-06,16.42,16.93,16.0,16.75,13526187.0
2013-03-07,16.75,18.22,16.69,17.5,22544296.0
2013-03-08,17.5,18.16,16.99,17.14,8882763.0
2013-03-11,17.14,17.47,16.54,16.99,8375213.0
2013-03-12,16.93,17.5,16.33,16.51,7194707.0
2013-03-13,16.45,16.57,15.75,16.24,6314207.0
2013-03-14,16.27,16.42,15.51,15.63,8883398.0
2013-03-15,15.69,16.12,15.24,15.45,9667754.0
2013-03-18,15.51,15.9,15.0,15.18,10481712.0
2013-03-19,15.3,15.36,14.91,15.33,5578629.0
2013-03-20,15.27,15.93,15.27,15.93,6205640.0
2013-03-21,16.21,16.57,15.96,16.45,11490335.0
2013-03-22,16.36,16.66,16.12,16.18,5553938.0
2013-03-25,16.24,16.33,15.81,16.0,5688992.0
2013-03-26,16.0,16.12,15.45,16.0,4514719.0
2013-03-27,16.0,16.42,15.84,16.15,5548903.0
2013-03-28,16.0,16.0,15.09,15.27,6400330.0
2013-03-29,15.15,15.6,15.06,15.18,3690331.0
2013-04-01,15.24,15.48,15.15,15.3,2587402.0
2013-04-02,15.3,15.48,14.4,14.58,6960366.0
2013-04-03,14.7,14.73,13.52,14.1,8241321.0
2013-04-08,13.71,14.22,13.65,14.22,5124407.0
2013-04-09,14.52,15.12,14.49,14.58,7260707.0
2013-04-10,14.43,14.64,14.31,14.49,3187478.0
2013-04-11,14.55,14.7,14.4,14.49,2517692.0
2013-04-12,14.31,14.73,14.31,14.55,2341962.0
2013-04-15,14.4,14.82,14.31,14.4,2247501.0
2013-04-16,14.19,14.61,14.16,14.61,2338106.0
2013-04-17,14.76,15.27,14.61,15.24,8269937.0
2013-04-18,15.06,15.42,14.97,15.06,4592226.0
2013-04-19,15.06,15.36,15.06,15.24,4454057.0
2013-04-22,15.06,15.18,14.85,15.03,3230839.0
2013-04-23,15.12,15.15,14.22,14.25,4094679.0
2013-04-24,14.31,15.21,14.25,15.06,6203080.0
2013-04-25,15.0,15.03,14.31,14.31,6521231.0
2013-04-26,14.31,14.64,14.01,14.07,2826390.0
2013-05-02,13.8,14.16,13.68,13.8,4664708.0
2013-05-03,13.86,14.04,13.8,13.95,6130807.0
2013-05-06,13.95,14.34,13.92,14.25,4743597.0
2013-05-07,14.25,14.31,14.01,14.25,3717891.0
2013-05-08,14.28,14.55,14.19,14.28,3510547.0
2013-05-09,14.28,14.4,13.86,14.25,4373597.0
2013-05-10,14.16,14.31,13.98,14.31,3892837.0
2013-05-13,14.28,14.37,14.13,14.37,3583433.0
2013-05-14,14.34,14.37,13.95,14.07,2578878.0
2013-05-15,14.1,14.19,13.98,14.13,1883289.0
2013-05-16,14.16,14.31,13.98,14.31,4567504.0
2013-05-17,14.28,14.97,14.19,14.79,8023054.0
2013-05-20,14.79,15.12,14.64,14.94,7526478.0
2013-05-21,14.91,15.15,14.73,14.88,8629010.0
2013-05-22,14.85,15.15,14.79,14.94,6140166.0
2013-05-23,14.97,14.97,14.55,14.64,6368239.0
2013-05-24,14.73,15.21,14.64,15.18,8972606.0
2013-05-27,15.24,16.69,15.09,16.48,25131408.0
2013-05-28,16.45,16.57,15.96,16.21,11939839.0
2013-05-29,16.27,16.66,16.03,16.51,9657012.0
2013-05-30,16.45,17.02,16.24,16.48,9353982.0
2013-05-31,16.27,16.75,15.96,15.96,10714835.0
2013-06-03,15.84,16.15,15.42,15.57,9779368.0
2013-06-04,15.54,15.69,14.94,15.06,7566345.0
2013-06-05,15.0,15.18,14.76,15.03,5178722.0
2013-06-06,15.0,15.0,14.4,14.43,8434320.0
2013-06-07,14.46,14.61,13.86,13.98,7969470.0
2013-06-13,13.86,13.86,13.01,13.22,5002944.0
2013-06-14,13.37,13.86,13.25,13.74,5525953.0
2013-06-17,13.62,13.98,13.28,13.77,5436191.0
2013-06-18,13.8,13.89,13.28,13.49,6117380.0
2013-06-19,13.52,13.52,13.07,13.34,4315066.0
2013-06-20,13.13,13.28,12.83,12.86,3348482.0
2013-06-21,12.65,12.89,12.29,12.77,3285546.0
2013-06-24,12.71,12.71,11.51,11.66,4087589.0
2013-06-25,11.54,11.99,10.51,11.84,6649998.0
2013-06-26,11.87,11.99,11.45,11.9,5220566.0
2013-06-27,11.9,12.02,11.51,11.57,4568156.0
2013-06-28,11.57,11.69,10.87,11.33,6516501.0
2013-07-01,11.33,11.51,11.21,11.48,3097955.0
2013-07-02,11.51,11.87,11.45,11.84,3765401.0
2013-07-03,11.84,11.84,11.39,11.63,3724140.0
2013-07-04,11.45,11.99,11.36,11.87,4311942.0
2013-07-05,11.87,12.29,11.81,11.99,4477434.0
2013-07-08,11.9,11.93,11.39,11.39,3286799.0
2013-07-09,11.51,11.66,11.33,11.45,2502644.0
2013-07-10,11.45,12.05,11.24,12.02,4494589.0
2013-07-11,11.84,12.56,11.84,12.53,7884181.0
2013-07-12,12.53,12.8,12.2,12.23,5337273.0
2013-07-15,12.26,12.47,12.08,12.35,3862083.0
2013-07-16,12.38,12.8,12.29,12.77,4982888.0
2013-07-18,12.68,12.68,12.14,12.38,4388882.0
2013-07-19,12.29,12.41,11.69,11.72,4337561.0
2013-07-22,11.54,11.9,11.51,11.87,3711590.0
2013-07-23,11.87,12.35,11.87,12.23,3428793.0
2013-07-24,12.17,12.29,11.9,12.17,3506469.0
2013-07-25,12.23,12.26,11.99,12.05,2592634.0
2013-07-26,11.99,12.02,11.81,11.93,2270476.0
2013-07-29,11.84,11.84,11.6,11.6,2716589.0
2013-07-30,11.54,11.84,11.48,11.72,1704403.0
2013-07-31,11.72,11.99,11.69,11.84,2360264.0
2013-08-01,11.84,12.29,11.84,12.2,3972220.0
2013-08-02,12.2,12.29,12.08,12.14,3197336.0
2013-08-05,12.14,12.56,12.08,12.47,5374056.0
2013-08-06,12.59,13.22,12.35,13.04,12025492.0
2013-08-07,12.89,13.01,12.53,12.65,6503639.0
2013-08-08,12.65,12.8,12.5,12.59,3525650.0
2013-08-09,12.65,12.83,12.41,12.83,4432794.0
2013-08-12,12.83,13.13,12.74,13.04,6076060.0
2013-08-13,13.04,13.07,12.86,12.98,3383878.0
2013-08-14,12.95,14.1,12.92,13.43,13860267.0
2013-08-15,13.19,13.92,13.07,13.46,9482579.0
2013-08-16,13.22,13.56,12.74,12.77,7759608.0
2013-08-19,12.74,13.01,12.59,12.86,3762886.0
2013-08-20,12.92,13.34,12.8,13.31,7104779.0
2013-08-21,13.25,13.62,13.13,13.56,7690426.0
2013-08-22,13.52,13.52,13.22,13.34,4409152.0
2013-08-23,13.37,13.43,12.8,13.04,5106230.0
2013-08-26,13.1,13.25,12.92,13.22,3695873.0
2013-08-27,13.22,13.56,13.16,13.46,5070498.0
2013-08-28,13.34,13.34,13.01,13.1,4488882.0
2013-08-29,13.07,13.22,12.86,13.01,3648978.0
2013-08-30,12.89,13.01,12.59,12.74,5423076.0
2013-09-02,12.65,12.89,12.65,12.89,2747847.0
2013-09-03,12.89,13.16,12.83,13.13,3293771.0
2013-09-04,13.16,13.16,12.92,13.01,2859683.0
2013-09-05,13.04,13.1,12.92,12.98,2666822.0
2013-09-06,12.92,13.04,12.86,12.98,3273361.0
2013-09-09,13.01,13.34,12.95,13.28,7153469.0
2013-09-10,13.25,13.34,13.13,13.31,4773482.0
2013-09-11,13.52,13.52,13.25,13.37,6316587.0
2013-09-12,13.34,13.59,13.31,13.46,5185129.0
2013-09-13,13.49,13.52,13.19,13.25,4131752.0
2013-09-16,13.22,13.43,13.19,13.28,2694687.0
2013-09-17,13.28,13.28,12.77,12.77,4875452.0
2013-09-18,12.89,12.95,12.71,12.89,2303856.0
2013-09-23,12.89,13.19,12.89,13.19,3603598.0
2013-09-24,13.19,13.19,12.92,12.98,3125569.0
2013-09-25,13.01,13.07,12.83,12.86,3141237.0
2013-09-26,12.86,13.04,12.68,12.74,2930446.0
2013-09-27,12.86,12.86,12.65,12.65,2318579.0
2013-09-30,12.65,12.8,12.59,12.68,2253419.0
2013-10-08,12.74,12.86,12.62,12.86,2991834.0
2013-10-09,12.8,12.95,12.77,12.95,3488091.0
2013-10-10,13.01,13.1,12.74,12.92,4985754.0
2013-10-11,12.92,13.16,12.83,13.13,5559771.0
2013-10-14,13.13,13.31,13.1,13.19,4946014.0
2013-10-15,13.22,13.28,13.13,13.25,4158731.0
2013-10-16,13.28,13.86,13.1,13.34,15658819.0
2013-10-17,13.31,13.43,13.04,13.1,7150302.0
2013-10-18,13.1,13.19,12.83,12.95,4198923.0
2013-10-21,12.95,13.25,12.89,13.25,3731871.0
2013-10-22,13.28,13.52,13.16,13.31,6240548.0
2013-10-23,13.31,13.52,12.89,12.92,6256504.0
2013-10-24,12.92,13.13,12.86,12.92,2731684.0
2013-10-25,13.04,13.04,12.26,12.35,7203948.0
2013-10-28,12.32,12.47,11.9,12.08,3830270.0
2013-10-29,12.08,12.23,11.3,11.75,4563201.0
2013-10-30,11.75,12.14,11.63,12.05,2633005.0
2013-10-31,12.02,12.17,11.9,11.93,2293478.0
2013-11-01,11.93,12.17,11.9,12.14,2084467.0
2013-11-04,12.14,12.23,12.05,12.23,1780359.0
2013-11-05,12.11,12.23,11.96,12.2,2196059.0
2013-11-06,12.2,12.32,12.11,12.17,2240659.0
2013-11-07,12.2,12.26,11.84,11.87,3081334.0
2013-11-08,11.78,11.84,11.66,11.72,1553691.0
2013-11-11,11.81,11.96,11.69,11.9,1247631.0
2013-11-12,11.93,12.77,11.93,12.56,7891255.0
2013-11-13,12.38,12.53,12.17,12.17,2689815.0
2013-11-14,12.29,12.83,12.11,12.71,6969158.0
2013-11-15,12.59,12.89,12.5,12.71,5040203.0
2013-11-18,12.71,12.89,12.65,12.83,4253072.0
2013-11-19,12.83,12.83,12.62,12.71,2754846.0
2013-11-20,12.65,13.07,12.62,12.98,4685558.0
2013-11-21,13.04,13.04,12.68,12.77,3540291.0
2013-11-22,12.86,12.92,12.74,12.83,2642744.0
2013-11-25,12.83,13.25,12.71,12.92,4375042.0
2013-11-26,12.95,13.07,12.83,12.92,2883976.0
2013-11-27,12.89,13.07,12.86,12.95,3470950.0
2013-11-28,13.01,13.16,12.89,12.98,4136108.0
2013-11-29,13.07,13.07,12.89,12.95,3629074.0
2013-12-02,12.8,12.83,11.9,12.11,8137399.0
2013-12-03,12.08,12.38,11.93,12.35,2868071.0
2013-12-04,12.38,13.59,12.38,13.59,13880005.0
2013-12-05,13.62,14.4,13.52,14.01,30739132.0
2013-12-06,13.8,14.01,13.65,13.74,9645689.0
2013-12-09,13.8,14.01,13.65,13.74,7052114.0
2013-12-10,13.86,14.28,13.77,13.95,12110708.0
2013-12-11,13.89,13.89,13.37,13.56,7008729.0
2013-12-12,13.56,13.74,13.28,13.49,5756074.0
2013-12-13,13.56,13.74,13.43,13.71,4899588.0
2013-12-16,13.74,13.83,13.22,13.22,5046751.0
2013-12-17,13.13,13.31,12.95,13.07,3127234.0
2013-12-18,13.07,13.25,12.98,13.19,2334578.0
2013-12-19,13.19,13.34,12.98,12.98,2778333.0
2013-12-20,12.98,13.04,12.53,12.65,3110848.0
2013-12-23,12.65,12.8,12.5,12.5,2596870.0
2013-12-24,12.44,12.71,12.44,12.65,1993710.0
2013-12-25,12.65,12.74,12.44,12.74,3225199.0
2013-12-26,12.68,12.68,12.14,12.14,4137241.0
2013-12-27,12.2,12.47,12.11,12.41,4260514.0
2013-12-30,12.41,12.59,12.41,12.5,2455216.0
2013-12-31,12.56,12.83,12.47,12.71,3229603.0
2014-01-02,12.65,12.77,12.53,12.71,2659717.0
2014-01-03,12.59,12.68,12.5,12.62,2618933.0
2014-01-06,12.53,12.68,12.26,12.29,3154384.0
2014-01-07,12.29,12.68,12.2,12.53,3623201.0
2014-01-08,12.53,13.16,12.47,13.07,6895981.0
2014-01-09,13.07,13.22,12.77,12.77,3786973.0
2014-01-10,12.8,13.25,12.68,13.13,5043256.0
2014-01-13,13.13,13.4,13.01,13.25,4907032.0
2014-01-14,13.31,13.8,13.25,13.62,10398287.0
2014-01-15,13.68,13.68,13.31,13.4,4387716.0
2014-01-16,13.4,13.56,13.13,13.56,4355730.0
2014-01-17,13.4,13.71,13.19,13.68,5283327.0
2014-01-20,13.56,14.31,13.25,13.68,7059771.0
2014-01-21,13.49,13.92,13.4,13.56,4959266.0
2014-01-22,13.46,13.86,13.46,13.86,5528356.0
2014-01-23,13.8,14.07,13.37,13.52,7829485.0
2014-01-24,13.4,13.77,13.25,13.46,10387180.0
2014-01-27,13.52,13.56,13.19,13.4,6049761.0
2014-01-28,13.25,13.4,13.19,13.34,4819041.0
2014-01-29,13.34,14.67,13.31,14.55,23292092.0
2014-01-30,14.34,14.55,14.16,14.28,8206122.0
2014-02-07,14.22,14.58,14.16,14.4,8701275.0
2014-02-10,14.31,14.88,14.28,14.64,13291548.0
2014-02-11,14.67,15.93,14.58,15.45,18719688.0
2014-02-12,15.36,15.63,15.09,15.45,10658493.0
2014-02-13,15.54,15.9,15.3,15.6,12267971.0
2014-02-14,15.66,16.72,15.66,16.24,17723536.0
2014-02-21,14.94,15.75,14.61,15.24,30512170.0
2014-02-24,14.76,14.88,14.1,14.58,15776734.0
2014-02-25,14.61,15.33,14.46,14.76,17649946.0
2014-02-26,14.64,14.88,13.92,14.88,10935317.0
2014-02-27,14.94,15.09,14.43,14.49,10772441.0
2014-02-28,14.22,14.55,13.95,14.55,6698571.0
2014-03-03,14.49,14.76,14.34,14.76,7800051.0
2014-03-04,14.7,14.97,14.4,14.82,7126028.0
2014-03-05,14.94,15.93,14.7,15.45,15181538.0
2014-03-06,15.36,16.39,15.24,16.09,17898122.0
2014-03-07,16.21,16.3,15.69,15.81,8217205.0
2014-03-10,15.69,16.21,15.06,15.3,10835786.0
2014-03-11,15.15,16.09,15.15,15.81,11523461.0
2014-03-12,15.93,16.12,15.15,15.78,9878507.0
2014-03-13,15.75,15.75,14.82,15.27,13890690.0
2014-03-14,15.06,15.09,14.22,14.49,16683927.0
2014-03-17,14.34,14.82,14.22,14.76,6012141.0
2014-03-18,14.76,14.88,14.58,14.7,5359341.0
2014-03-19,14.7,16.18,14.58,16.18,12808927.0
2014-03-20,16.81,16.87,15.48,15.51,30254244.0
2014-03-21,15.06,16.06,14.94,15.93,15331777.0
2014-03-24,15.57,16.21,15.45,15.96,15996568.0
2014-03-25,15.93,15.96,15.36,15.51,10080476.0
2014-03-26,15.51,17.08,15.45,17.08,28747234.0
2014-03-27,17.17,17.59,16.6,16.75,35377404.0
2014-03-28,16.45,16.78,15.6,15.84,24131286.0
2014-03-31,15.9,17.41,15.72,16.87,28880512.0
2014-04-01,16.51,17.17,15.96,17.11,21573884.0
2014-04-02,16.81,17.2,16.3,16.6,19191580.0
2014-04-03,16.51,16.81,16.21,16.63,12217450.0
2014-04-04,16.57,16.72,16.27,16.63,8673928.0
2014-04-08,16.42,16.78,16.33,16.57,9565879.0
2014-04-09,16.69,17.44,16.6,17.02,18405544.0
2014-04-10,16.9,17.11,16.45,16.48,15268415.0
2014-04-11,16.3,16.9,16.18,16.9,13880063.0
2014-04-14,16.84,17.11,16.72,16.99,9532832.0
2014-04-15,17.02,17.08,16.45,16.6,8720203.0
2014-04-16,16.57,16.78,16.48,16.57,5209189.0
2014-04-17,16.72,16.72,15.96,16.03,9969129.0
2014-04-18,16.06,16.33,15.81,16.3,4583356.0
2014-04-21,16.12,16.42,15.9,15.9,5653662.0
2014-04-22,15.9,16.09,15.51,15.81,5220697.0
2014-04-23,15.96,16.27,15.84,15.96,4689689.0
2014-04-24,15.87,15.93,15.54,15.69,4235573.0
2014-04-25,15.66,15.93,15.63,15.72,3568114.0
2014-04-28,15.72,15.72,14.46,14.49,5884030.0
2014-04-29,14.46,14.73,14.1,14.55,4970979.0
2014-04-30,14.61,14.76,14.01,14.4,5363973.0
2014-05-05,14.4,14.43,14.07,14.43,2932211.0
2014-05-06,14.34,14.76,14.34,14.76,4412460.0
2014-05-07,14.91,14.91,14.64,14.73,3752528.0
2014-05-08,14.91,14.91,14.61,14.91,2413759.0
2014-05-09,14.76,14.91,14.43,14.82,3229700.0
2014-05-12,14.91,15.36,14.82,15.3,4566033.0
2014-05-13,15.24,15.33,15.09,15.27,3476674.0
2014-05-14,15.27,15.45,15.0,15.24,2494815.0
2014-05-15,15.24,15.36,15.0,15.12,2906011.0
2014-05-16,15.06,15.24,14.94,15.21,2211148.0
2014-05-19,15.21,15.51,15.09,15.3,4866542.0
2014-05-20,15.3,15.51,15.12,15.24,2325167.0
2014-05-21,15.21,15.3,14.85,15.3,2552884.0
2014-05-22,15.3,15.36,15.12,15.18,1806214.0
2014-05-23,15.18,15.27,15.0,15.21,3114062.0
2014-05-26,15.24,15.96,15.24,15.84,9982723.0
2014-05-27,15.81,16.36,15.72,16.06,9012228.0
2014-05-28,15.96,16.21,15.75,15.96,5965121.0
2014-05-29,16.0,16.06,15.69,15.87,3101099.0
2014-05-30,15.87,16.15,15.78,16.06,6335979.0
2014-06-03,16.09,16.27,15.78,16.0,6059446.0
2014-06-04,15.93,16.06,15.6,15.72,5825171.0
2014-06-05,15.81,15.81,15.57,15.75,2741358.0
2014-06-06,15.75,15.84,15.51,15.66,3094619.0
2014-06-09,15.6,15.66,15.39,15.54,3563091.0
2014-06-10,15.48,15.57,15.18,15.45,3212106.0
2014-06-11,15.42,15.51,15.27,15.51,2707040.0
2014-06-12,15.45,15.51,15.06,15.45,4765734.0
2014-06-13,15.45,15.45,15.18,15.24,3766191.0
2014-06-16,15.24,15.36,14.82,14.91,6653584.0
2014-06-17,15.03,15.39,14.67,15.39,8506339.0
2014-06-18,15.3,15.81,15.09,15.21,11627910.0
2014-06-19,15.24,15.3,14.91,15.15,6062371.0
2014-06-20,15.09,15.36,14.85,15.0,5341772.0
2014-06-23,15.0,15.12,14.94,15.09,2544902.0
2014-06-24,15.15,15.15,14.94,15.03,2599318.0
2014-06-25,15.06,15.06,14.82,14.85,1834901.0
2014-06-26,14.85,15.12,14.82,15.03,2891131.0
2014-06-27,15.09,15.24,14.94,15.15,2118109.0
2014-06-30,15.21,15.21,15.03,15.12,2483984.0
2014-07-01,15.12,15.51,15.12,15.48,8076460.0
2014-07-02,15.48,15.66,15.33,15.45,3182620.0
2014-07-03,15.45,15.45,15.3,15.33,3440887.0
2014-07-04,15.42,15.69,15.36,15.45,4845396.0
2014-07-07,15.39,15.54,15.33,15.45,2457400.0
2014-07-08,15.42,15.42,15.12,15.24,4639721.0
2014-07-09,15.21,15.48,14.97,15.48,5953100.0
2014-07-10,15.36,15.63,15.3,15.51,7713994.0
2014-07-11,15.51,15.81,15.42,15.72,6312975.0
2014-07-14,15.72,15.93,15.63,15.84,4319908.0
2014-07-15,15.81,15.87,15.51,15.6,3991511.0
2014-07-16,15.6,15.69,15.27,15.36,4957428.0
2014-07-17,15.36,15.45,15.21,15.39,2841718.0
2014-07-18,15.3,15.42,15.21,15.33,2653810.0
2014-07-21,15.3,15.33,15.06,15.09,3413893.0
2014-07-22,15.09,15.33,15.06,15.33,2282974.0
2014-07-23,15.36,15.36,14.94,15.0,3493195.0
2014-07-24,15.06,16.51,15.0,16.24,24315468.0
2014-07-25,16.3,16.39,15.81,16.21,13103340.0
2014-07-28,16.21,16.51,15.96,16.21,12645824.0
2014-07-29,16.21,16.39,16.09,16.12,9823788.0
2014-07-30,16.09,16.21,15.84,16.21,8513848.0
2014-07-31,16.18,16.33,16.0,16.24,6958861.0
2014-08-01,16.15,16.51,16.06,16.12,8926385.0
2014-08-04,16.12,16.42,16.06,16.39,6535568.0
2014-08-05,16.36,17.05,16.27,16.54,11046419.0
2014-08-06,16.48,16.96,16.3,16.69,8694966.0
2014-08-07,16.87,17.29,16.6,16.78,9986848.0
2014-08-08,17.02,17.23,16.63,17.08,6923251.0
2014-08-11,16.96,18.04,16.96,17.74,15635105.0
2014-08-12,17.56,17.98,17.41,17.59,9606647.0
2014-08-13,17.62,17.77,16.93,17.23,10600296.0
2014-08-14,17.32,17.5,16.93,17.2,7050160.0
2014-08-15,17.26,17.86,17.08,17.53,9153511.0
2014-08-18,17.44,17.65,17.26,17.5,8531543.0
2014-08-19,17.47,17.92,17.17,17.41,9832591.0
2014-08-20,17.47,17.71,17.26,17.41,6232012.0
2014-08-21,17.53,17.62,17.08,17.38,5817301.0
2014-08-22,17.41,17.47,17.14,17.38,5026143.0
2014-08-25,17.44,18.22,17.32,17.95,17322276.0
2014-08-26,17.92,17.92,17.32,17.35,10256480.0
2014-08-27,17.17,17.53,17.14,17.35,4352421.0
2014-08-28,17.26,17.5,17.17,17.35,3821296.0
2014-08-29,17.29,17.38,16.87,17.17,5794814.0
2014-09-01,17.17,17.38,17.08,17.32,3664307.0
2014-09-02,17.35,17.89,17.29,17.71,6888767.0
2014-09-03,17.68,17.92,17.62,17.83,7134863.0
2014-09-04,17.8,17.86,17.59,17.83,7568211.0
2014-09-05,17.95,19.61,17.92,19.01,22742356.0
2014-09-09,18.77,19.22,18.56,18.92,11131813.0
2014-09-10,18.83,19.55,18.68,19.46,13407611.0
2014-09-11,19.43,19.64,18.83,18.95,11512193.0
2014-09-12,19.04,19.07,18.83,18.98,5880981.0
2014-09-15,18.98,19.22,18.83,19.07,5936450.0
2014-09-16,19.13,19.37,18.37,18.43,9597359.0
2014-09-17,18.59,18.8,18.1,18.68,6718224.0
2014-09-18,18.68,19.52,18.68,19.28,9770065.0
2014-09-19,19.34,19.46,18.83,19.43,8079963.0
2014-09-22,19.34,19.34,18.95,19.01,4853358.0
2014-09-23,18.98,20.0,18.92,19.82,10304831.0
2014-09-24,19.82,20.27,19.58,20.18,9757203.0
2014-09-25,20.18,20.36,19.82,19.82,8471896.0
2014-09-26,19.67,20.72,19.64,20.57,10990719.0
2014-09-29,20.57,22.59,20.57,22.26,17902772.0
2014-09-30,22.47,22.53,21.78,22.41,9587523.0
2014-10-08,22.35,22.38,21.9,22.2,8209285.0
2014-10-09,22.2,22.38,21.72,21.99,8056673.0
2014-10-10,21.99,21.99,21.33,21.63,6506661.0
2014-10-13,21.42,21.96,21.36,21.75,4287383.0
2014-10-14,21.75,22.2,21.39,21.75,6039578.0
2014-10-15,21.72,21.84,20.87,21.42,5484915.0
2014-10-16,21.21,22.32,21.09,21.24,6427876.0
2014-10-17,21.33,21.72,19.52,20.42,8632987.0
2014-10-20,20.3,20.66,20.12,20.54,3371764.0
2014-10-21,20.54,20.69,20.03,20.09,3794717.0
2014-10-22,20.09,20.54,19.88,19.94,4710364.0
2014-10-23,19.76,20.03,19.01,19.46,5244774.0
2014-10-24,19.49,19.82,19.31,19.79,2387863.0
2014-10-27,19.79,21.33,19.49,21.3,12264443.0
2014-10-28,21.36,22.17,20.75,21.96,8992485.0
2014-10-29,21.78,22.29,21.57,21.72,8650399.0
2014-10-30,21.81,22.11,21.39,21.63,6291350.0
2014-10-31,21.51,21.96,21.27,21.6,6531957.0
2014-11-03,21.57,22.17,21.45,22.08,9707165.0
2014-11-04,22.02,22.14,21.6,21.69,7421467.0
2014-11-05,21.69,22.71,21.57,22.47,13692051.0
2014-11-06,22.44,22.74,21.78,22.26,7473163.0
2014-11-07,22.26,22.35,21.39,21.39,7648383.0
2014-11-10,21.39,21.63,21.0,21.48,5759612.0
2014-11-11,21.57,21.57,19.61,20.42,7626258.0
2014-11-12,20.48,20.69,20.21,20.54,4922975.0
2015-02-17,22.59,22.59,22.59,22.59,2195720.0
2015-02-25,24.85,24.85,24.85,24.85,115774.0
2015-02-26,27.35,27.35,24.73,25.6,67702560.0
2015-02-27,25.36,27.35,25.36,26.54,40096376.0
2015-03-02,25.91,29.19,25.85,28.44,65795816.0
2015-03-03,27.95,29.43,27.38,28.32,36819860.0
2015-03-04,28.01,31.15,28.01,29.94,41954364.0
2015-03-05,30.09,30.36,29.01,30.21,23772720.0
2015-03-06,30.42,30.66,28.92,29.19,20721902.0
2015-03-09,29.22,30.57,28.1,29.52,14705440.0
2015-03-10,29.46,30.18,29.19,29.82,13773894.0
2015-03-11,29.85,30.06,28.01,28.1,26995200.0
2015-03-12,28.32,28.53,26.81,27.41,20127292.0
2015-03-13,27.59,28.04,27.32,27.71,11271096.0
2015-03-16,28.25,28.89,27.74,28.19,19625624.0
2015-03-17,28.5,29.07,28.04,28.41,25342686.0
2015-03-18,28.62,29.28,28.22,29.28,26055688.0
2015-03-19,29.76,30.69,29.37,29.94,36921588.0
2015-03-20,29.52,31.87,29.52,31.36,38133228.0
2015-03-23,31.33,32.2,30.88,31.42,33788136.0
2015-03-24,31.87,31.87,29.52,30.66,28496640.0
2015-03-25,30.3,31.81,29.7,30.66,33817776.0
2015-03-26,31.03,31.57,29.88,30.36,25207240.0
2015-03-27,30.33,30.85,29.85,30.66,16885480.0
2015-03-30,31.15,31.48,29.97,30.6,21752584.0
2015-03-31,31.03,33.5,30.76,31.69,45078940.0
2015-04-01,31.63,32.65,31.21,32.2,32409372.0
2015-04-02,32.38,35.03,32.38,34.76,43792924.0
2015-04-03,34.07,36.96,34.07,35.82,32484140.0
2015-04-07,36.24,37.05,35.21,36.3,25875850.0
2015-04-08,36.36,36.6,32.92,34.52,35908892.0
2015-04-09,34.55,35.09,32.23,34.61,28973672.0
2015-04-10,35.24,36.84,34.67,36.48,31217038.0
2015-04-13,36.6,39.73,35.7,38.14,27797716.0
2015-04-14,37.65,39.4,36.99,37.74,22695466.0
2015-04-15,37.8,38.86,35.54,35.6,22799998.0
2015-04-16,35.39,36.6,34.04,35.45,16017178.0
2015-04-17,35.63,36.12,34.76,35.48,21174756.0
2015-04-20,34.91,34.91,32.98,33.01,28167532.0
2015-04-21,32.98,34.49,32.77,34.4,16197152.0
2015-04-22,34.91,36.27,34.91,35.94,18546194.0
2015-04-23,36.15,36.51,35.39,36.39,20656624.0
2015-04-24,35.73,36.33,34.64,35.42,19878380.0
2015-04-27,35.7,36.57,34.97,35.36,21714200.0
2015-04-28,35.79,36.12,33.13,33.98,19898040.0
2015-05-13,37.38,37.38,37.38,37.38,483856.0
2015-05-14,41.12,41.12,41.12,41.12,2441644.0
2015-05-15,42.17,42.17,39.16,39.64,48727924.0
2015-05-18,40.67,41.27,39.19,39.79,34518840.0
2015-05-19,39.67,41.48,38.8,41.06,38228084.0
2015-05-20,40.61,43.65,40.45,41.21,37672928.0
2015-05-21,41.27,43.59,40.64,42.86,36240400.0
2015-05-22,43.23,43.5,41.12,42.02,32929520.0
2015-05-25,41.66,44.19,41.24,43.47,32060830.0
2015-05-26,43.68,46.27,42.89,46.12,36858700.0
2015-05-27,46.54,47.35,44.88,46.09,32421816.0
2015-05-28,46.09,47.29,41.48,41.51,33897836.0
2015-05-29,41.54,42.92,38.29,42.41,32367142.0
2015-06-01,42.62,44.85,42.47,44.49,22911846.0
2015-06-02,44.46,46.03,44.28,45.79,27347304.0
2015-06-03,46.3,50.36,46.0,50.36,40153708.0
2015-06-04,50.91,54.85,47.74,54.28,48308844.0
2015-06-05,56.03,56.03,53.02,53.56,45543776.0
2015-06-08,51.15,52.41,49.1,49.85,34239744.0
2015-06-09,49.94,50.67,48.65,49.64,19453608.0
2015-06-10,49.76,53.71,48.8,52.56,32236802.0
2015-06-11,52.32,54.76,52.17,53.17,25594840.0
2015-06-12,53.17,53.17,51.75,52.26,18471500.0
2015-06-16,49.04,49.7,47.05,47.05,22787660.0
2015-06-17,46.99,48.95,42.8,48.05,26918808.0
2015-06-18,47.74,48.68,45.27,45.48,14350585.0
2015-06-19,44.16,44.85,40.94,40.94,15884514.0
2015-06-23,40.94,41.93,36.93,39.85,16115556.0
2015-06-24,40.45,42.08,39.97,41.42,15995136.0
2015-06-25,41.42,41.51,38.32,38.98,14207735.0
2015-06-26,37.02,38.14,35.09,35.09,16832532.0
2015-06-29,36.45,36.45,31.6,31.6,18790986.0
2015-06-30,30.24,33.01,28.44,32.53,25181868.0
2015-07-01,32.26,33.89,30.03,30.85,21879080.0
2015-07-02,31.33,31.6,27.77,27.77,25208848.0
2015-07-03,25.6,27.74,25.0,25.0,14617668.0
2015-07-06,27.41,27.41,22.5,22.5,24011654.0
2015-07-07,20.51,20.51,20.24,20.24,7432200.0
2015-07-14,22.26,22.26,22.26,22.26,179402.0
2015-07-15,24.49,24.49,22.83,23.68,44727872.0
2015-07-16,22.59,26.06,21.39,25.03,38861280.0
2015-07-17,25.15,27.53,25.15,27.53,27333356.0
2015-07-20,28.71,30.27,28.71,30.27,38270572.0
2015-07-21,32.95,33.32,32.23,33.32,29732900.0
2015-07-22,35.54,36.66,32.86,34.25,60765184.0
2015-07-23,33.74,36.6,33.04,35.7,40944792.0
2015-07-24,34.64,35.82,33.13,34.04,30628488.0
2015-07-27,33.13,34.94,30.63,30.63,27731120.0
2015-07-28,28.01,30.66,27.56,27.56,34053568.0
2015-07-29,27.86,30.33,27.86,30.33,43050944.0
2015-07-30,31.63,33.38,31.06,32.23,35902304.0
2015-07-31,32.47,34.19,30.63,32.08,35893944.0
2015-08-03,31.03,31.3,28.89,28.89,24701422.0
2015-08-04,28.77,31.78,28.77,31.78,24533330.0
2015-08-05,31.33,32.83,30.09,30.33,27954016.0
2015-08-06,29.22,31.69,28.92,31.33,21865768.0
2015-08-07,31.63,32.8,31.45,32.08,19745104.0
2015-08-10,32.17,34.22,32.17,33.77,28084550.0
2015-08-11,33.44,34.01,32.32,33.16,28933708.0
2015-08-12,32.56,33.83,31.96,31.99,23198512.0
2015-08-13,31.99,32.89,31.03,32.83,23395346.0
2015-08-14,33.38,33.5,32.26,32.47,19939928.0
2015-08-17,32.17,33.35,31.93,33.23,19410058.0
2015-08-18,33.29,33.53,29.91,29.91,23796568.0
2015-08-19,28.62,30.6,27.11,30.18,19197606.0
2015-08-20,29.88,30.18,28.04,28.47,14091589.0
2015-08-21,27.56,28.32,25.94,25.97,11962829.0
2015-08-24,24.67,24.88,23.38,23.38,11085476.0
2015-08-25,21.03,22.2,21.03,21.03,13489252.0
2015-08-26,21.33,22.47,19.91,20.94,17530368.0
2015-08-27,21.69,22.29,20.48,22.08,11514762.0
2015-08-28,22.53,24.28,22.44,24.28,19789096.0
2015-08-31,24.1,24.1,22.71,22.92,12054495.0
2015-09-01,22.56,22.59,20.84,20.87,9955210.0
2015-09-02,19.49,22.02,19.28,20.45,11774687.0
2015-09-07,21.24,22.5,21.18,21.81,13900946.0
2015-09-08,21.78,23.56,21.45,23.28,11910398.0
2015-09-09,23.56,24.91,23.28,24.7,19987016.0
2015-09-10,24.19,25.3,23.8,24.07,12744094.0
2015-09-11,23.98,24.55,23.38,23.98,8721045.0
2015-09-14,24.13,25.36,21.6,22.71,17939712.0
2015-09-15,22.59,23.07,20.84,21.21,10373248.0
2015-09-16,21.54,23.31,21.15,23.31,10831650.0
2015-09-17,23.56,24.34,22.59,22.62,13025086.0
2015-09-18,22.92,23.8,22.71,23.53,9732824.0
2015-09-21,23.62,24.4,23.22,24.37,9228005.0
2015-09-22,24.73,25.0,23.92,24.25,10853341.0
2015-09-23,23.8,24.34,23.13,23.59,9574903.0
2015-09-24,23.65,23.95,23.5,23.83,8806630.0
2015-09-25,23.77,24.22,22.74,23.16,9669714.0
2015-09-28,23.16,23.5,22.74,23.41,4892245.0
2015-09-29,22.83,23.41,22.74,23.13,6596665.0
2015-09-30,22.98,23.47,22.74,23.25,5759780.0
2015-10-08,24.13,24.55,23.8,24.22,8242398.0
2015-10-09,24.13,24.7,24.07,24.52,8403346.0
2015-10-12,24.88,26.21,24.88,25.75,13445217.0
2015-10-13,25.54,27.05,25.3,26.66,15322001.0
2015-10-14,27.59,29.34,27.47,29.34,15686565.0
2015-10-15,30.12,30.54,28.35,29.37,36650336.0
2015-10-16,29.19,29.76,28.47,29.49,22420416.0
2015-10-19,29.67,31.42,29.07,31.03,30507660.0
2015-10-20,31.03,31.54,30.27,31.06,16396297.0
2015-10-21,31.18,31.18,27.95,27.95,26083122.0
2015-10-22,28.62,30.76,28.62,30.76,39613360.0
2015-10-23,31.93,33.83,31.63,33.59,62037252.0
2015-10-26,32.38,32.53,31.09,31.87,35001088.0
2015-10-27,31.33,33.98,30.97,32.74,31017494.0
2015-10-28,32.53,32.53,30.42,30.63,24619100.0
2015-10-29,31.03,31.24,29.88,30.54,14975079.0
2015-10-30,30.45,30.82,29.22,30.12,16965876.0
2015-11-02,29.22,30.54,28.95,29.43,9849791.0
2015-11-03,29.73,30.24,28.92,29.67,11591723.0
2015-11-04,29.88,31.45,29.79,31.45,19821784.0
2015-11-05,31.36,31.69,30.33,30.69,20119344.0
2015-11-06,30.97,31.57,30.72,31.33,19761444.0
2015-11-09,31.27,34.34,31.27,32.95,36509864.0
2015-11-10,32.77,33.98,32.08,33.74,26891438.0
2015-11-11,33.5,33.8,32.47,33.44,21664050.0
2015-11-12,36.78,36.78,36.78,36.78,17979140.0
2015-11-20,40.45,40.45,40.45,40.45,2280081.0
2015-11-23,42.17,44.49,39.58,44.49,81201704.0
2015-11-24,44.43,48.95,43.08,48.95,51235528.0
2015-11-25,51.21,52.68,48.86,51.0,64941920.0
2015-11-26,50.39,55.4,49.4,50.24,58839672.0
2015-11-27,49.73,51.87,45.21,47.14,50147512.0
2015-11-30,47.86,49.7,45.21,48.62,49402356.0
2015-12-01,48.2,48.5,43.77,44.46,43210236.0
2015-12-02,43.77,44.79,41.63,44.01,20857252.0
2015-12-03,44.43,45.76,43.41,45.48,21755788.0
2015-12-04,45.18,46.99,44.73,44.88,21361692.0
2015-12-07,45.15,46.54,43.44,46.15,17176264.0
2015-12-08,45.39,45.61,43.77,43.89,16433131.0
2015-12-09,43.98,45.33,43.44,44.94,14976653.0
2015-12-10,45.18,45.64,43.53,45.12,13947532.0
2015-12-11,44.82,44.82,43.83,43.89,10206086.0
2015-12-14,43.14,43.14,40.18,41.87,17200352.0
2015-12-15,41.69,42.98,41.36,42.68,17729714.0
2015-12-16,42.98,43.68,42.41,42.68,16376669.0
2015-12-17,43.2,46.96,42.95,46.96,42741808.0
2015-12-18,46.75,48.11,45.79,46.69,34552672.0
2015-12-21,46.63,47.05,44.16,45.18,24080028.0
2015-12-22,45.64,46.69,44.67,46.18,17263292.0
2015-12-23,46.06,46.06,43.5,43.89,17394132.0
2015-12-24,44.28,45.79,43.01,44.61,13086829.0
2015-12-25,44.82,46.63,44.22,45.79,17889996.0
2015-12-28,45.94,48.74,45.73,46.36,24967596.0
2015-12-29,46.09,49.7,45.91,49.25,34339344.0
2015-12-30,50.24,50.85,46.24,47.53,25814556.0
2015-12-31,47.23,48.56,44.61,44.82,15744055.0
2016-01-04,44.97,45.18,40.33,40.33,15934334.0
2016-01-05,36.54,41.69,36.45,39.25,18468452.0
2016-01-06,39.34,40.51,38.56,39.61,12600197.0
2016-01-07,38.86,38.86,35.66,35.66,2448000.0
2016-01-08,36.6,37.2,32.23,34.43,18794472.0
2016-01-11,33.07,33.89,31.0,31.0,15566207.0
2016-01-12,30.33,31.48,29.76,30.09,16425063.0
2016-01-13,30.39,30.69,28.35,28.77,12062567.0
2016-01-14,27.41,31.09,27.41,30.79,14346839.0
2016-01-15,30.42,31.93,29.25,29.85,13486424.0
2016-01-18,29.55,31.93,28.86,31.36,14679294.0
2016-01-19,32.08,34.34,31.87,33.74,14681395.0
2016-01-20,33.13,34.19,32.59,33.83,15395343.0
2016-01-21,33.07,34.13,31.48,31.48,12052896.0
2016-01-22,32.08,32.68,30.79,31.78,9686815.0
2016-01-25,31.99,34.19,31.93,33.86,16078380.0
2016-01-26,33.1,34.61,30.72,31.3,17440336.0
2016-01-27,32.08,32.17,28.62,30.63,13357650.0
2016-01-28,30.36,32.08,29.58,30.42,10949357.0
2016-01-29,30.42,32.68,29.97,31.96,11445888.0
2016-02-01,32.08,34.55,31.78,33.19,15350096.0
2016-02-02,33.23,35.21,32.95,34.55,13784969.0
2016-02-03,34.04,34.7,33.53,34.52,7837374.0
2016-02-04,34.79,36.03,34.49,34.85,10395204.0
2016-02-05,34.85,35.3,33.62,33.71,7149831.0
2016-02-15,32.53,35.12,32.41,34.85,7732635.0
2016-02-16,35.03,38.26,34.94,36.75,12384447.0
2016-02-17,36.75,38.26,36.42,37.05,10548057.0
2016-02-18,37.32,37.44,35.85,37.17,10242516.0
2016-02-19,36.45,37.35,36.03,36.99,11527050.0
2016-02-22,37.65,37.65,36.75,37.11,11667996.0
2016-02-23,37.44,37.44,35.7,36.33,10899744.0
2016-02-24,36.09,39.1,35.97,37.95,21816936.0
2016-02-25,37.53,37.89,34.16,34.16,14375252.0
2016-02-26,33.89,35.85,32.17,35.39,14388141.0
2016-02-29,35.48,36.27,31.93,33.19,26505494.0
2016-03-01,33.1,36.15,32.23,35.85,20022138.0
2016-03-02,36.45,38.68,36.21,38.56,21309922.0
2016-03-03,38.44,40.3,37.8,37.86,20959456.0
2016-03-04,37.65,38.41,35.82,36.18,13261608.0
2016-03-07,36.93,38.68,36.9,37.89,16596630.0
2016-03-08,37.05,41.51,35.54,40.27,22396124.0
2016-03-09,38.56,39.76,37.47,37.74,16263713.0
2016-03-10,37.71,38.41,35.85,35.85,18102464.0
2016-03-11,35.24,35.33,33.74,34.55,13335075.0
2016-03-14,35.21,36.51,34.91,35.73,14160288.0
2016-03-15,35.76,36.6,35.24,36.54,14611788.0
2016-03-16,36.45,36.6,34.85,35.09,12604271.0
2016-03-17,35.33,37.59,35.03,37.32,20323408.0
2016-03-18,37.11,39.01,37.05,38.44,21765190.0
2016-03-21,39.25,40.3,37.68,40.15,32087806.0
2016-03-22,39.1,41.21,38.65,38.71,29724712.0
2016-03-23,38.26,38.86,37.65,38.8,24563416.0
2016-03-24,38.56,38.62,37.74,38.17,19125668.0
2016-03-25,39.13,40.64,38.59,39.55,31649452.0
2016-03-28,39.16,39.52,38.2,38.32,22430068.0
2016-03-29,38.14,38.8,36.39,37.2,15282942.0
2016-03-30,37.71,38.41,37.2,38.38,15810549.0
2016-03-31,38.38,38.56,37.68,37.98,14037932.0
2016-04-01,37.65,37.92,36.6,37.29,11558691.0
2016-04-05,37.2,38.44,37.05,38.29,11555404.0
2016-04-06,38.2,38.53,37.71,38.2,11249707.0
2016-04-07,38.8,39.04,37.98,38.14,17418308.0
2016-04-08,37.62,37.86,36.0,36.69,15979248.0
2016-04-11,36.9,39.07,36.9,38.98,23366068.0
2016-04-12,38.98,40.57,38.23,38.65,40079548.0
2016-04-13,38.98,40.3,38.83,39.34,32660570.0
2016-04-14,39.76,40.61,39.19,39.88,18687896.0
2016-04-15,40.03,40.45,39.55,39.79,15126843.0
2016-04-18,39.61,39.61,38.29,38.71,11756657.0
2016-04-19,39.1,39.61,38.1,38.41,10606953.0
2016-04-20,38.62,38.77,34.97,35.6,18208908.0
2016-04-21,35.48,36.3,35.12,35.36,10522411.0
2016-04-22,35.21,35.6,34.04,35.24,8787157.0
2016-04-25,35.39,35.85,34.64,35.6,6194039.0
2016-04-26,35.57,35.85,34.79,35.6,9909481.0
2016-04-27,35.82,35.85,34.82,35.03,7696625.0
2016-04-28,35.12,35.21,33.13,34.19,10902026.0
2016-04-29,34.19,34.34,33.5,33.62,9338528.0
2016-05-03,33.07,34.43,33.01,34.43,12804367.0
2016-05-04,34.25,34.43,33.77,34.19,10399769.0
2016-05-05,34.16,34.79,34.07,34.49,8961139.0
2016-05-06,34.55,34.85,33.13,33.19,11005364.0
2016-05-09,33.01,33.01,30.03,30.48,13651132.0
2016-05-10,30.48,31.27,30.36,30.6,6839458.0
2016-05-11,30.79,31.09,29.67,29.79,8892193.0
2016-05-12,29.4,30.66,28.68,30.39,9891046.0
2016-05-13,30.39,30.72,29.85,30.03,5376312.0
2016-05-16,30.36,31.03,29.88,31.0,7982261.0
2016-05-17,31.0,31.51,30.42,31.03,7091333.0
2016-05-18,30.48,30.72,29.52,29.79,5928130.0
2016-05-19,29.79,30.57,29.76,29.88,5220543.0
2016-05-20,29.58,30.27,29.52,30.21,4354329.0
2016-05-23,30.42,30.69,30.3,30.48,6031394.0
2016-05-24,31.87,33.53,31.63,31.9,20979674.0
2016-05-25,32.23,32.44,30.88,31.24,12249640.0
2016-05-26,30.57,31.15,29.82,30.85,10034738.0
2016-05-27,30.82,31.42,30.57,30.88,6724305.0
2016-05-30,31.03,32.17,31.03,31.78,13815251.0
2016-05-31,31.9,33.26,31.57,33.04,16236293.0
2016-06-01,32.83,33.41,32.53,32.74,13997920.0
2016-06-02,32.62,33.07,32.38,32.83,9073174.0
2016-06-03,32.86,33.13,32.38,32.95,10599843.0
2016-06-06,32.83,33.32,32.47,33.1,9765339.0
2016-06-07,32.95,33.1,32.29,32.47,8279541.0
2016-06-08,32.32,32.68,32.02,32.11,6654400.0
2016-06-13,31.63,31.69,29.85,29.97,12674576.0
2016-06-14,29.67,30.48,29.37,29.85,8485184.0
2016-06-15,29.37,30.82,29.28,30.45,8747895.0
2016-06-16,30.51,30.57,29.97,30.12,7453170.0
2016-06-17,30.15,31.6,30.15,31.33,15882791.0
2016-06-20,31.36,31.36,30.24,30.79,7622355.0
2016-06-21,30.94,31.24,30.21,30.39,7573537.0
2016-06-22,30.42,30.97,30.15,30.88,7793039.0
2016-06-23,30.85,31.06,30.51,30.94,6914267.0
2016-06-24,30.91,31.12,29.76,30.36,8404377.0
2016-06-27,30.09,31.27,30.0,31.18,9109685.0
2016-06-28,31.39,32.5,31.33,32.29,19965963.0
2016-06-29,32.29,32.8,31.93,32.08,15300369.0
2016-06-30,31.96,32.77,31.78,32.32,10278858.0
2016-07-01,32.23,32.59,31.69,31.87,7007405.0
2016-07-04,31.33,35.06,31.24,34.55,31974699.0
2016-07-05,34.94,36.45,34.7,35.21,38948994.0
2016-07-06,35.09,35.48,34.28,35.42,15779765.0
2016-07-07,35.42,37.08,35.39,35.6,27508317.0
2016-07-08,35.7,36.99,35.21,36.27,20859357.0
2016-07-11,36.36,37.05,35.54,35.76,15931315.0
2016-07-12,35.66,36.9,35.39,36.75,18080138.0
2016-07-13,37.02,38.14,36.81,37.38,20440881.0
2016-07-14,38.17,38.29,36.48,36.9,13712747.0
2016-07-15,37.23,37.35,35.12,35.3,25318377.0
2016-07-18,35.33,35.33,34.04,34.52,24382376.0
2016-07-19,34.58,35.3,34.4,35.15,16818527.0
2016-07-20,35.88,36.45,35.33,35.42,18430381.0
2016-07-21,35.24,35.94,35.12,35.66,12600486.0
2016-07-22,35.63,35.63,34.82,34.88,9778857.0
2016-07-25,34.73,35.09,34.19,34.49,9395070.0
2016-07-26,34.49,36.48,34.49,36.36,24055051.0
2016-07-27,36.24,37.02,33.44,35.82,30902379.0
2016-07-28,35.27,35.82,34.13,35.45,17734146.0
2016-07-29,35.21,36.63,35.12,36.0,22039056.0
2016-08-01,35.6,35.97,33.26,33.47,18103675.0
2016-08-02,33.5,34.04,33.32,33.98,9036196.0
2016-08-03,33.92,34.43,33.74,33.98,10068718.0
2016-08-04,34.04,34.25,33.74,34.01,6459462.0
2016-08-05,34.07,34.19,33.29,33.44,8285797.0
2016-08-08,33.5,35.7,33.13,35.48,15425137.0
2016-08-09,35.39,35.7,34.64,35.54,12344236.0
2016-08-10,35.45,35.97,35.06,35.6,12100463.0
2016-08-11,35.39,35.48,34.19,34.28,9662402.0
2016-08-12,34.37,34.7,34.07,34.67,5526001.0
2016-08-15,34.91,36.09,34.61,35.66,13167327.0
2016-08-16,35.66,36.57,35.3,36.15,16388892.0
2016-08-17,35.91,36.42,35.51,35.97,11082369.0
2016-08-18,36.09,36.63,35.51,36.45,17508792.0
2016-08-19,36.57,36.57,35.73,36.39,10242710.0
2016-08-22,36.48,36.69,35.7,35.73,9685067.0
2016-08-23,35.7,35.73,34.94,35.18,10730352.0
2016-08-24,35.42,35.63,34.73,35.0,8700347.0
2016-08-25,34.52,34.94,34.22,34.88,7814536.0
2016-08-26,34.88,36.21,34.76,35.39,12732202.0
2016-08-29,35.6,35.6,34.91,34.94,8223941.0
2016-08-30,34.82,35.18,34.31,34.61,9123711.0
2016-08-31,34.55,34.91,34.25,34.76,5921976.0
2016-09-01,34.67,34.94,34.19,34.19,5915349.0
2016-09-02,34.25,34.7,34.04,34.64,8413021.0
2016-09-05,35.0,35.0,34.19,34.28,8765787.0
2016-09-06,34.28,34.37,33.26,34.37,13189037.0
2016-09-07,34.28,34.61,34.04,34.25,7347407.0
2016-09-08,34.25,34.58,33.77,34.34,5301064.0
2016-09-09,34.31,34.34,33.89,33.89,5199344.0
2016-09-12,33.13,33.53,32.53,32.53,7744710.0
2016-09-13,32.86,33.01,32.23,32.56,4258564.0
2016-09-14,32.47,32.98,32.23,32.83,4059928.0
2016-09-19,32.83,33.26,32.74,32.92,4876285.0
2016-09-20,32.92,33.04,32.56,32.65,2780616.0
2016-09-21,32.62,32.95,32.5,32.83,3364700.0
2016-09-22,32.98,33.19,32.74,32.74,3372303.0
2016-09-23,32.59,32.68,32.02,32.38,5067353.0
2016-09-26,32.41,33.29,32.23,32.74,9443825.0
2016-09-27,32.68,32.98,32.38,32.98,5209550.0
2016-09-28,33.01,33.68,32.71,33.26,6902250.0
2016-09-29,33.29,33.86,33.29,33.68,7520969.0
2016-09-30,33.62,33.62,33.04,33.29,4613266.0
2016-10-10,33.38,33.83,33.23,33.77,6023726.0
2016-10-11,33.8,33.86,33.53,33.74,4088311.0
2016-10-12,33.83,34.79,33.74,34.37,12694496.0
2016-10-13,34.34,34.46,33.74,33.95,5403537.0
2016-10-14,33.68,33.98,33.13,33.47,6718143.0
2016-10-17,33.92,34.25,33.38,33.47,7139368.0
2016-10-18,33.53,33.68,33.07,33.62,8783752.0
2016-10-19,33.71,33.83,33.13,33.32,6518545.0
2016-10-20,33.35,33.65,33.13,33.53,5468501.0
2016-10-21,33.53,33.68,32.77,32.98,7200690.0
2016-10-24,32.98,33.53,32.98,33.38,5101713.0
2016-10-25,33.5,33.65,33.19,33.47,4904295.0
2016-10-26,33.59,34.04,33.59,33.68,7526175.0
2016-10-27,33.65,33.65,33.13,33.16,7684713.0
2016-10-28,33.16,33.29,32.86,32.86,4852273.0
2016-10-31,32.71,33.13,32.59,33.07,3568635.0
2016-11-01,33.13,33.23,32.83,33.19,3890456.0
2016-11-02,33.16,33.16,32.35,32.47,8805785.0
2016-11-03,32.41,32.74,32.17,32.5,5319439.0
2016-11-04,32.53,32.59,32.2,32.35,4467293.0
2016-11-07,32.35,32.65,32.26,32.53,3334430.0
2016-11-08,32.68,32.74,32.5,32.62,3420701.0
2016-11-09,32.65,32.71,31.78,32.05,6106984.0
2016-11-10,32.23,32.56,32.23,32.53,4356283.0
2016-11-11,32.62,33.16,32.62,33.1,8644917.0
2016-11-14,32.95,33.23,32.89,33.07,7527958.0
2016-11-15,33.16,33.19,32.92,33.19,4789713.0
2016-11-16,33.19,33.59,33.04,33.38,7787225.0
2016-11-17,33.41,33.68,32.98,33.04,6612622.0
2016-11-18,33.04,33.29,32.56,33.07,6148732.0
2016-11-21,32.83,33.16,32.56,32.77,5963400.0
2016-11-22,32.83,33.13,32.62,32.89,6866364.0
2016-11-23,32.95,33.35,32.83,32.95,7197642.0
2016-11-24,32.89,33.16,32.56,32.62,5298285.0
2016-11-25,32.68,32.77,32.02,32.59,6173465.0
2016-11-28,32.62,33.1,32.62,32.98,5864645.0
2016-11-29,32.92,33.07,32.26,32.47,4881583.0
2016-11-30,32.47,32.53,32.05,32.38,5599896.0
2016-12-01,32.38,32.62,32.29,32.44,3378768.0
2016-12-02,32.35,32.47,31.48,31.63,6828719.0
2016-12-05,31.12,31.93,31.12,31.66,3082553.0
2016-12-06,31.78,32.17,31.75,31.9,3131065.0
2016-12-07,31.9,32.08,31.78,32.08,2664689.0
2016-12-08,32.17,32.17,31.75,31.78,2180192.0
2016-12-09,31.78,31.9,31.36,31.48,2357721.0
2016-12-12,31.51,31.69,28.62,29.16,9433701.0
2016-12-13,29.16,29.34,28.86,29.25,3810749.0
2016-12-14,29.22,30.3,29.01,29.73,7743082.0
2016-12-15,29.28,30.6,29.28,29.88,3840713.0
2016-12-16,29.91,30.18,29.85,30.12,3208114.0
2016-12-19,30.12,30.45,29.97,30.18,3025818.0
2016-12-20,30.12,31.48,29.97,30.79,7137789.0
2016-12-21,30.94,31.24,30.42,30.76,5207017.0
2016-12-22,30.85,31.18,30.6,30.69,5845283.0
2016-12-23,30.69,30.88,30.27,30.48,2414169.0
2016-12-26,30.48,30.88,30.21,30.72,3636453.0
2016-12-27,31.03,31.78,31.03,31.6,9445617.0
2016-12-28,31.3,31.78,30.91,31.15,5583216.0
2016-12-29,30.85,31.33,30.76,30.85,4147193.0
2016-12-30,31.03,31.03,30.54,30.82,4200605.0
2017-01-03,30.85,31.84,30.82,31.84,10112121.0
2017-01-04,31.42,32.92,31.21,32.41,15950377.0
2017-01-05,32.23,32.86,31.93,32.23,11164017.0
2017-01-06,32.23,32.95,31.93,32.62,11547159.0
2017-01-09,32.59,34.1,32.59,33.53,19053072.0
2017-01-10,33.53,34.49,33.5,33.8,16626887.0
2017-01-11,33.65,33.8,32.56,32.86,8194383.0
2017-01-12,32.86,33.38,32.11,32.29,5461026.0
2017-01-13,32.2,32.59,31.63,31.84,5248848.0
2017-01-16,31.93,32.56,29.58,30.72,7462094.0
2017-01-17,30.57,31.15,29.85,31.03,5831857.0
2017-01-18,30.94,31.24,30.48,30.82,3856947.0
2017-01-19,30.85,31.54,30.72,30.94,4832221.0
2017-01-20,31.27,31.39,30.91,31.33,2648107.0
2017-01-23,31.27,31.99,31.06,31.72,4231393.0
2017-01-24,31.66,31.66,30.85,31.06,5450946.0
2017-01-25,31.06,31.63,30.85,31.45,4897418.0
2017-01-26,31.48,31.66,31.09,31.48,2535675.0
2017-02-03,31.54,31.57,29.85,30.3,9149910.0
2017-02-06,30.3,30.94,30.12,30.91,5717822.0
2017-02-07,30.79,31.03,30.42,30.82,4029848.0
2017-02-08,30.79,31.3,30.42,31.3,5302792.0
2017-02-09,31.51,32.62,31.51,32.23,9504808.0
2017-02-10,32.08,32.89,32.08,32.74,8704941.0
2017-02-13,32.53,33.13,32.29,33.01,9438930.0
2017-02-14,32.83,33.16,32.65,32.8,4879034.0
2017-02-15,32.95,33.13,32.2,32.2,7405531.0
2017-02-16,32.23,32.92,32.11,32.5,9197475.0
2017-02-17,32.47,32.86,31.66,31.9,8503087.0
2017-02-20,31.9,32.74,31.57,32.53,6308433.0
2017-02-21,32.32,32.62,31.99,32.41,6059119.0
2017-02-22,32.47,32.8,32.02,32.74,6771464.0
2017-02-23,32.59,33.35,32.17,32.98,10899308.0
2017-02-24,32.83,33.04,32.53,32.59,6360551.0
2017-02-27,32.59,33.1,32.29,32.68,9296730.0
2017-02-28,32.68,32.83,32.17,32.44,6710537.0
2017-03-01,32.23,32.77,31.93,32.11,8520060.0
2017-03-02,32.26,32.59,32.05,32.17,5333404.0
2017-03-03,32.08,32.98,32.08,32.83,8852401.0
2017-03-06,32.83,33.07,32.5,33.07,8132791.0
2017-03-07,33.41,33.41,32.74,32.86,7723790.0
2017-03-08,33.01,33.01,32.17,32.44,7276733.0
2017-03-09,32.26,32.32,31.42,31.78,6994392.0
2017-03-10,31.75,31.96,31.51,31.81,4123623.0
2017-03-13,31.81,32.08,31.54,31.87,4022028.0
2017-03-14,31.84,32.08,31.54,31.66,3962023.0
2017-03-15,31.66,32.05,31.57,32.02,3753536.0
2017-03-16,31.81,32.11,31.63,32.11,9367682.0
2017-03-17,32.02,32.17,31.54,31.57,6367005.0
2017-03-20,31.57,31.6,30.97,31.15,9008095.0
2017-03-21,31.21,31.21,30.6,30.85,8459643.0
2017-03-22,30.72,30.91,30.33,30.69,5927978.0
2017-03-23,30.79,30.97,30.6,30.94,5055590.0
2017-03-24,30.88,31.03,30.69,30.94,3316288.0
2017-03-27,30.85,30.91,30.51,30.69,2923475.0
2017-03-28,30.69,30.88,30.57,30.72,2525793.0
2017-03-29,30.79,30.79,30.12,30.27,3697600.0
2017-03-30,30.42,30.42,29.88,30.0,3582480.0
2017-03-31,30.06,30.39,30.0,30.36,2975521.0
2017-04-05,30.27,30.82,30.27,30.72,4195432.0
2017-04-06,30.76,30.76,30.45,30.69,5788577.0
2017-04-07,30.66,31.12,30.57,31.03,6561198.0
2017-04-10,31.06,31.06,30.57,30.88,4423841.0
2017-04-11,30.85,31.27,30.27,31.12,11454443.0
2017-04-12,31.06,31.24,30.66,30.72,6721102.0
2017-04-13,30.94,31.03,30.72,30.91,3061671.0
2017-04-14,30.91,30.91,30.12,30.54,5379449.0
2017-04-17,30.27,30.48,30.0,30.42,2955068.0
2017-04-18,30.21,30.36,29.97,30.18,6653294.0
2017-04-19,30.18,30.24,29.58,30.15,4115641.0
2017-04-20,30.06,30.21,29.52,29.7,3886182.0
2017-04-21,29.7,29.73,29.16,29.46,3230508.0
2017-04-24,29.37,29.37,27.92,28.59,4898147.0
2017-04-25,28.65,28.71,27.38,27.65,8102156.0
2017-04-26,27.68,27.86,26.18,26.21,10457032.0
2017-04-27,26.21,26.21,24.76,25.75,20102439.0
2017-04-28,25.42,25.78,25.27,25.72,8944704.0
2017-05-02,25.72,25.81,25.33,25.72,4946540.0
2017-05-03,25.57,25.72,25.3,25.66,5616586.0
2017-05-04,25.66,25.78,25.45,25.54,5466727.0
2017-05-05,25.42,25.42,24.79,24.79,5994908.0
2017-05-08,24.73,24.73,23.8,23.98,8027280.0
2017-05-09,23.89,24.37,23.74,24.22,4724113.0
2017-05-10,24.13,24.31,23.31,23.41,5000593.0
2017-05-11,23.28,23.44,22.23,23.01,6413756.0
2017-05-12,23.01,23.25,22.68,23.1,5126203.0
2017-05-15,23.19,23.28,22.95,22.98,3750479.0
2017-05-16,22.98,23.71,22.5,23.71,6496290.0
2017-05-17,23.5,24.22,23.41,23.74,6407905.0
2017-05-18,23.5,23.83,23.31,23.47,4216867.0
2017-05-19,23.44,23.68,23.31,23.62,5051304.0
2017-05-22,23.62,23.77,22.86,23.22,4747029.0
2017-05-23,23.07,23.1,22.23,22.29,5306569.0
2017-05-24,22.05,22.65,21.66,22.5,4996119.0
2017-05-25,22.5,22.83,22.11,22.65,5140899.0
2017-05-26,22.68,22.74,22.47,22.53,2884943.0
2017-05-31,22.74,22.92,22.29,22.29,3429599.0
2017-06-01,22.17,22.38,21.69,21.78,3639396.0
2017-06-02,21.69,22.14,21.3,21.96,4248669.0
2017-06-05,22.08,22.35,21.9,22.2,3510943.0
2017-06-06,22.2,23.38,22.11,23.22,9347178.0
2017-06-07,23.04,23.56,22.98,23.28,8373364.0
2017-06-08,23.28,23.31,22.95,23.13,5419713.0
2017-06-09,23.07,23.16,22.83,23.13,3700327.0
2017-06-12,22.98,22.98,22.71,22.83,3622800.0
2017-06-13,22.8,23.28,22.65,23.13,4390489.0
2017-06-14,23.19,23.31,22.83,23.19,4622910.0
2017-06-15,23.22,24.58,23.07,24.07,12582045.0
2017-06-16,24.07,24.94,23.98,24.4,12715201.0
2017-06-19,24.37,24.58,23.98,24.43,5571104.0
2017-06-20,24.4,24.58,24.16,24.25,6071825.0
2017-06-21,24.37,24.37,23.95,24.13,4440364.0
2017-06-22,24.13,24.13,23.25,23.28,6866167.0
2017-06-23,23.22,23.56,23.07,23.53,4612888.0
2017-06-26,23.71,24.19,23.65,24.19,5192485.0
2017-06-27,24.16,24.28,23.86,24.04,4297028.0
2017-06-28,23.95,24.25,23.83,24.07,3138353.0
2017-06-29,23.95,24.55,23.95,24.25,4273063.0
2017-06-30,24.25,24.25,24.01,24.22,3482627.0
2017-07-03,24.22,24.28,23.89,24.25,3794545.0
2017-07-04,24.25,24.37,24.1,24.34,3443762.0
2017-07-05,24.46,24.79,24.31,24.76,7251493.0
2017-07-06,24.61,24.73,24.13,24.49,7257208.0
2017-07-07,24.43,24.43,24.07,24.37,5409967.0
2017-07-10,24.25,24.94,24.19,24.91,10863458.0
2017-07-11,24.85,25.24,24.34,24.37,9428705.0
2017-07-12,24.34,24.55,23.89,24.34,4929029.0
2017-07-13,24.31,25.12,24.28,25.12,10162622.0
2017-07-14,25.12,25.12,24.61,24.97,5113647.0
2017-07-17,24.88,24.88,22.89,23.22,9305797.0
2017-07-18,23.19,23.56,22.77,23.5,4097184.0
2017-07-19,23.65,24.37,23.59,23.83,7505420.0
2017-07-20,23.77,24.19,23.65,23.86,6460242.0
2017-07-21,23.74,23.92,23.5,23.62,5335002.0
2017-07-24,23.5,23.98,23.47,23.86,4621842.0
2017-07-25,23.8,23.89,23.34,23.56,4629250.0
2017-07-26,23.59,24.37,23.16,24.37,9391025.0
2017-07-27,24.25,25.12,24.19,24.88,13522434.0
2017-07-28,24.79,24.88,24.52,24.67,6048954.0
2017-07-31,24.64,25.0,24.28,24.91,9421378.0
2017-08-01,24.88,25.18,24.43,24.64,8050876.0
2017-08-02,24.67,24.67,24.31,24.4,5159174.0
2017-08-03,24.43,24.97,24.28,24.73,7492594.0
2017-08-04,24.73,25.51,24.28,25.39,16012836.0
2017-08-07,25.21,25.85,24.88,25.81,12012846.0
2017-08-08,25.78,25.88,25.24,25.33,9056304.0
2017-08-09,25.39,25.63,25.03,25.57,6813809.0
2017-08-10,26.21,26.93,25.85,26.3,20912277.0
2017-08-11,25.88,26.81,25.39,25.45,14245412.0
2017-08-14,25.3,25.63,25.12,25.48,10254826.0
2017-08-15,25.45,25.54,25.18,25.51,5456186.0
2017-08-16,25.57,25.57,25.09,25.3,5601490.0
2017-08-17,25.18,25.39,25.0,25.27,5666658.0
2017-08-18,24.7,24.76,24.16,24.46,13058763.0
2017-08-21,24.43,24.58,24.31,24.58,4482001.0
2017-08-22,24.52,24.61,24.4,24.58,3275669.0
2017-08-23,24.61,24.61,24.04,24.22,5900628.0
2017-08-24,24.19,24.34,23.5,23.83,7209841.0
2017-08-25,23.77,23.95,23.62,23.92,4866300.0
2017-08-28,23.89,24.04,23.77,23.98,4223839.0
2017-08-29,23.92,23.98,23.53,23.89,7019950.0
2017-08-30,23.8,23.8,23.59,23.74,3902554.0
2017-08-31,23.8,23.89,23.65,23.83,3214020.0
2017-09-01,23.8,23.89,23.71,23.86,3375998.0
2017-09-04,23.8,23.83,23.65,23.77,3766680.0
2017-09-05,23.83,23.83,23.59,23.71,3864546.0
2017-09-06,23.62,23.68,23.25,23.65,6137201.0
2017-09-07,23.62,23.74,23.47,23.56,3433363.0
2017-09-08,23.62,23.74,23.38,23.47,4604244.0
2017-09-11,23.41,23.56,23.28,23.53,3450937.0
2017-09-12,23.59,23.65,23.41,23.53,3675300.0
2017-09-13,23.59,23.59,23.41,23.59,2197817.0
2017-09-14,23.59,24.1,23.53,24.1,8157184.0
2017-09-15,24.1,24.31,23.8,24.22,8319696.0
2017-09-18,24.19,24.49,23.95,24.37,6477356.0
2017-09-19,24.25,24.43,23.86,24.13,5008001.0
2017-09-20,24.07,24.16,23.8,24.1,3806201.0
2017-09-21,24.1,24.1,23.68,23.71,3918500.0
2017-09-22,23.71,23.71,22.77,23.16,8573980.0
2017-09-25,23.07,23.13,22.47,22.53,5990801.0
2017-09-26,22.53,22.74,22.5,22.68,2300541.0
2017-09-27,22.68,23.07,22.59,22.95,3109500.0
2017-09-28,22.98,23.01,22.71,22.86,2608542.0
2017-09-29,22.86,23.04,22.8,23.04,1988100.0
2017-10-09,23.19,23.28,22.98,23.16,4247252.0
2017-10-10,23.1,23.68,23.07,23.65,5320179.0
2017-10-11,23.74,23.77,23.34,23.5,4048110.0
2017-10-12,23.44,23.47,23.1,23.25,2397100.0
2017-10-13,23.25,23.38,23.1,23.34,3002900.0
2017-10-16,23.34,23.34,22.53,22.68,5318701.0
2017-10-17,22.62,22.8,22.5,22.68,2221600.0
2017-10-18,22.68,22.74,22.32,22.47,2876600.0
2017-10-19,22.32,22.44,21.87,22.02,3269932.0
2017-10-20,21.96,22.26,21.93,22.26,1787884.0
2017-10-23,22.23,22.44,22.2,22.44,1778000.0
2017-10-24,22.44,22.53,22.29,22.53,2006714.0
2017-10-25,22.44,22.59,22.44,22.59,1275652.0
2017-10-26,22.62,22.65,22.44,22.62,2119865.0
2017-10-27,22.62,22.65,22.35,22.5,2078900.0
2017-10-30,22.35,22.53,21.78,22.17,3299001.0
2017-10-31,21.99,22.14,21.78,22.05,2637515.0
2017-11-01,21.99,21.99,21.81,21.96,2188601.0
2017-11-02,21.81,21.9,21.69,21.75,2381450.0
2017-11-03,21.75,21.9,21.57,21.66,2185651.0
2017-11-06,21.15,21.72,21.15,21.66,2269050.0
2017-11-07,21.78,21.78,21.42,21.6,1920466.0
2017-11-08,21.6,21.72,21.48,21.57,2111070.0
2017-11-09,21.66,21.66,21.48,21.63,1565966.0
2017-11-10,21.6,21.66,21.54,21.6,1822600.0
2017-11-13,21.6,21.66,21.48,21.6,1999770.0
2017-11-14,21.63,21.66,21.24,21.3,2929571.0
2017-11-15,21.27,21.33,21.0,21.18,2887600.0
2017-11-16,21.12,21.18,20.94,21.03,2542644.0
2017-11-17,20.94,21.0,19.79,20.03,5930206.0
2017-11-20,19.94,19.94,19.13,19.85,3409821.0
2017-11-21,19.76,19.85,19.43,19.7,2831526.0
2017-11-22,19.61,20.12,19.55,19.76,2779200.0
2017-11-23,19.76,19.88,19.25,19.46,2603585.0
2017-11-24,19.37,19.46,18.89,18.98,3504164.0
2017-11-27,18.98,19.07,18.5,18.59,2126100.0
2017-11-28,18.43,18.86,18.43,18.83,2354801.0
2017-11-29,18.83,18.83,18.5,18.71,2177500.0
2017-11-30,18.65,19.16,18.62,18.95,4942936.0
2017-12-01,18.92,19.07,18.92,19.04,2001099.0
2017-12-04,19.04,19.19,18.68,18.92,3457453.0
2017-12-05,18.89,18.89,18.1,18.31,3444536.0
2017-12-06,18.25,18.47,18.04,18.4,1985619.0
2017-12-07,18.4,18.4,17.86,18.25,2091402.0
2017-12-08,18.22,18.37,18.13,18.34,2914602.0
2017-12-11,18.34,18.5,18.25,18.47,2541984.0
2017-12-12,18.43,18.53,18.19,18.31,3001500.0
2017-12-13,18.19,18.59,18.19,18.59,3134034.0
2017-12-14,18.65,19.1,18.59,18.89,6545771.0
2017-12-15,18.74,18.83,18.5,18.74,3292446.0
2017-12-18,18.74,18.74,18.37,18.5,2005441.0
2017-12-19,18.43,18.62,18.43,18.53,1900001.0
2017-12-20,18.43,18.56,18.07,18.22,3110501.0
2017-12-21,18.19,18.28,17.98,18.19,2046518.0
2017-12-22,18.1,18.25,18.04,18.19,1569500.0
2017-12-25,18.22,18.22,17.83,17.95,2169508.0
2017-12-26,17.92,17.92,17.74,17.89,1959000.0
2017-12-27,17.86,18.01,17.83,17.89,2471437.0
2017-12-28,17.83,18.13,17.71,18.04,3297816.0
2017-12-29,17.98,18.13,17.89,18.1,1661310.0
2018-01-02,18.13,18.28,18.01,18.28,3356316.0
2018-01-03,18.31,18.53,18.16,18.47,4515154.0
2018-01-04,18.37,18.53,18.34,18.43,2555576.0
2018-01-05,18.43,18.89,18.4,18.8,5759527.0
2018-01-08,18.8,18.98,18.56,18.8,4512677.0
2018-01-09,18.8,18.83,18.5,18.65,3470115.0
2018-01-10,18.65,18.65,18.16,18.31,2781000.0
2018-01-11,18.25,18.56,18.25,18.53,2229692.0
2018-01-12,18.53,18.56,18.37,18.37,1772117.0
2018-01-15,18.34,18.43,17.71,17.74,3687496.0
2018-01-16,17.77,17.89,17.68,17.77,2261192.0
2018-01-17,17.86,17.86,17.35,17.71,2887907.0
2018-01-18,17.71,17.8,17.59,17.77,1623400.0
2018-01-19,17.8,18.68,17.68,18.53,8063723.0
2018-01-22,18.59,18.89,18.43,18.56,6144788.0
2018-01-23,18.5,19.22,18.47,19.1,8331851.0
2018-01-24,19.04,19.19,18.4,18.86,8393541.0
2018-01-25,18.74,18.89,18.56,18.62,6036101.0
2018-01-26,18.56,18.83,18.43,18.68,4349300.0
2018-01-29,18.74,18.74,18.22,18.25,3523346.0
2018-01-30,17.83,17.92,17.65,17.86,3988053.0
2018-01-31,17.83,17.92,17.35,17.44,3191835.0
2018-02-01,17.44,17.53,15.9,15.9,7391544.0
2018-02-02,15.87,15.9,15.24,15.36,5299004.0
2018-02-05,15.06,15.45,14.88,15.36,2530999.0
2018-02-06,15.09,15.33,14.76,14.79,3082056.0
2018-02-07,15.03,15.21,14.73,14.97,2265500.0
2018-02-08,14.88,15.33,14.88,15.15,1658400.0
2018-02-09,14.91,15.15,14.76,15.03,3013900.0
2018-02-12,15.15,15.6,15.12,15.42,2251712.0
2018-02-13,15.54,15.66,15.36,15.45,1835700.0
2018-02-14,15.48,15.57,15.27,15.48,1610012.0
2018-02-22,15.54,15.69,15.45,15.6,1792901.0
2018-02-23,15.6,15.63,15.39,15.51,1424239.0
2018-02-26,15.57,16.0,15.42,15.93,3737608.0
2018-02-27,15.87,15.96,15.72,15.84,2724955.0
2018-02-28,15.75,15.84,15.63,15.78,2036100.0
2018-03-01,15.57,16.06,15.57,15.96,3060001.0
2018-03-02,15.87,16.03,15.69,15.78,2189000.0
2018-03-05,15.81,15.84,15.57,15.75,2549061.0
2018-03-06,15.75,16.18,15.69,16.12,4477501.0
2018-03-07,16.03,16.21,15.78,16.0,3205982.0
2018-03-08,15.93,16.39,15.81,16.18,4131880.0
2018-03-09,16.15,16.84,16.09,16.78,7049038.0
2018-03-12,16.84,16.99,16.69,16.81,4963667.0
2018-03-13,16.81,17.38,16.69,17.11,8821046.0
2018-03-14,16.99,17.17,16.57,16.6,4615300.0
2018-03-15,16.6,16.69,16.18,16.45,3392600.0
2018-03-16,16.39,16.6,16.33,16.48,2365700.0
2018-03-19,16.48,16.78,16.39,16.66,2224731.0
2018-03-20,16.57,16.93,16.48,16.87,3598150.0
2018-03-21,16.87,17.26,16.75,16.96,6190250.0
2018-03-22,17.77,18.53,17.08,17.26,16706858.0
2018-03-23,16.21,16.63,15.57,15.78,9614368.0
2018-03-26,15.39,15.96,15.27,15.93,3819566.0
2018-03-27,16.0,16.57,16.0,16.54,5314250.0
2018-03-28,16.39,16.63,16.21,16.57,3564398.0
2018-03-29,16.69,16.72,16.51,16.51,2893203.0
2018-03-30,16.57,16.81,16.57,16.69,2941590.0
2018-04-02,16.57,16.6,16.24,16.36,4484400.0
2018-04-03,16.21,16.21,15.63,15.78,5597998.0
2018-04-04,15.75,16.03,15.66,15.69,2525790.0
2018-04-09,15.66,15.81,15.57,15.69,2460400.0
2018-04-10,15.66,15.75,15.54,15.75,2054280.0
2018-04-11,15.75,15.87,15.66,15.75,2559780.0
2018-04-12,15.75,15.9,15.66,15.84,2390103.0
2018-04-13,15.87,16.06,15.72,15.72,1979700.0
2018-04-16,15.66,15.66,15.36,15.39,2341402.0
2018-04-17,15.39,15.51,15.15,15.18,1768700.0
2018-04-18,15.27,15.36,15.0,15.27,1993401.0
2018-04-19,15.27,15.36,15.24,15.3,1176290.0
2018-04-20,15.3,15.3,14.82,14.88,2374701.0
2018-04-23,14.91,14.97,14.73,14.88,1425709.0
2018-04-24,14.91,15.21,14.91,15.15,1711160.0
2018-04-25,15.15,15.15,15.03,15.15,2000749.0
2018-04-26,15.21,15.21,14.67,14.76,2359382.0
2018-04-27,14.76,14.88,14.73,14.79,1608901.0
2018-05-02,14.82,14.91,14.49,14.49,1598800.0
2018-05-03,14.49,14.55,13.98,14.52,3889314.0
2018-05-04,14.43,14.49,14.31,14.37,1983303.0
2018-05-07,14.34,14.67,14.31,14.64,1988001.0
2018-05-08,14.7,14.85,14.64,14.82,2253699.0
2018-05-09,14.79,14.88,14.67,14.85,1811591.0
2018-05-10,14.79,14.94,14.79,14.91,1673300.0
2018-05-11,15.0,15.0,14.82,14.91,1931500.0
2018-05-14,14.88,14.91,14.55,14.58,2002201.0
2018-05-15,14.58,14.82,14.52,14.79,1560984.0
2018-05-16,14.7,15.15,14.61,15.0,3624348.0
2018-05-17,14.97,16.51,14.97,16.51,21529021.0
2018-05-18,16.99,18.16,16.75,18.16,34924819.0
2018-05-21,19.1,19.97,19.1,19.97,24064242.0
2018-05-22,21.69,21.84,19.52,19.61,74768388.0
2018-05-23,18.62,19.16,18.19,18.25,44567559.0
2018-05-24,18.07,18.47,17.95,18.13,22007624.0
2018-05-25,18.07,18.92,17.5,18.37,37310956.0
2018-05-28,17.95,17.95,16.93,17.17,22755087.0
2018-05-29,17.32,18.34,17.02,17.74,30493830.0
2018-05-30,17.47,18.83,17.2,17.89,32314190.0
2018-05-31,18.01,18.4,17.5,18.31,23770135.0
2018-06-01,17.65,18.1,16.48,16.99,21599535.0
2018-06-04,16.93,17.53,16.9,17.17,12145600.0
2018-06-05,17.14,17.44,16.45,17.38,13902919.0
2018-06-06,17.11,17.14,16.72,17.11,12139401.0
2018-06-07,17.23,18.34,16.84,17.89,28307133.0
2018-06-08,17.62,17.89,16.72,17.2,18654902.0
2018-06-11,17.05,17.08,16.39,16.48,12476817.0
2018-06-12,16.39,16.66,15.96,16.63,9380951.0
2018-06-13,16.54,16.99,16.27,16.39,10319831.0
2018-06-14,16.21,16.54,15.06,15.6,14300326.0
2018-06-15,15.84,15.87,14.97,15.09,9185428.0
2018-06-19,14.76,14.97,13.59,13.77,12195490.0
2018-06-20,13.52,14.1,13.52,13.92,6240668.0
2018-06-21,13.92,14.46,13.83,13.92,8623632.0
2018-06-22,13.8,14.22,13.62,14.04,5254674.0
2018-06-25,14.46,14.52,13.95,14.01,5172626.0
2018-06-26,13.71,14.19,13.49,14.1,5389993.0
2018-06-27,14.07,14.4,14.01,14.13,5809418.0
2018-06-28,14.16,14.61,14.07,14.07,7471491.0
2018-06-29,14.01,14.43,13.89,14.4,6904491.0
2018-07-02,14.46,14.46,13.65,13.89,6873811.0
2018-07-03,14.01,14.19,13.74,14.19,5582800.0
2018-07-04,14.1,14.25,13.62,13.83,4949747.0
2018-07-05,13.74,13.89,12.95,12.95,7066500.0
2018-07-06,13.04,13.25,12.68,13.07,4773531.0
2018-07-09,13.13,13.59,13.07,13.49,3775100.0
2018-07-10,13.56,13.86,13.37,13.71,4983780.0
2018-07-11,13.43,13.46,13.07,13.4,4641294.0
2018-07-12,13.4,13.92,13.31,13.77,7130401.0
2018-07-13,13.71,14.22,13.68,14.01,10082528.0
2018-07-16,13.74,13.8,13.25,13.77,5861402.0
2018-07-17,13.8,14.01,13.62,13.95,4619102.0
2018-07-18,13.86,14.76,13.71,14.19,12593338.0
2018-07-19,13.98,14.1,13.62,13.77,6571600.0
2018-07-20,13.77,13.8,13.31,13.74,4118401.0
2018-07-23,13.49,13.8,13.43,13.8,3506000.0
2018-07-24,13.86,14.07,13.74,13.98,5306000.0
2018-07-25,14.22,15.36,14.07,15.36,8310037.0
2018-07-26,15.93,16.42,15.06,15.06,25669451.0
2018-07-27,14.73,15.27,14.61,14.82,11778351.0
2018-07-30,14.88,14.88,14.19,14.34,7764810.0
2018-07-31,14.25,14.73,14.25,14.4,5871848.0
2018-08-01,14.25,14.61,14.07,14.13,4413100.0
2018-08-02,13.98,14.1,13.19,13.43,6492151.0
2018-08-03,13.43,13.74,13.34,13.46,3739500.0
2018-08-06,13.31,13.95,13.19,13.49,4497800.0
2018-08-07,13.34,13.83,13.34,13.83,4837700.0
2018-08-08,13.86,14.64,13.65,14.01,7260450.0
2018-08-09,13.86,14.46,13.65,14.34,7358450.0
2018-08-10,14.4,14.46,14.01,14.13,4510399.0
2018-08-13,13.95,14.16,13.71,14.1,4010148.0
2018-08-14,14.01,14.19,13.89,14.01,2885294.0
2018-08-15,13.89,13.98,13.62,13.65,3147500.0
2018-08-16,13.56,14.07,13.46,13.77,4062394.0
2018-08-17,13.8,14.01,13.19,13.46,3195700.0
2018-08-20,13.31,13.56,13.13,13.56,2480001.0
2018-08-21,13.56,13.74,13.4,13.71,2889850.0
2018-08-22,13.68,13.71,13.19,13.22,3697738.0
2018-08-23,12.83,13.16,12.74,12.95,4583231.0
2018-08-24,12.92,13.01,12.83,12.92,2180700.0
2018-08-27,12.95,13.1,12.8,13.07,3542055.0
2018-08-28,13.07,13.37,13.07,13.22,2774900.0
2018-08-29,13.49,13.49,13.1,13.16,2757200.0
2018-08-30,13.07,13.19,12.92,12.98,1977900.0
2018-08-31,12.98,12.98,12.77,12.8,2493840.0
2018-09-03,12.8,12.86,12.44,12.59,2730800.0
2018-09-04,12.62,12.86,12.56,12.74,1810520.0
2018-09-05,12.77,12.92,12.59,12.65,2285100.0
2018-09-06,12.62,12.77,12.44,12.47,1841600.0
2018-09-07,12.5,12.77,12.47,12.56,1964716.0
2018-09-10,12.83,13.01,12.23,12.23,3491400.0
2018-09-11,12.23,12.29,11.99,12.2,2830700.0
2018-09-12,12.2,12.44,12.14,12.32,1601400.0
2018-09-13,12.41,12.68,12.32,12.62,2304716.0
2018-09-14,12.62,12.68,12.41,12.47,1434200.0
2018-09-17,12.47,12.5,12.11,12.11,1912500.0
2018-09-18,11.96,12.47,11.96,12.35,1838200.0
2018-09-19,12.35,12.56,12.29,12.47,1883500.0
2018-09-20,12.47,12.59,12.38,12.53,2269100.0
2018-09-21,12.59,12.8,12.53,12.71,4029501.0
2018-09-25,12.53,12.8,12.5,12.71,2541580.0
2018-09-26,12.74,12.77,12.53,12.65,3018480.0
2018-09-27,12.65,13.13,12.38,12.53,3491400.0
2018-09-28,12.38,12.56,12.29,12.35,3306607.0
2018-10-08,12.17,12.35,12.05,12.05,2407302.0
2018-10-09,12.08,12.23,12.05,12.17,1628750.0
2018-10-10,12.14,12.44,12.14,12.29,1851802.0
2018-10-11,11.99,12.05,11.05,11.09,4874090.0
2018-10-12,11.09,11.12,10.15,10.78,3480200.0
2018-10-15,10.72,10.96,10.6,10.69,1494504.0
2018-10-16,10.78,10.81,10.33,10.33,1948304.0
2018-10-17,10.48,10.57,10.18,10.48,2039900.0
2018-10-18,10.48,10.51,10.0,10.06,1779200.0
2018-10-19,9.91,10.24,9.79,10.12,2634294.0
2018-10-22,10.54,10.84,10.39,10.69,4369110.0
2018-10-23,10.54,10.72,10.39,10.39,2284500.0
2018-10-24,10.3,10.54,10.27,10.45,1915376.0
2018-10-25,10.3,11.51,10.0,11.51,6738451.0
2018-10-26,11.93,12.59,11.6,11.72,15928197.0
2018-10-29,10.93,11.69,10.9,11.42,10247846.0
2018-10-30,11.15,11.45,11.05,11.21,5734000.0
2018-10-31,11.21,11.33,11.02,11.15,4087287.0
2018-11-01,11.15,11.42,11.15,11.3,5122487.0
2018-11-02,11.51,11.51,11.3,11.48,4164449.0
2018-11-05,11.48,11.6,11.36,11.57,3471135.0
2018-11-06,11.63,11.69,11.42,11.66,3450967.0
2018-11-07,11.69,11.78,11.48,11.48,3014200.0
2018-11-08,11.54,11.66,11.48,11.51,2086100.0
2018-11-09,11.51,11.6,11.21,11.54,2390500.0
2018-11-12,11.42,11.81,11.42,11.81,3813519.0
2018-11-13,11.72,12.2,11.57,12.17,6705196.0
2018-11-14,12.26,12.44,11.93,12.02,5066000.0
2018-11-15,11.9,12.17,11.9,12.14,3700450.0
2018-11-16,12.2,12.35,12.08,12.32,4699210.0
2018-11-19,12.44,12.53,12.17,12.23,3718304.0
2018-11-20,12.35,12.35,11.87,12.02,4051900.0
2018-11-21,11.93,12.14,11.84,12.05,2609400.0
2018-11-22,12.05,12.26,12.05,12.23,2878703.0
2018-11-23,12.17,12.29,11.3,11.39,4803700.0
2018-11-26,11.48,12.02,11.39,11.93,5169804.0
2018-11-27,11.93,12.44,11.75,12.29,6606864.0
2018-11-28,12.2,12.26,11.78,12.17,3693750.0
2018-11-29,12.47,12.5,11.81,11.9,4862500.0
2018-11-30,11.69,12.08,11.66,12.02,2277000.0
2018-12-03,12.29,12.35,12.11,12.2,4530054.0
2018-12-04,12.23,12.26,12.11,12.23,2691800.0
2018-12-05,11.96,12.17,11.9,12.02,2617700.0
2018-12-06,12.14,12.17,11.87,11.93,2544600.0
2018-12-07,12.11,12.11,11.87,11.9,1576600.0
2018-12-10,12.02,12.02,11.78,11.84,1261337.0
2018-12-11,11.9,11.9,11.66,11.78,1869300.0
2018-12-12,11.81,11.84,11.69,11.75,978100.0
2018-12-13,11.81,11.9,11.72,11.81,1346560.0
2018-12-14,11.84,11.84,11.42,11.6,1806200.0
2018-12-17,11.6,11.6,11.42,11.57,1014701.0
2018-12-18,11.57,11.57,11.33,11.51,1105100.0
2018-12-19,11.33,11.51,11.18,11.18,981900.0
2018-12-20,11.18,11.87,10.99,11.6,3420089.0
2018-12-21,11.54,11.6,11.39,11.6,1272300.0
2018-12-24,11.51,11.84,11.48,11.69,1474900.0
2018-12-25,11.57,11.57,11.24,11.39,1856500.0
2018-12-26,11.39,11.69,11.33,11.6,1898200.0
2018-12-27,11.72,11.72,11.15,11.15,1842000.0
2018-12-28,11.3,11.57,11.12,11.57,1718300.0
2019-01-02,11.45,11.63,11.36,11.63,1789500.0
2019-01-03,11.6,11.75,11.48,11.6,1287602.0
2019-01-04,11.48,11.81,11.45,11.78,2135800.0
2019-01-07,11.78,11.99,11.72,11.96,2691432.0
2019-01-08,11.99,12.32,11.78,12.14,3731450.0
2019-01-09,12.23,12.23,11.9,11.96,3301702.0
2019-01-10,11.84,11.99,11.78,11.87,1774304.0
2019-01-11,11.84,11.99,11.72,11.93,2376604.0
2019-01-14,11.9,11.99,11.78,11.84,1033700.0
2019-01-15,11.84,11.93,11.78,11.87,1469550.0
2019-01-16,11.96,11.96,11.78,11.84,1555300.0
2019-01-17,11.84,11.87,11.78,11.84,1332900.0
2019-01-18,11.81,11.87,11.69,11.81,1423800.0
2019-01-21,11.81,11.9,11.66,11.81,1228800.0
2019-01-22,11.75,12.2,11.66,11.75,2576404.0
2019-01-23,11.63,11.81,11.6,11.69,1298900.0
2019-01-24,11.72,11.72,11.51,11.63,1328251.0
2019-01-25,11.63,11.66,11.48,11.48,1323702.0
2019-01-28,11.42,11.42,10.6,10.93,4681317.0
2019-01-29,10.84,10.9,10.15,10.75,3585802.0
2019-01-30,10.69,10.93,10.6,10.75,1269320.0
2019-01-31,10.72,10.87,10.36,10.51,1704600.0
2019-02-01,10.54,11.09,10.51,10.99,1950700.0
2019-02-11,11.02,11.24,10.99,11.18,1097100.0
2019-02-12,11.21,11.33,11.12,11.21,1664700.0
2019-02-13,11.24,11.48,11.18,11.42,2849286.0
2019-02-14,11.36,11.48,11.3,11.48,1712105.0
2019-02-15,11.51,11.51,11.36,11.39,1523700.0
2019-02-18,11.51,11.84,11.45,11.75,3915151.0
2019-02-19,11.78,11.9,11.66,11.87,3831489.0
2019-02-20,11.78,12.2,11.72,11.96,4269116.0
2019-02-21,11.99,11.99,11.72,11.78,3796000.0
2019-02-22,11.78,12.41,11.78,12.23,9124642.0
2019-02-25,12.14,12.68,12.14,12.62,9956674.0
2019-02-26,12.71,12.83,12.44,12.53,9220418.0
2019-02-27,12.5,12.89,12.47,12.62,7703206.0
2019-02-28,12.68,13.89,12.59,13.89,8332906.0
2019-03-01,14.04,14.22,12.71,13.4,20611558.0
2019-03-04,13.31,14.22,13.16,14.04,20501035.0
2019-03-05,13.89,14.28,13.71,14.22,13145848.0
2019-03-06,14.1,14.58,13.95,14.43,16641345.0
2019-03-07,14.31,14.4,14.04,14.34,10879200.0
2019-03-08,14.01,14.31,13.43,13.52,9158015.0
2019-03-11,13.52,13.95,13.43,13.95,7794070.0
2019-03-12,13.95,14.34,13.92,14.07,10809001.0
2019-03-13,14.1,14.37,13.89,14.04,7527652.0
2019-03-14,14.1,14.13,13.43,13.62,4905660.0
2019-03-15,13.65,14.01,13.59,13.92,4294109.0
2019-03-18,13.89,14.28,13.83,14.1,4813408.0
2019-03-19,14.1,14.22,13.95,14.16,3916910.0
2019-03-20,14.16,14.37,14.04,14.28,6306915.0
2019-03-21,14.37,15.27,14.31,14.82,14969898.0
2019-03-22,14.7,14.79,14.31,14.58,7929832.0
2019-03-25,14.31,16.03,14.16,16.03,19291331.0
2019-03-26,16.87,17.47,15.66,15.72,36817897.0
2019-03-27,15.51,17.29,15.3,17.29,48245985.0
2019-03-28,16.18,16.36,15.57,15.57,31479945.0
2019-03-29,14.82,15.06,14.16,14.88,23523455.0
2019-04-01,14.58,15.42,14.43,15.18,19471032.0
2019-04-02,15.21,15.48,14.91,15.24,17626779.0
2019-04-03,15.18,16.78,15.06,16.78,19179749.0
2019-04-04,17.02,17.68,16.27,16.63,51678194.0
2019-04-08,16.24,18.28,16.15,18.28,43164878.0
2019-04-09,18.37,19.58,18.19,18.59,79316935.0
2019-04-10,17.77,18.83,17.5,17.77,49737008.0
2019-04-11,17.77,17.95,16.45,16.81,40201462.0
2019-04-12,16.54,16.78,15.72,15.96,26776588.0
2019-04-15,16.24,16.78,15.96,16.48,28491606.0
2019-04-16,16.33,16.9,15.93,16.69,22816918.0
2019-04-17,16.84,17.05,16.39,16.93,25973168.0
2019-04-18,16.78,16.99,16.66,16.78,22050961.0
2019-04-19,16.66,17.62,16.42,17.26,34168385.0
2019-04-22,17.26,17.77,16.81,16.96,24328169.0
2019-04-23,16.99,17.05,15.27,15.6,23957338.0
2019-04-24,15.66,15.75,15.09,15.72,16020616.0
2019-04-25,15.84,15.84,14.52,14.64,17616478.0
2019-04-26,14.76,14.79,14.43,14.55,8381668.0
2019-04-29,14.58,14.64,13.4,13.4,11080096.0
2019-04-30,13.46,13.95,13.46,13.92,7034551.0
2019-05-06,13.31,13.86,12.53,12.59,16843960.0
2019-05-07,12.71,13.04,12.59,12.95,9249194.0
2019-05-08,12.62,13.28,12.5,13.28,12761046.0
2019-05-09,13.1,13.89,12.89,13.83,24968571.0
2019-05-10,13.98,15.21,13.77,15.21,42429628.0
2019-05-13,14.76,15.06,13.86,14.37,42684979.0
2019-05-14,15.81,15.81,15.81,15.81,20174098.0
2019-05-15,15.66,17.02,15.24,16.33,69354054.0
2019-05-16,15.72,15.81,15.27,15.36,41116182.0
2019-05-17,15.09,15.21,14.16,14.19,31406224.0
2019-05-20,14.4,14.52,12.95,13.56,20235599.0
2019-05-21,13.56,13.92,13.34,13.8,14308997.0
2019-05-22,13.95,13.98,13.1,13.4,17399752.0
2019-05-23,13.4,13.4,12.65,12.74,13484191.0
2019-05-24,12.74,12.98,12.26,12.35,12859000.0
2019-05-27,12.44,12.86,12.23,12.77,10772203.0
2019-05-28,12.74,13.37,12.62,12.92,13323327.0
2019-05-29,12.83,13.1,12.68,12.86,7972600.0
2019-05-30,12.89,12.92,12.32,12.53,7940530.0
2019-05-31,12.53,12.68,12.44,12.47,6048908.0
2019-06-03,12.44,12.53,11.93,11.99,7839600.0
2019-06-04,12.05,12.14,11.66,11.93,7635838.0
2019-06-05,11.96,12.11,11.84,12.05,6413638.0
2019-06-06,11.99,12.05,11.51,11.54,6822015.0
2019-06-10,11.69,11.72,11.45,11.63,3624100.0
2019-06-11,11.69,12.17,11.63,12.11,8352415.0
2019-06-12,12.05,12.08,11.9,11.99,6440623.0
2019-06-13,12.05,12.29,11.93,12.23,7296800.0
2019-06-14,12.08,12.38,11.9,11.9,5601100.0
2019-06-17,12.05,12.08,11.78,11.96,3132300.0
2019-06-18,11.96,11.96,11.66,11.72,4134433.0
2019-06-19,11.93,12.11,11.9,11.96,5731000.0
2019-06-20,12.11,12.26,11.93,12.14,6962084.0
2019-06-21,12.26,12.92,12.26,12.47,12543386.0
2019-06-24,12.05,13.71,12.05,13.71,21420594.0
2019-06-25,13.31,13.31,12.35,12.8,29056362.0
2019-06-26,12.65,12.92,12.56,12.65,10756678.0
2019-06-27,12.68,12.77,12.59,12.62,7234800.0
2019-06-28,12.74,12.74,12.08,12.35,9945940.0
2019-07-01,12.56,12.68,12.44,12.56,10261200.0
2019-07-02,12.47,12.65,12.35,12.41,9016540.0
2019-07-03,12.41,12.41,12.14,12.17,7508954.0
2019-07-04,12.26,12.38,12.17,12.35,6518214.0
2019-07-05,12.35,12.47,12.26,12.35,4651584.0
2019-07-08,12.41,12.44,11.72,11.75,7847500.0
2019-07-09,11.78,11.93,11.63,11.87,3910812.0
2019-07-10,11.9,11.9,11.51,11.72,4421300.0
2019-07-11,11.84,11.84,11.6,11.66,3049102.0
2019-07-12,11.6,12.74,11.51,12.02,9338000.0
2019-07-15,11.45,12.41,11.3,12.17,12977632.0
2019-07-16,12.05,13.07,12.05,12.41,20122742.0
2019-07-17,12.2,12.32,11.84,12.2,11335819.0
2019-07-18,11.99,12.29,11.84,12.14,7900991.0
2019-07-19,12.23,12.26,12.02,12.02,4004152.0
2019-07-22,11.96,12.05,11.54,11.66,5419162.0
2019-07-23,11.69,11.81,11.54,11.69,2781500.0
2019-07-24,11.72,11.84,11.66,11.72,3252124.0
2019-07-25,11.72,11.81,11.63,11.81,2776300.0
2019-07-26,11.81,11.93,11.72,11.84,2565791.0
2019-07-29,11.81,11.81,11.63,11.63,3122815.0
2019-07-30,11.63,11.87,11.54,11.75,3606250.0
2019-07-31,11.63,11.69,11.54,11.57,2555900.0
2019-08-01,11.54,11.57,11.48,11.48,1846300.0
2019-08-02,11.33,11.51,11.27,11.36,3216034.0
2019-08-05,11.36,11.36,11.05,11.09,3354600.0
2019-08-06,10.87,10.87,9.97,10.36,11889663.0
2019-08-07,10.33,10.42,10.12,10.15,4483500.0
2019-08-08,10.12,10.48,10.12,10.36,3828201.0
2019-08-09,10.42,10.54,10.12,10.24,3273192.0
2019-08-12,10.24,10.36,10.21,10.36,2692650.0
2019-08-13,10.33,10.48,10.21,10.33,3569700.0
2019-08-14,10.42,10.54,10.36,10.39,2696851.0
2019-08-15,10.18,10.81,10.09,10.69,6184650.0
2019-08-16,10.39,11.24,10.39,10.96,8527002.0
2019-08-19,10.87,11.81,10.87,11.39,9436000.0
2019-08-20,11.27,11.66,11.18,11.42,5196452.0
2019-08-21,11.51,11.51,11.09,11.24,3956600.0
2019-08-22,11.27,11.51,11.18,11.33,5342900.0
2019-08-23,11.39,11.78,11.12,11.39,9300349.0
2019-08-26,10.99,11.66,10.93,11.36,6659016.0
2019-08-27,11.39,11.48,11.21,11.36,7209002.0
2019-08-28,11.33,11.33,11.12,11.15,4439537.0
2019-08-29,11.18,11.27,10.93,10.93,4378822.0
2019-08-30,11.02,11.05,10.6,10.81,5613400.0
2019-09-02,10.81,10.96,10.66,10.96,2996210.0
2019-09-03,10.96,11.02,10.84,10.87,2738400.0
2019-09-04,10.93,10.99,10.87,10.99,3086275.0
2019-09-05,11.05,11.21,10.99,11.12,5227487.0
2019-09-06,11.33,11.33,10.96,10.99,3788802.0
2019-09-09,11.02,11.21,10.93,11.21,6312207.0
2019-09-10,11.18,11.54,11.15,11.48,10334805.0
2019-09-11,11.42,11.63,11.36,11.36,6460514.0
2019-09-12,11.51,11.54,11.27,11.42,8270900.0
2019-09-16,11.45,11.57,11.27,11.36,5528501.0
2019-09-17,11.3,11.42,10.81,10.93,8300016.0
2019-09-18,10.9,11.02,10.84,10.9,3414322.0
2019-09-19,10.93,10.93,10.63,10.78,4814200.0
2019-09-20,10.81,10.87,10.66,10.72,4226450.0
2019-09-23,10.75,10.9,10.57,10.87,6191710.0
2019-09-24,10.87,10.96,10.81,10.84,3541986.0
2019-09-25,10.75,10.87,10.45,10.48,3841100.0
2019-09-26,10.6,10.63,10.24,10.24,3534025.0
2019-09-27,10.24,10.51,10.21,10.39,2096300.0
2019-09-30,10.57,10.72,10.42,10.48,4429700.0
2019-10-08,10.39,11.02,10.39,10.84,6538360.0
2019-10-09,10.75,10.96,10.69,10.96,3579325.0
2019-10-10,10.87,11.21,10.84,11.18,4867500.0
2019-10-11,11.18,11.57,11.09,11.21,10297044.0
2019-10-14,11.3,11.57,11.18,11.33,4413875.0
2019-10-15,10.87,11.6,10.84,11.39,13350007.0
2019-10-16,11.18,11.54,11.09,11.51,8666600.0
2019-10-17,11.39,11.66,11.39,11.48,7261791.0
2019-10-18,11.39,12.2,11.36,11.63,14359202.0
2019-10-21,11.75,11.84,11.12,11.3,7926824.0
2019-10-22,11.18,11.3,11.05,11.27,3944017.0
2019-10-23,11.27,11.84,11.18,11.3,4355613.0
2019-10-24,11.15,11.45,11.15,11.27,2975634.0
2019-10-25,11.18,11.24,10.81,10.99,6681400.0
2019-10-28,10.93,11.69,10.87,11.66,10882994.0
2019-10-29,11.51,11.72,11.51,11.66,5045516.0
2019-10-30,11.54,11.63,11.21,11.21,4649500.0
2019-10-31,11.18,11.66,11.18,11.3,4148600.0
2019-11-01,11.21,11.33,11.09,11.24,2902900.0
2019-11-04,11.24,11.36,11.02,11.21,3983500.0
2019-11-05,11.15,11.48,10.96,11.42,7871400.0
2019-11-06,11.36,11.48,11.27,11.45,3369801.0
2019-11-07,11.3,11.45,11.12,11.3,6106035.0
2019-11-08,11.27,11.36,11.18,11.27,2181715.0
2019-11-11,11.18,11.27,10.78,11.05,3528424.0
2019-11-12,11.02,11.12,10.78,11.09,2592018.0
2019-11-13,10.99,11.24,10.96,11.09,1788500.0
2019-11-14,10.99,11.15,10.84,11.12,2422700.0
2019-11-15,10.99,11.18,10.93,11.05,1702100.0
2019-11-18,11.18,11.18,10.84,11.15,1385100.0
2019-11-19,11.15,11.24,11.05,11.18,2651457.0
2019-11-20,11.09,11.3,11.09,11.27,3590001.0
2019-11-21,11.33,11.36,11.15,11.3,3610700.0
2019-11-22,11.57,11.9,11.24,11.36,5003400.0
2019-11-25,11.15,11.3,10.87,11.21,3961500.0
2019-11-26,11.33,11.33,10.99,11.05,2677200.0
2019-11-27,11.09,11.09,10.9,11.09,1761080.0
2019-11-28,11.05,11.12,10.93,10.96,1213900.0
2019-11-29,10.93,10.99,10.78,10.93,1640900.0
2019-12-02,10.9,11.02,10.78,10.96,1572800.0
2019-12-03,11.05,11.12,10.81,11.02,2839332.0
2019-12-04,10.9,11.72,10.9,11.57,9392991.0
2019-12-05,11.69,12.71,11.63,12.14,31296135.0
2019-12-06,11.84,12.29,11.84,12.02,12041300.0
2019-12-09,11.99,12.05,11.78,11.9,4757311.0
2019-12-10,11.96,11.96,11.54,11.75,4566744.0
2019-12-11,11.81,11.81,11.54,11.63,2733000.0
2019-12-12,11.63,11.66,11.39,11.42,2997200.0
2019-12-13,11.45,11.57,11.36,11.48,4268203.0
2019-12-16,11.48,11.69,11.42,11.69,4165900.0
2019-12-17,11.69,11.81,11.6,11.72,4968614.0
2019-12-18,11.81,11.9,11.63,11.69,6301400.0
2019-12-19,11.69,11.75,11.45,11.69,6960700.0
2019-12-20,11.66,11.87,11.63,11.66,5763126.0
2019-12-23,11.57,11.63,11.3,11.33,3170300.0
2019-12-24,11.3,11.42,11.15,11.36,7016318.0
2019-12-25,11.27,11.27,11.02,11.15,4977052.0
2019-12-26,11.18,11.3,11.12,11.27,2019444.0
2019-12-27,11.27,11.48,11.27,11.27,4666000.0
2019-12-30,11.27,11.36,11.09,11.33,2007658.0
2019-12-31,11.36,11.45,11.18,11.27,4717391.0
2020-01-02,11.3,11.54,11.27,11.54,5260602.0
2020-01-03,11.51,11.57,11.42,11.51,3343900.0
2020-01-06,11.48,11.51,11.24,11.48,8040025.0
2020-01-07,11.48,11.63,11.45,11.6,4703500.0
2020-01-08,11.54,11.57,11.33,11.33,5284700.0
2020-01-09,11.39,11.48,11.36,11.39,2924500.0
2020-01-10,11.42,11.63,11.39,11.57,4845701.0
2020-01-13,11.57,11.57,11.3,11.51,3470500.0
2020-01-14,11.51,11.57,11.39,11.51,4216100.0
2020-01-15,11.51,11.54,11.3,11.36,8093939.0
2020-01-16,11.33,11.63,11.3,11.63,8027127.0
2020-01-17,11.63,11.9,11.51,11.54,5440925.0
2020-01-20,11.54,11.75,11.48,11.57,7793525.0
2020-01-21,11.57,12.41,11.54,12.29,24071585.0
2020-01-22,12.26,12.26,11.57,11.57,11973424.0
2020-01-23,11.33,11.33,10.42,10.9,14133602.0
2020-02-03,9.82,9.82,9.82,9.82,5150800.0
2020-02-04,9.04,10.42,9.01,10.33,24339631.0
2020-02-05,10.09,10.75,9.67,10.54,31522545.0
2020-02-06,10.66,11.3,10.21,11.05,32005634.0
2020-02-07,11.12,12.08,11.12,11.3,36162442.0
2020-02-10,11.6,12.02,11.02,11.24,26474104.0
2020-02-11,11.51,11.69,10.78,10.93,15661003.0
2020-02-12,10.72,10.9,10.63,10.81,11474303.0
2020-02-13,10.81,10.93,10.39,10.45,11481010.0
2020-02-14,10.6,10.6,10.21,10.3,8376178.0
2020-02-17,10.27,10.72,10.21,10.57,12779780.0
2020-02-18,10.48,10.63,10.42,10.57,7859967.0
2020-02-19,10.57,10.57,10.33,10.39,6807000.0
2020-02-20,10.39,10.51,10.27,10.42,6064322.0
2020-02-21,10.45,10.6,10.39,10.42,10606308.0
2020-02-24,10.63,10.96,10.57,10.63,14877301.0
2020-02-25,10.66,11.12,10.48,10.99,22321096.0
2020-02-26,10.87,11.24,10.69,10.78,17614702.0
2020-02-27,10.63,11.15,10.33,11.02,25427797.0
2020-02-28,10.99,12.14,10.84,12.14,58230046.0
2020-03-02,12.14,13.34,11.75,12.59,103537644.0
2020-03-03,11.87,13.16,11.63,12.23,83736413.0
2020-03-04,11.93,12.14,11.48,11.66,46877768.0
2020-03-05,11.72,12.26,11.54,12.05,57463836.0
2020-03-06,11.93,13.25,11.9,13.25,75507534.0
2020-03-09,13.86,14.58,13.4,14.58,105396162.0
2020-03-10,13.4,14.01,13.13,13.13,128155344.0
2020-03-11,12.59,14.13,12.26,13.74,108018650.0
2020-03-12,13.98,14.4,12.95,13.46,86000549.0
2020-03-13,12.5,13.19,12.23,12.38,70980600.0
2020-03-16,12.59,13.07,12.32,12.35,62598889.0
2020-03-17,11.96,12.2,11.12,11.45,55001786.0
2020-03-18,11.3,11.84,10.96,11.21,41279494.0
2020-03-19,10.87,11.05,10.24,10.69,42100571.0
2020-03-20,10.66,10.93,10.36,10.69,25452779.0
2020-03-23,10.42,10.63,9.64,9.76,34465079.0
2020-03-24,9.88,10.0,9.43,9.73,23690802.0
2020-03-25,9.85,10.3,9.76,10.21,27802901.0
2020-03-26,10.09,10.3,9.85,9.97,22719625.0
2020-03-27,10.06,10.21,9.85,9.91,18503625.0
2020-03-30,9.85,10.09,9.52,9.67,16753433.0
2020-03-31,9.73,9.82,9.46,9.52,14712301.0
2020-04-01,9.46,9.55,9.25,9.31,15291443.0
2020-04-02,9.25,9.7,9.16,9.67,18118080.0
2020-04-03,9.64,9.91,9.52,9.55,16161000.0
2020-04-07,9.79,10.03,9.61,9.94,20570676.0
2020-04-08,9.97,10.09,9.82,9.88,19560602.0
2020-04-09,9.91,10.18,9.85,10.06,19409401.0
2020-04-10,10.03,10.06,9.7,9.73,15011102.0
2020-04-13,9.67,10.69,9.67,10.21,33621724.0
2020-04-14,10.33,10.36,9.82,10.06,23466451.0
2020-04-15,9.73,9.85,9.67,9.73,20989700.0
2020-04-16,9.58,9.64,9.37,9.46,17144102.0
2020-04-17,9.55,9.61,9.4,9.4,11561804.0
2020-04-20,9.4,9.55,9.28,9.43,9262003.0
2020-04-21,9.4,9.49,9.28,9.34,10017002.0
2020-04-22,9.28,9.4,9.19,9.37,7930906.0
2020-04-23,9.4,9.46,9.31,9.31,9375500.0
2020-04-24,9.22,9.28,9.04,9.07,12402423.0
2020-04-27,9.01,9.1,8.95,8.95,8079100.0
2020-04-28,9.01,9.04,8.28,8.52,10693000.0
2020-04-29,8.58,8.71,8.43,8.52,5655900.0
2020-04-30,8.62,8.65,8.55,8.58,5280401.0
2020-05-06,8.43,8.71,8.4,8.68,5469301.0
2020-05-07,8.68,8.71,8.52,8.52,4913411.0
2020-05-08,8.52,8.68,8.49,8.58,7464001.0
2020-05-11,8.58,8.68,8.43,8.49,6345291.0
2020-05-12,8.49,8.52,8.19,8.34,6922174.0
2020-05-13,8.28,8.43,8.25,8.37,5314926.0
2020-05-14,8.37,8.37,8.16,8.19,6523130.0
2020-05-15,8.19,8.22,8.1,8.13,4878500.0
2020-05-18,8.07,8.1,7.83,7.86,9130900.0
2020-05-19,7.86,8.07,7.77,7.92,8989494.0
2020-05-20,7.86,7.89,7.62,7.65,10481850.0
2020-05-21,7.65,7.71,7.32,7.47,10835931.0
2020-05-22,7.47,7.8,7.41,7.62,11996914.0
2020-05-25,7.47,7.68,7.47,7.53,5988750.0
2020-05-26,7.53,7.71,7.53,7.68,6557566.0
2020-05-27,7.74,7.92,7.65,7.68,7481500.0
2020-05-28,7.65,7.71,7.5,7.56,6310450.0
2020-05-29,7.59,7.71,7.56,7.59,6356949.0
2020-06-01,7.59,7.8,7.59,7.8,8173252.0
2020-06-02,7.8,7.92,7.74,7.83,9033400.0
2020-06-03,7.86,8.01,7.83,7.98,10206600.0
2020-06-04,7.98,8.07,7.89,8.04,9108652.0
2020-06-05,8.04,8.13,7.95,8.07,9351400.0
2020-06-08,8.22,8.31,7.89,7.92,8259814.0
2020-06-09,8.01,8.07,7.89,7.95,6241709.0
2020-06-10,7.92,8.01,7.74,7.77,7382262.0
2020-06-11,7.77,7.83,7.65,7.68,5777750.0
2020-06-12,7.5,7.74,7.44,7.71,5897101.0
2020-06-15,7.68,7.92,7.68,7.89,10240400.0
2020-06-16,7.89,7.89,7.74,7.83,8032861.0
2020-06-17,7.83,7.98,7.8,7.92,11839800.0
2020-06-18,7.83,7.89,7.71,7.71,9083500.0
2020-06-19,7.71,7.74,7.62,7.62,6376001.0
2020-06-22,7.59,7.65,7.5,7.53,7402164.0
2020-06-23,7.53,7.56,7.38,7.44,7410235.0
2020-06-24,7.59,7.98,7.59,7.65,20474916.0
2020-06-29,7.53,7.62,7.41,7.44,10280800.0
2020-06-30,7.44,7.53,7.44,7.47,6598302.0
2020-07-01,7.38,7.47,7.35,7.41,9059000.0
2020-07-02,7.38,7.53,7.32,7.5,10928480.0
2020-07-03,7.59,7.71,7.53,7.62,14123000.0
2020-07-06,7.8,8.07,7.65,8.01,26617884.0
2020-07-07,8.22,8.22,7.92,8.01,21239175.0
2020-07-08,8.16,8.34,7.92,8.19,21216622.0
2020-07-09,8.25,8.58,8.19,8.46,24237010.0
2020-07-10,8.62,8.8,8.34,8.4,26430200.0
2020-07-13,8.37,8.65,8.31,8.52,23201624.0
2020-07-14,8.55,8.68,8.25,8.4,19832592.0
2020-07-15,8.37,8.43,8.04,8.1,19178190.0
2020-07-16,8.1,8.22,7.77,7.8,17435374.0
2020-07-17,7.83,7.98,7.68,7.92,11624484.0
2020-07-20,7.95,8.22,7.92,8.22,10228628.0
2020-07-21,8.25,8.37,8.07,8.31,13918843.0
2020-07-22,8.28,8.34,8.1,8.19,10868218.0
2020-07-23,8.1,8.16,7.89,8.04,8737538.0
2020-07-24,8.07,8.19,7.74,7.83,12051700.0
2020-07-27,7.8,7.89,7.65,7.77,6930074.0
2020-07-28,7.8,7.95,7.8,7.92,6853971.0
2020-07-29,7.83,8.16,7.8,8.1,9889721.0
2020-07-30,8.13,8.52,8.13,8.52,30871062.0
2020-07-31,8.43,8.98,8.31,8.8,46099966.0
2020-08-03,8.92,9.67,8.68,9.67,52390391.0
2020-08-04,9.64,9.67,8.98,9.07,68293814.0
2020-08-05,8.89,8.95,8.62,8.8,29897931.0
2020-08-06,8.89,8.89,8.49,8.65,22730949.0
2020-08-07,8.68,8.77,8.4,8.52,16708500.0
2020-08-10,8.52,8.65,8.43,8.58,14470102.0
2020-08-11,8.55,8.58,8.37,8.37,14528715.0
2020-08-12,8.31,8.55,8.13,8.55,15455121.0
2020-08-13,8.52,8.68,8.46,8.62,10631500.0
2020-08-14,8.55,8.62,8.4,8.55,8826773.0
2020-08-17,8.58,8.68,8.52,8.62,8448150.0
2020-08-18,8.65,8.68,8.58,8.68,10406101.0
2020-08-19,8.71,8.95,8.55,8.77,19637388.0
2020-08-20,8.68,8.71,8.46,8.49,12344034.0
2020-08-21,8.49,8.58,8.43,8.49,7980148.0
2020-08-24,8.49,8.49,8.28,8.46,6679500.0
2020-08-25,8.46,8.52,8.37,8.43,7774300.0
2020-08-26,8.43,8.49,8.13,8.19,8907460.0
2020-08-27,8.19,8.4,8.16,8.34,7599771.0
2020-08-28,8.31,8.55,8.31,8.43,8787401.0
2020-08-31,8.43,8.58,8.43,8.52,8955999.0
2020-09-01,8.46,8.55,8.37,8.43,5692302.0
2020-09-02,8.49,8.65,8.34,8.49,13756500.0
2020-09-03,8.55,8.68,8.43,8.46,10782548.0
2020-09-04,8.34,8.71,8.25,8.71,17695800.0
2020-09-07,8.8,9.01,8.71,8.86,23028899.0
2020-09-08,8.8,9.49,8.8,9.37,42807191.0
2020-09-09,9.37,9.82,9.01,9.04,51523372.0
2020-09-10,9.22,9.34,8.52,8.58,30416102.0
2020-09-11,8.49,8.52,8.31,8.4,16980650.0
2020-09-14,8.46,8.55,8.34,8.46,11731802.0
2020-09-15,8.4,8.46,8.34,8.46,8468577.0
2020-09-16,8.43,8.43,8.22,8.25,10806702.0
2020-09-17,8.28,8.34,8.16,8.19,7632879.0
2020-09-18,8.16,8.46,8.16,8.4,11816526.0
2020-09-21,8.46,8.52,8.37,8.43,7302600.0
2020-09-22,8.43,8.52,8.28,8.34,8604100.0
2020-09-23,8.37,8.4,8.25,8.37,6362715.0
2020-09-24,8.28,8.31,7.98,8.1,10260802.0
2020-09-25,8.1,8.22,8.04,8.16,6853000.0
2020-09-28,8.16,8.22,7.86,7.92,7056700.0
2020-09-29,7.95,8.13,7.89,7.98,8293306.0
2020-09-30,7.98,8.01,7.89,7.89,5539408.0
2020-10-09,8.01,8.19,7.98,8.16,6714234.0
2020-10-12,8.19,8.83,8.19,8.62,17062776.0
2020-10-13,8.65,8.8,8.58,8.62,12533400.0
2020-10-14,8.58,8.83,8.55,8.65,12585200.0
2020-10-15,8.74,8.77,8.34,8.37,14686120.0
2020-10-16,8.37,8.58,8.31,8.34,11566001.0
2020-10-19,8.52,8.77,8.31,8.43,11367000.0
2020-10-20,8.37,8.46,8.31,8.46,6609051.0
2020-10-21,8.37,8.46,8.25,8.31,6706000.0
2020-10-22,8.19,8.22,8.04,8.13,6912200.0
2020-10-23,8.16,8.19,7.98,8.04,7004700.0
2020-10-26,8.07,8.13,7.92,8.01,4499900.0
2020-10-27,7.95,8.22,7.89,8.04,6822300.0
2020-10-28,8.04,8.04,7.86,7.95,8794575.0
2020-10-29,7.83,7.95,7.8,7.92,6778100.0
2020-10-30,7.83,7.89,7.56,7.62,8701483.0
2020-11-02,7.62,7.71,7.53,7.56,3963701.0
2020-11-03,7.59,7.92,7.56,7.86,6378000.0
2020-11-04,7.83,7.89,7.74,7.8,3407823.0
2020-11-05,7.8,7.92,7.77,7.86,5910400.0
2020-11-06,7.86,8.19,7.83,7.98,11493037.0
2020-11-09,8.31,8.8,8.31,8.8,24533100.0
2020-11-10,8.74,8.74,8.19,8.31,43028458.0
2020-11-11,8.19,8.31,7.98,8.07,22742122.0
2020-11-12,8.1,8.16,7.89,7.98,13827300.0
2020-11-13,8.01,8.8,7.86,8.8,38919555.0
2020-11-16,9.34,9.67,9.1,9.67,39773043.0
2020-11-17,10.63,10.63,10.63,10.63,12091778.0
2020-11-18,10.87,11.69,10.45,11.42,180007929.0
2020-11-19,10.27,10.54,10.27,10.27,26194853.0
2020-11-20,9.28,9.79,9.25,9.49,115516472.0
2020-11-23,9.31,9.85,9.13,9.55,80261113.0
2020-11-24,9.46,9.67,9.22,9.43,59718794.0
2020-11-25,9.52,9.58,9.04,9.07,47876822.0
2020-11-26,9.07,9.34,8.92,9.19,33141069.0
2020-11-27,9.16,9.16,8.86,8.95,31148596.0
2020-11-30,8.86,9.01,8.8,8.8,22225896.0
2020-12-01,8.83,8.95,8.62,8.89,22787154.0
2020-12-02,8.86,8.89,8.68,8.8,20016801.0
2020-12-03,8.83,9.49,8.77,9.22,45760697.0
2020-12-04,9.07,10.15,9.01,10.15,60033236.0
2020-12-07,10.24,10.69,9.58,10.09,90252841.0
2020-12-08,9.97,10.69,9.7,10.69,78372898.0
2020-12-09,10.51,10.9,10.09,10.09,62249400.0
2020-12-10,10.24,10.69,9.88,10.18,52398200.0
2020-12-11,9.97,10.84,9.7,10.6,73742396.0
2020-12-14,10.54,11.21,10.24,10.48,74436996.0
2020-12-15,10.42,10.6,9.43,9.58,75076550.0
2020-12-16,9.28,9.28,8.89,8.98,43482449.0
2020-12-17,8.86,9.22,8.86,9.07,27000255.0
2020-12-18,8.98,9.1,8.83,9.07,25579901.0
2020-12-21,9.04,9.4,8.89,9.22,26382001.0
2020-12-22,9.1,9.49,9.04,9.4,34590253.0
2020-12-23,9.28,9.52,9.13,9.22,28244600.0
2020-12-24,9.25,9.25,8.92,8.98,20431053.0
2020-12-25,8.95,9.1,8.89,9.04,14217419.0
2020-12-28,9.07,9.4,8.86,9.22,27902466.0
2020-12-29,9.07,9.43,9.01,9.04,22150015.0
2020-12-30,9.04,9.4,8.86,9.22,28450401.0
2020-12-31,9.22,9.34,8.92,9.01,28733800.0
2021-01-04,8.89,8.92,8.52,8.65,32092100.0
2021-01-05,8.55,8.83,8.52,8.62,16457850.0
2021-01-06,8.68,8.68,8.13,8.37,23024050.0
2021-01-07,8.25,8.37,7.98,8.19,17398301.0
2021-01-08,8.07,8.4,8.04,8.28,12932630.0
2021-01-11,8.22,8.31,7.92,7.95,15530700.0
2021-01-12,7.92,8.13,7.86,7.98,8975412.0
2021-01-13,7.98,8.04,7.74,7.77,11107762.0
2021-01-14,7.83,7.92,7.74,7.86,8273700.0
2021-01-15,7.86,8.07,7.83,8.04,9350550.0
2021-01-18,8.25,8.86,8.19,8.86,16701298.0
2021-01-19,9.73,9.73,9.4,9.73,25184366.0
2021-01-20,10.69,10.69,9.58,10.69,132230927.0
2021-01-21,11.75,11.78,10.99,11.78,196834566.0
2021-01-22,10.87,11.05,10.6,10.6,40240300.0
2021-01-25,10.06,11.66,9.67,10.57,184637162.0
2021-01-26,9.79,10.18,9.52,9.52,131171850.0
2021-01-27,9.82,10.3,9.55,9.79,99026300.0
2021-01-28,9.79,9.91,9.19,9.34,71779979.0
2021-01-29,9.28,9.37,8.46,8.71,70930270.0
2021-02-01,8.52,9.13,8.46,8.74,46488748.0
2021-02-02,8.86,9.16,8.68,8.71,33248595.0
2021-02-03,8.71,9.58,8.52,9.58,54258786.0
2021-02-04,9.88,10.54,9.55,9.61,105201552.0
2021-02-05,9.64,10.0,9.19,9.55,67907435.0
2021-02-08,9.52,9.88,8.92,9.73,60660390.0
2021-02-09,9.7,10.69,9.46,10.69,87297627.0
2021-02-10,10.81,11.02,10.09,10.18,90456643.0
2021-02-18,10.54,11.05,10.27,10.75,65407045.0
2021-02-19,10.78,11.57,10.33,11.36,79411985.0
2021-02-22,11.3,12.5,11.05,11.66,114943195.0
2021-02-23,11.48,11.51,10.69,11.15,81488180.0
2021-02-24,11.42,11.99,11.05,11.45,69290223.0
2021-02-25,11.63,12.41,11.63,11.81,73415161.0
2021-02-26,11.27,11.93,11.02,11.3,63684306.0
2021-03-01,11.45,11.6,10.87,11.02,57333415.0
2021-03-02,10.96,11.05,10.3,10.54,50733400.0
2021-03-03,10.48,10.81,10.24,10.75,43865193.0
2021-03-04,10.75,10.84,10.36,10.42,34675044.0
2021-03-05,10.45,10.66,10.21,10.57,34710400.0
2021-03-08,10.69,10.84,10.33,10.39,25081500.0
2021-03-09,10.27,10.42,9.76,10.06,27470502.0
2021-03-10,10.09,10.21,9.88,9.97,17183000.0
2021-03-11,10.06,10.66,9.79,10.45,29649251.0
2021-03-12,10.39,10.93,10.27,10.63,32574021.0
2021-03-15,10.48,10.75,10.39,10.54,22460300.0
2021-03-16,10.54,10.66,10.3,10.36,17228300.0
2021-03-17,10.3,10.45,10.09,10.42,17149000.0
2021-03-18,10.48,11.09,10.3,10.69,38457240.0
2021-03-19,10.39,11.3,10.24,10.93,50340023.0
2021-03-22,10.66,11.48,10.54,11.33,55853297.0
2021-03-23,11.3,11.39,10.45,10.54,46333355.0
2021-03-24,10.33,10.48,9.97,10.27,32850624.0
2021-03-25,10.36,10.69,10.0,10.39,25602192.0
2021-03-26,10.27,10.48,10.24,10.27,15253800.0
2021-03-29,10.36,10.6,10.03,10.51,21219962.0
2021-03-30,10.36,11.57,10.36,11.39,98022556.0
2021-03-31,11.18,11.27,10.84,10.99,73967707.0
2021-04-01,10.9,12.05,10.72,11.54,77648401.0
2021-04-02,11.48,12.29,11.39,11.6,71094451.0
2021-04-06,11.6,12.17,11.45,11.63,58599972.0
2021-04-07,11.66,12.8,11.66,12.8,47109821.0
2021-04-08,12.95,13.95,12.53,13.4,126642090.0
2021-04-09,13.86,14.76,13.25,14.76,125610146.0
2021-04-12,14.58,14.61,13.28,13.74,116567643.0
2021-04-13,13.37,14.34,12.83,13.34,80130398.0
2021-04-14,13.31,14.61,13.25,13.68,97994237.0
2021-04-15,13.59,15.03,13.1,15.03,96290392.0
2021-04-16,15.36,15.87,14.49,15.06,133399706.0
2021-04-19,14.76,15.03,14.19,14.82,88899514.0
2021-04-20,14.52,15.9,14.43,15.24,104012816.0
2021-04-21,14.46,15.9,14.34,15.36,108647489.0
2021-04-22,15.21,16.24,14.82,15.78,104437333.0
2021-04-23,16.12,16.3,15.09,15.21,89433903.0
2021-04-26,14.82,15.75,14.16,14.82,65762499.0
2021-04-27,14.7,15.63,14.16,14.97,74518768.0
2021-04-28,14.88,16.12,14.76,15.75,101702538.0
2021-04-29,15.51,17.26,15.3,15.75,109052697.0
2021-04-30,15.6,17.08,15.51,16.81,135900694.0
2021-05-06,17.02,17.74,15.66,15.75,144798522.0
2021-05-07,17.32,17.32,17.32,17.32,31019748.0
2021-05-10,17.77,19.07,17.2,19.07,141424903.0
2021-05-11,19.82,20.97,19.16,19.28,206254072.0
2021-05-12,19.07,21.21,19.07,21.21,200083837.0
2021-05-13,21.09,22.59,20.54,21.39,189197887.0
2021-05-14,21.21,21.3,19.73,20.48,120274497.0
2021-05-17,20.18,20.24,18.56,19.19,102482725.0
2021-05-18,19.19,19.73,18.71,19.31,92636945.0
2021-05-19,19.31,20.78,19.07,19.97,99269696.0
2021-05-20,19.04,20.0,18.37,19.52,95714325.0
2021-05-21,19.37,19.88,18.8,19.49,74824128.0
2021-05-24,19.28,20.06,19.07,19.94,89166584.0
2021-05-25,20.09,20.72,19.64,20.06,92735783.0
2021-05-26,19.73,20.06,18.86,18.98,81830832.0
2021-05-27,18.77,18.98,18.1,18.5,68130755.0
2021-05-28,18.34,18.89,17.86,18.01,68890561.0
2021-05-31,18.37,19.82,17.92,19.82,88570673.0
2021-06-01,21.3,21.81,20.81,21.39,192444016.0
2021-06-02,21.03,21.63,19.76,20.45,135762145.0
2021-06-03,20.06,20.36,19.1,19.31,80799984.0
2021-06-04,19.07,19.58,18.74,18.95,62542700.0
2021-06-07,18.22,18.62,17.53,17.89,67071200.0
2021-06-08,18.68,18.83,17.95,18.04,59361081.0
2021-06-09,17.47,18.22,17.26,17.47,44549051.0
2021-06-10,17.47,17.68,16.63,17.5,55336900.0
2021-06-11,17.5,17.62,16.36,16.42,52051400.0
2021-06-15,16.45,16.87,16.27,16.45,28424981.0
2021-06-16,16.39,16.57,15.6,15.63,38426626.0
2021-06-17,15.66,16.48,15.42,15.87,44211801.0
2021-06-18,15.75,16.36,15.48,16.18,38697950.0
2021-06-21,16.18,16.81,16.03,16.45,43740440.0
2021-06-22,16.81,16.9,15.87,15.96,40790310.0
2021-06-23,15.75,16.72,15.6,16.24,49654351.0
2021-06-24,16.15,16.21,15.36,15.42,43141363.0
2021-06-25,15.39,15.84,15.24,15.75,31018103.0
2021-06-28,15.69,15.78,15.42,15.66,22632600.0
2021-06-29,15.72,16.27,15.24,15.93,49555229.0
2021-06-30,15.69,15.72,15.18,15.24,38079514.0
2021-07-01,15.21,15.96,14.82,15.36,44660929.0
2021-07-02,15.42,15.57,15.06,15.48,24906501.0
2021-07-05,15.24,15.48,14.88,15.0,33541778.0
2021-07-06,14.88,15.03,14.43,14.7,33884666.0
2021-07-07,14.7,14.91,14.55,14.64,27320567.0
2021-07-08,14.64,14.82,13.98,14.1,38644662.0
2021-07-09,14.04,14.64,13.98,14.46,29703151.0
2021-07-12,13.77,14.67,13.77,14.04,44923425.0
2021-07-13,14.07,14.1,13.37,13.49,38915701.0
2021-07-14,13.46,14.85,13.43,14.85,69166483.0
2021-07-15,15.18,15.21,13.86,14.43,81528862.0
2021-07-16,14.31,15.21,13.89,14.85,68823688.0
2021-07-19,15.0,16.15,14.52,15.9,82511600.0
2021-07-20,15.42,16.84,15.36,16.57,88942565.0
2021-07-21,17.17,17.26,16.42,16.6,81657802.0
2021-07-22,16.45,16.48,15.72,15.87,63780502.0
2021-07-23,15.75,16.3,15.54,15.87,50842900.0
2021-07-26,15.84,15.84,15.09,15.21,43394200.0
2021-07-27,15.12,15.36,14.46,14.73,49347100.0
2021-07-28,14.76,16.21,14.55,16.21,70686613.0
2021-07-29,16.57,17.38,16.21,17.08,113527675.0
2021-07-30,16.57,17.92,16.27,17.83,112976681.0
2021-08-02,17.41,18.59,16.87,18.19,105248460.0
2021-08-03,18.07,18.77,17.2,17.56,95015222.0
2021-08-04,17.26,18.19,17.2,17.83,77085685.0
2021-08-05,17.83,18.22,17.11,17.29,66345100.0
2021-08-06,17.47,17.59,16.9,17.32,55143400.0
2021-08-09,17.32,17.44,16.75,16.87,44458295.0
2021-08-10,16.75,17.44,16.57,16.93,45424350.0
2021-08-11,16.78,16.99,16.24,16.33,47560848.0
2021-08-12,16.33,16.36,15.84,16.06,38313134.0
2021-08-13,16.03,16.21,15.54,15.6,35924900.0
2021-08-16,15.39,15.87,15.36,15.51,31506001.0
2021-08-17,15.39,15.42,14.64,14.73,39033602.0
2021-08-18,14.73,14.94,14.22,14.34,35386300.0
2021-08-19,14.34,14.49,14.07,14.22,22809000.0
2021-08-20,14.1,14.37,13.65,14.1,26947000.0
2021-08-23,14.04,14.43,14.04,14.22,20842160.0
2021-08-24,14.13,14.64,14.13,14.46,23490410.0
2021-08-25,14.34,14.46,13.92,13.95,28791000.0
2021-08-26,14.01,14.13,13.71,13.71,23174866.0
2021-08-27,13.62,13.65,13.28,13.56,22443500.0
2021-08-30,13.4,13.71,13.01,13.22,24762811.0
2021-08-31,12.95,13.25,12.68,13.01,27699500.0
2021-09-01,12.86,13.16,12.5,12.65,26396815.0
2021-09-02,12.65,12.74,12.29,12.41,26089701.0
2021-09-03,12.44,13.37,12.44,12.8,39220951.0
2021-09-06,12.74,12.95,12.53,12.89,21331828.0
2021-09-07,12.8,13.01,12.74,12.83,16272664.0
2021-09-08,12.8,13.83,12.77,13.56,43087155.0
2021-09-09,13.43,13.56,13.19,13.25,23578594.0
2021-09-10,13.19,13.22,12.77,12.92,21037330.0
2021-09-13,12.95,13.22,12.92,13.01,12942350.0
2021-09-14,13.04,13.07,12.56,12.65,16393848.0
2021-09-15,12.59,12.86,12.56,12.74,11835979.0
2021-09-16,12.83,13.43,12.74,12.83,22307010.0
2021-09-17,12.74,12.77,12.44,12.59,13787156.0
2021-09-22,12.41,12.59,12.29,12.35,14518800.0
2021-09-23,12.32,12.47,12.29,12.44,10666476.0
2021-09-24,12.38,12.8,12.08,12.53,23331217.0
2021-09-27,12.38,12.47,12.05,12.14,15244423.0
2021-09-28,11.9,11.9,10.93,11.02,29344740.0
2021-09-29,11.02,11.27,10.63,10.63,17180650.0
2021-09-30,10.63,10.93,10.6,10.87,11270964.0
2021-10-08,10.9,11.81,10.9,11.69,24713855.0
2021-10-11,11.66,11.87,11.33,11.45,14574200.0
2021-10-12,11.54,12.38,11.27,12.2,44104094.0
2021-10-13,11.84,12.86,11.72,12.26,43792489.0
2021-10-14,12.17,12.2,11.51,11.66,28591400.0
2021-10-15,10.75,11.33,10.75,11.18,24664868.0
2021-10-18,11.15,11.45,10.87,11.09,15121550.0
2021-10-19,10.96,11.18,10.93,10.99,10245000.0
2021-10-20,10.99,12.11,10.93,12.11,28085719.0
2021-10-21,12.11,12.83,11.75,12.5,58253151.0
2021-10-22,12.26,12.41,11.9,11.93,30893651.0
2021-10-25,11.69,12.14,11.63,11.81,19147300.0
2021-10-26,11.72,11.93,11.48,11.48,17680500.0
2021-10-27,11.78,11.78,11.3,11.3,12330200.0
2021-10-28,11.21,11.42,11.09,11.24,12582600.0
2021-10-29,11.09,11.81,11.09,11.57,15642026.0
2021-11-01,11.39,11.57,11.3,11.45,9822400.0
2021-11-02,11.45,11.6,11.02,11.12,14572801.0
2021-11-03,11.12,11.27,11.05,11.21,8402100.0
2021-11-04,11.24,11.54,11.05,11.45,10624501.0
2021-11-05,11.39,11.57,11.21,11.21,11310291.0
2021-11-08,11.21,11.24,11.05,11.15,7479424.0
2021-11-09,11.15,11.42,11.12,11.27,9796571.0
2021-11-10,11.33,11.33,11.09,11.27,7527900.0
2021-11-11,11.21,11.48,11.18,11.42,11265915.0
2021-11-12,11.42,11.45,11.3,11.3,9294700.0
2021-11-15,11.3,11.78,11.15,11.75,19934633.0
2021-11-16,11.75,12.02,11.48,11.51,17435801.0
2021-11-17,11.45,11.99,11.39,11.87,17703502.0
2021-11-18,11.93,11.99,11.63,11.66,14846301.0
2021-11-19,11.6,11.75,11.45,11.63,9770000.0
2021-11-22,11.75,12.17,11.75,11.84,18747116.0
2021-11-23,11.84,11.9,11.63,11.72,12637500.0
2021-11-24,11.69,12.02,11.54,11.81,15757422.0
2021-11-25,12.17,12.74,12.02,12.05,35861867.0
2021-11-26,11.99,12.23,11.81,11.9,20906667.0
2021-11-29,11.75,12.29,11.63,11.99,17142000.0
2021-11-30,11.99,12.11,11.81,11.87,12629560.0
2021-12-01,11.9,11.9,11.63,11.78,11251201.0
2021-12-02,11.78,11.81,11.51,11.54,12732502.0
2021-12-03,11.51,11.63,11.45,11.57,6777500.0
2021-12-06,11.57,11.57,11.33,11.36,10423891.0
2021-12-07,11.42,11.51,11.33,11.45,7087791.0
2021-12-08,11.45,11.54,11.3,11.48,6599500.0
2021-12-09,11.45,11.9,11.42,11.81,18656191.0
2021-12-10,11.78,11.78,11.54,11.63,12459701.0
2021-12-13,11.63,11.66,11.45,11.54,8561944.0
2021-12-14,11.57,11.6,11.42,11.48,7889244.0
2021-12-15,11.54,11.57,11.45,11.51,6106554.0
2021-12-16,11.51,11.54,11.36,11.54,6785710.0
2021-12-17,11.54,11.54,11.39,11.42,7762500.0
2021-12-20,11.42,11.57,11.33,11.42,8616444.0
2021-12-21,11.48,12.32,11.48,11.84,26795509.0
2021-12-22,11.9,11.99,11.72,11.81,15014200.0
2021-12-23,11.81,11.87,11.63,11.63,10039598.0
2021-12-24,11.63,11.96,11.57,11.84,17214000.0
2021-12-27,11.81,12.68,11.72,12.23,32082200.0
2021-12-28,12.14,12.2,11.96,12.05,15857400.0
2021-12-29,11.96,12.53,11.93,12.47,33153727.0
2021-12-30,12.35,12.44,12.17,12.38,23107400.0
2021-12-31,12.32,12.47,12.05,12.14,22624215.0
2022-01-04,12.14,12.44,12.05,12.29,21890301.0
2022-01-05,12.35,12.38,11.96,12.05,17320125.0
2022-01-06,12.05,12.2,11.96,12.08,11687700.0
2022-01-07,12.11,12.17,11.75,11.78,16919924.0
2022-01-10,11.81,11.93,11.69,11.9,7933402.0
2022-01-11,12.17,13.1,12.05,13.1,39491627.0
2022-01-12,13.68,14.43,13.4,14.43,83176090.0
2022-01-13,15.03,15.84,14.07,14.58,175740378.0
2022-01-14,14.04,15.36,13.74,14.16,107133441.0
2022-01-17,14.1,14.58,13.62,13.8,82391416.0
2022-01-18,13.8,13.8,12.98,13.07,62279388.0
2022-01-19,12.98,13.62,12.89,13.34,52837004.0
2022-01-20,13.25,13.25,12.74,12.86,39469278.0
2022-01-21,12.71,12.95,12.41,12.44,27137000.0
2022-01-24,12.53,12.59,12.26,12.35,15724000.0
2022-01-25,12.38,12.44,11.69,11.75,23530900.0
2022-01-26,11.9,12.05,11.54,11.72,15322200.0
2022-01-27,11.69,11.72,11.24,11.27,17277502.0
2022-01-28,10.99,11.63,10.99,11.42,24138366.0
2022-02-07,11.42,11.63,11.18,11.21,20007400.0
2022-02-08,11.24,11.66,11.09,11.6,19815451.0
2022-02-09,11.75,11.75,11.48,11.6,15970704.0
2022-02-10,11.78,11.93,11.57,11.69,26032307.0
2022-02-11,11.78,11.99,11.33,11.36,22727800.0
2022-02-14,11.24,12.5,11.15,12.5,28404301.0
2022-02-15,12.68,13.31,12.32,12.44,71903823.0
2022-02-16,12.2,12.5,11.93,12.11,50113729.0
2022-02-17,11.99,12.74,11.9,12.23,42639036.0
2022-02-18,11.96,12.71,11.93,12.44,38438559.0
2022-02-21,12.35,13.68,12.17,13.68,50990566.0
2022-02-22,13.86,14.49,13.19,13.25,112576861.0
2022-02-23,13.34,14.58,13.13,13.77,107816196.0
2022-02-24,13.4,14.1,12.83,13.04,91156296.0
2022-02-25,13.22,13.89,12.95,13.4,59100925.0
2022-02-28,12.89,13.43,12.77,13.19,40893901.0
2022-03-01,13.07,13.4,12.98,13.22,26409600.0
2022-03-02,13.25,14.01,13.22,13.68,52718314.0
2022-03-03,13.56,14.13,13.49,14.04,62867898.0
2022-03-04,14.34,15.45,13.89,14.25,112572593.0
2022-03-07,14.7,15.66,14.22,15.12,132627248.0
2022-03-08,14.46,14.55,13.62,13.62,80325800.0
2022-03-09,12.74,13.22,12.26,12.44,79262898.0
2022-03-10,12.74,12.98,12.26,12.74,55004307.0
2022-03-11,12.26,12.86,11.96,12.8,55340152.0
2022-03-14,12.8,13.13,12.05,12.05,50508000.0
2022-03-15,12.02,12.02,11.15,11.15,45089450.0
2022-03-16,11.36,11.63,10.87,11.54,36765550.0
2022-03-17,11.6,12.59,11.57,12.23,58687768.0
2022-03-18,12.26,12.5,12.05,12.08,32903163.0
2022-03-21,12.05,12.2,11.78,12.02,27671349.0
2022-03-22,12.14,12.14,11.6,11.69,28058600.0
2022-03-23,11.75,11.96,11.69,11.72,25826200.0
2022-03-24,11.6,11.81,11.45,11.54,24309900.0
2022-03-25,11.48,11.72,11.39,11.42,21336200.0
2022-03-28,11.45,11.54,11.15,11.39,16956832.0
2022-03-29,11.69,12.17,11.69,11.81,42707082.0
2022-03-30,11.75,11.75,11.45,11.63,26826401.0
2022-03-31,11.57,11.69,11.48,11.48,19318301.0
2022-04-01,11.39,11.48,11.21,11.48,14632700.0
2022-04-06,11.39,11.66,11.36,11.63,15576700.0
2022-04-07,11.63,11.63,11.3,11.3,14909582.0
2022-04-08,11.24,11.36,10.99,11.27,13642400.0
2022-04-11,11.27,11.33,10.84,10.87,14643500.0
2022-04-12,10.87,11.39,10.63,11.36,16866600.0
2022-04-13,11.27,11.33,11.09,11.15,11109500.0
2022-04-14,11.18,12.02,11.15,11.69,31437600.0
2022-04-15,11.66,11.87,11.21,11.3,22012900.0
2022-04-18,10.9,11.21,10.9,11.05,13655830.0
2022-04-19,10.93,11.18,10.9,11.02,10140300.0
2022-04-20,10.96,11.12,10.9,10.99,8817200.0
2022-04-21,10.99,11.45,10.87,11.12,16798610.0
2022-04-22,11.15,11.18,10.75,11.02,11547200.0
2022-04-25,10.93,10.93,9.91,9.91,20736800.0
2022-04-26,9.79,9.82,9.1,9.13,17842100.0
2022-04-27,8.92,9.46,8.58,9.43,19933720.0
2022-04-28,9.43,9.73,9.25,9.37,14444100.0
2022-04-29,9.37,9.97,9.37,9.91,18312650.0
2022-05-05,9.91,10.12,9.76,10.0,13062910.0
2022-05-06,9.76,10.45,9.73,10.09,18434100.0
2022-05-09,10.15,10.45,10.15,10.21,10553400.0
2022-05-10,10.09,10.48,10.09,10.42,12377500.0
2022-05-11,10.42,10.6,10.15,10.15,16292950.0
2022-05-12,10.06,10.45,10.06,10.3,9680350.0
2022-05-13,10.3,10.45,10.18,10.3,6946014.0
2022-05-16,10.3,11.15,10.27,10.72,24444214.0
2022-05-17,10.72,10.84,10.3,10.33,16200214.0
2022-05-18,10.33,10.45,10.18,10.36,9745500.0
2022-05-19,10.24,11.02,10.03,10.75,27823010.0
2022-05-20,10.66,10.72,10.48,10.54,19877901.0
2022-05-23,10.51,10.63,10.39,10.6,11910300.0
2022-05-24,10.51,10.66,9.94,10.0,13722200.0
2022-05-25,10.03,10.33,10.0,10.27,9684300.0
2022-05-26,10.39,10.39,10.09,10.24,6752902.0
2022-05-27,10.3,10.36,10.15,10.27,7928393.0
2022-05-30,10.42,10.42,10.18,10.33,6227500.0
2022-05-31,10.33,10.39,10.18,10.36,6291800.0
2022-06-01,10.36,10.51,10.24,10.3,7333200.0
2022-06-02,10.3,10.39,10.21,10.33,7236100.0
2022-06-06,10.3,10.45,10.24,10.42,8721600.0
2022-06-07,10.48,10.51,10.24,10.42,9393798.0
2022-06-08,10.48,10.51,10.18,10.36,11194700.0
2022-06-09,10.45,10.45,10.12,10.18,9283201.0
2022-06-10,10.12,10.3,10.09,10.27,8017561.0
2022-06-13,10.24,10.33,10.15,10.21,7984199.0
2022-06-14,10.21,10.21,9.82,10.15,11266800.0
2022-06-15,10.21,10.3,10.09,10.09,10422885.0
2022-06-16,10.15,10.39,10.09,10.3,12974766.0
2022-06-17,10.27,10.3,10.06,10.27,9435902.0
2022-06-20,10.27,10.48,10.21,10.42,12894965.0
2022-06-21,10.36,10.45,10.24,10.33,7860901.0
2022-06-22,10.33,10.39,10.15,10.15,7412001.0
2022-06-23,10.09,10.24,10.09,10.21,7845800.0
2022-06-24,10.21,10.36,10.18,10.33,8306200.0
2022-06-27,10.39,10.48,10.33,10.39,8063286.0
2022-06-28,10.36,10.78,10.27,10.69,17055918.0
2022-06-29,10.75,11.24,10.69,10.75,20680544.0
2022-06-30,10.69,11.33,10.69,11.05,30315616.0
2022-07-01,10.99,11.24,10.84,10.87,15683715.0
2022-07-04,10.84,10.87,10.63,10.75,12388836.0
2022-07-05,10.75,10.9,10.57,10.72,11255800.0
2022-07-06,10.69,10.72,10.48,10.54,8814700.0
2022-07-07,10.54,10.69,10.48,10.66,8319299.0
2022-07-08,10.66,11.12,10.6,10.93,17241212.0
2022-07-11,10.9,11.02,10.69,10.84,10600000.0
2022-07-12,10.87,10.87,10.45,10.45,13460186.0
2022-07-13,10.45,11.09,10.39,10.84,17003202.0
2022-07-14,10.93,11.02,10.6,10.63,11373350.0
2022-07-15,10.81,11.69,10.75,11.69,28339137.0
2022-07-18,12.17,12.86,12.14,12.86,140016640.0
2022-07-19,12.26,13.25,12.14,12.41,112978241.0
2022-07-20,12.44,13.65,12.26,13.16,127003496.0
2022-07-21,12.77,13.01,12.44,12.77,87332216.0
2022-07-22,12.59,13.31,12.41,12.56,62253694.0
2022-07-25,12.59,12.8,12.26,12.59,41924161.0
2022-07-26,12.59,13.07,12.38,12.77,49965999.0
2022-07-27,12.68,14.04,12.68,13.04,96952082.0
2022-07-28,12.95,13.22,12.83,13.01,57552981.0
2022-07-29,12.77,12.98,12.5,12.53,51570082.0
2022-08-01,12.62,12.8,12.5,12.65,30521211.0
2022-08-02,12.35,12.5,11.69,11.75,40721032.0
2022-08-03,11.9,12.35,11.69,11.75,27727568.0
2022-08-04,11.87,12.17,11.81,12.17,19672667.0
2022-08-05,12.11,12.23,11.84,12.02,16688600.0
2022-08-08,11.93,12.29,11.78,12.17,16138800.0
2022-08-09,12.05,12.68,12.05,12.44,30334500.0
2022-08-10,12.29,12.62,12.23,12.38,18267600.0
2022-08-11,12.41,12.89,12.29,12.86,34722618.0
2022-08-12,12.86,13.04,12.68,12.8,24763700.0
2022-08-15,12.71,13.1,12.59,13.04,27153400.0
2022-08-16,13.22,13.22,12.83,13.1,28812301.0
2022-08-17,13.16,13.83,12.44,12.44,76706700.0
2022-08-18,12.44,13.52,12.41,12.62,46803594.0
2022-08-19,12.47,12.95,12.14,12.14,35640073.0
2022-08-22,12.23,12.8,12.11,12.56,33622951.0
2022-08-23,12.56,12.59,12.35,12.47,20318260.0
2022-08-24,12.53,12.53,12.08,12.08,22093069.0
2022-08-25,12.14,12.2,11.72,11.93,16231000.0
2022-08-26,11.93,12.2,11.87,12.02,11817900.0
2022-08-29,11.87,12.02,11.51,11.78,17182808.0
2022-08-30,11.84,12.08,11.75,11.99,16711637.0
2022-08-31,11.99,11.99,11.36,11.45,21108050.0
2022-09-01,11.33,11.51,11.15,11.21,16471800.0
2022-09-02,11.21,11.63,11.21,11.54,15762000.0
2022-09-05,11.63,11.87,11.6,11.75,15460701.0
2022-09-06,11.81,11.87,11.66,11.81,9202152.0
2022-09-07,11.75,11.96,11.69,11.84,10312500.0
2022-09-08,11.81,11.9,11.6,11.63,9541410.0
2022-09-09,11.66,12.11,11.66,11.87,19427409.0
2022-09-13,11.75,11.93,11.66,11.69,11795901.0
2022-09-14,11.48,11.66,11.45,11.57,9495900.0
2022-09-15,11.51,11.63,11.09,11.24,11793159.0
2022-09-16,11.24,11.24,10.78,10.78,11492100.0
2022-09-19,10.72,10.87,10.54,10.63,8072182.0
2022-09-20,10.66,10.87,10.66,10.78,8264183.0
2022-09-21,10.75,10.93,10.57,10.87,6861017.0
2022-09-22,10.81,10.93,10.66,10.69,6382782.0
2022-09-23,10.72,10.75,10.33,10.39,9699200.0
2022-09-26,10.3,10.39,10.15,10.15,8066515.0
2022-09-27,10.18,10.45,10.12,10.45,10157302.0
2022-09-28,10.45,10.63,10.24,10.27,10969500.0
2022-09-29,10.36,10.57,10.12,10.24,14847701.0
2022-09-30,10.18,10.51,10.12,10.27,12548500.0
2022-10-10,10.15,10.33,9.85,9.97,11037600.0
2022-10-11,9.94,10.03,9.67,10.0,7897800.0
2022-10-12,9.97,10.33,9.91,10.3,8187623.0
2022-10-13,10.3,11.33,10.18,11.33,15383210.0
2022-10-14,11.45,12.47,11.27,12.47,99066168.0
2022-10-17,12.47,13.71,12.14,13.71,155833697.0
2022-10-18,13.34,14.04,12.74,13.04,150706914.0
2022-10-19,12.89,13.52,12.8,13.13,104818869.0
2022-10-20,12.86,14.16,11.81,12.11,169772801.0
2022-10-21,11.63,11.81,11.09,11.09,98309202.0
2022-10-24,11.15,11.3,10.54,10.57,58871698.0
2022-10-25,10.63,10.69,10.27,10.69,42264300.0
2022-10-26,10.63,11.45,10.54,11.09,73775914.0
2022-10-27,10.87,11.18,10.72,10.9,44597000.0
2022-10-28,10.69,10.81,10.36,10.39,34036084.0
2022-10-31,10.39,10.81,10.27,10.6,28058450.0
2022-11-01,10.93,11.45,10.78,11.02,54616228.0
2022-11-02,10.9,11.09,10.78,10.9,43517362.0
2022-11-03,10.75,10.99,10.66,10.84,27543464.0
2022-11-04,10.84,11.12,10.78,10.99,35560060.0
2022-11-07,10.96,11.15,10.93,11.05,26660111.0
2022-11-08,11.12,11.24,10.87,11.24,34756593.0
2022-11-09,11.24,11.36,11.09,11.15,25525700.0
2022-11-10,11.09,11.39,11.02,11.24,28729600.0
2022-11-11,11.36,11.84,11.27,11.48,61268002.0
2022-11-14,11.93,12.29,11.6,11.75,66859476.0
2022-11-15,11.93,12.05,11.48,11.6,49040581.0
2022-11-16,11.6,11.9,11.51,11.72,41322836.0
2022-11-17,11.6,12.14,11.54,11.93,52043455.0
2022-11-18,11.9,12.2,11.81,11.93,42959251.0
2022-11-21,11.81,11.93,11.6,11.81,29011996.0
2022-11-22,11.75,11.9,11.39,11.48,29045010.0
2022-11-23,11.54,11.96,11.05,11.69,40125150.0
2022-11-24,11.6,11.99,11.6,11.72,35129900.0
2022-11-25,11.75,11.81,11.48,11.66,20584700.0
2022-11-28,11.93,12.17,11.36,11.45,44567500.0
2022-11-29,11.36,12.2,11.36,11.84,53766379.0
2022-11-30,11.84,11.96,11.6,11.72,30672491.0
2022-12-01,11.9,11.9,11.6,11.66,23060000.0
2022-12-02,11.66,11.96,11.57,11.87,28268264.0
2022-12-05,11.9,12.41,11.9,12.11,41431800.0
2022-12-06,12.08,12.23,11.84,11.9,25227800.0
2022-12-07,11.87,12.26,11.81,12.26,40547755.0
2022-12-08,12.47,12.5,12.02,12.23,38588380.0
2022-12-09,12.14,12.89,11.93,12.74,77941904.0
2022-12-12,12.71,12.98,12.5,12.68,58386690.0
2022-12-13,12.74,12.8,12.41,12.56,32996500.0
2022-12-14,12.53,12.56,12.11,12.17,32663900.0
2022-12-15,12.17,12.38,12.05,12.23,23407000.0
2022-12-16,12.11,12.35,12.05,12.29,26680500.0
2022-12-19,13.52,13.52,13.1,13.52,110992506.0
2022-12-20,13.56,14.13,12.62,13.68,138852756.0
2022-12-21,12.98,13.4,12.44,13.28,122664127.0
2022-12-22,13.16,13.65,12.65,13.04,88703212.0
2022-12-23,12.83,12.92,12.41,12.53,59067095.0
2022-12-26,12.65,12.65,12.23,12.56,46939041.0
2022-12-27,12.53,12.77,11.78,12.29,67434846.0
2022-12-28,12.11,12.74,11.96,12.29,50298457.0
2022-12-29,12.11,13.52,11.99,12.62,81801221.0
2022-12-30,12.95,13.01,12.32,12.44,47376623.0
2023-01-03,12.59,13.68,12.5,13.68,63244727.0
2023-01-04,13.56,14.01,13.28,13.43,114333113.0
2023-01-05,13.59,13.8,13.19,13.46,59138201.0
2023-01-06,13.46,13.68,13.31,13.37,56094300.0
2023-01-09,13.04,13.22,12.92,13.1,45711300.0
2023-01-10,13.1,13.13,12.65,12.8,36598950.0
2023-01-11,12.86,13.74,12.68,13.37,80158400.0
2023-01-12,13.31,14.34,13.16,13.71,98284975.0
2023-01-13,13.74,14.13,13.56,13.86,66699901.0
2023-01-16,14.04,14.28,13.74,13.98,70192575.0
2023-01-17,13.86,13.89,13.13,13.22,59455736.0
2023-01-18,13.37,13.92,13.13,13.62,58299101.0
2023-01-19,13.19,13.4,12.83,13.07,49789983.0
2023-01-20,13.1,13.52,13.01,13.28,30318136.0
2023-01-30,13.25,13.59,13.1,13.52,44845676.0
2023-01-31,13.46,13.8,13.37,13.43,37887586.0
2023-02-01,13.4,13.68,13.19,13.68,39257850.0
2023-02-02,13.52,13.68,13.4,13.52,24905900.0
2023-02-03,13.49,13.52,13.13,13.34,26712600.0
2023-02-06,13.52,13.74,13.31,13.34,32100864.0
2023-02-07,13.22,13.25,12.83,12.95,34552537.0
2023-02-08,12.92,13.07,12.86,12.89,21502701.0
2023-02-09,12.77,12.92,12.71,12.92,18814336.0
2023-02-10,12.89,13.04,12.8,13.04,17617700.0
2023-02-13,13.01,13.1,12.95,13.1,17911200.0
2023-02-14,13.07,13.07,12.89,12.98,13352801.0
2023-02-15,12.92,13.01,12.83,12.98,12588100.0
2023-02-16,12.95,13.52,12.92,13.01,43010100.0
2023-02-17,12.8,13.25,12.77,12.98,29768798.0
2023-02-20,12.92,13.01,12.47,12.83,27836700.0
2023-02-21,12.8,12.92,12.65,12.77,18736550.0
2023-02-22,12.77,12.8,12.59,12.62,14919800.0
2023-02-23,12.71,12.83,12.56,12.56,15163400.0
2023-02-24,12.62,12.68,12.5,12.65,12005920.0
2023-02-27,12.59,12.65,12.47,12.53,9203800.0
2023-02-28,12.59,12.83,12.53,12.8,18183502.0
2023-03-01,12.8,12.83,12.68,12.8,13587900.0
2023-03-02,12.8,12.86,12.65,12.68,13180932.0
2023-03-03,12.68,12.83,12.65,12.8,11514902.0
2023-03-06,12.74,12.77,12.17,12.2,37667663.0
2023-03-07,12.2,12.29,11.87,11.93,24615379.0
2023-03-08,11.9,11.96,11.81,11.93,15259991.0
2023-03-09,11.93,11.96,11.78,11.84,10090742.0
2023-03-10,11.75,11.78,11.54,11.6,19974800.0
2023-03-13,11.54,11.66,11.45,11.63,10183000.0
2023-03-14,11.63,11.66,11.24,11.39,13648800.0
2023-03-15,11.48,11.66,11.45,11.6,13196800.0
2023-03-16,11.54,11.66,11.48,11.48,10453000.0
2023-03-17,11.33,11.51,11.27,11.3,15752900.0
2023-03-20,11.36,11.36,11.09,11.18,13725800.0
2023-03-21,11.27,11.48,11.15,11.45,13978100.0
2023-03-22,11.39,11.66,11.39,11.51,11771500.0
2023-03-23,11.45,11.48,11.3,11.36,10613911.0
2023-03-24,11.45,11.54,11.27,11.3,11819100.0
2023-03-27,11.27,11.3,11.15,11.27,10562200.0
2023-03-28,11.27,11.42,11.21,11.3,12800286.0
2023-03-29,11.27,11.3,10.93,10.96,14478700.0
2023-03-30,10.99,11.02,10.81,10.96,8886100.0
2023-03-31,10.93,11.15,10.93,11.15,8333700.0
2023-04-03,11.12,11.24,11.05,11.18,8624600.0
2023-04-04,11.15,11.15,10.93,10.96,8942100.0
2023-04-06,11.05,11.21,10.96,11.02,9492000.0
2023-04-07,10.9,11.33,10.87,11.33,15110700.0
2023-04-10,11.27,11.33,11.09,11.15,9642100.0
2023-04-11,11.18,11.21,11.02,11.12,6502070.0
2023-04-12,11.09,11.18,10.96,11.02,8140502.0
2023-04-13,10.99,11.05,10.78,11.05,11262520.0
2023-04-14,10.99,11.09,10.9,10.93,7264300.0
2023-04-17,10.93,11.02,10.78,10.93,6864100.0
2023-04-18,10.9,10.93,10.66,10.66,11859000.0
2023-04-19,10.63,10.69,10.48,10.48,11051279.0
2023-04-20,10.45,10.45,10.21,10.3,12421734.0
2023-04-21,10.33,10.48,10.12,10.18,9624800.0
2023-04-24,10.15,10.45,10.03,10.33,11164947.0
2023-04-25,10.36,10.36,9.94,10.12,10727000.0
2023-04-26,10.03,10.45,10.03,10.33,9470000.0
2023-04-27,10.36,10.54,10.27,10.48,8320254.0
2023-04-28,10.54,10.69,10.39,10.66,8793776.0
2023-05-04,10.63,11.15,10.57,11.09,18009178.0
2023-05-05,11.12,11.18,10.96,11.15,10201098.0
2023-05-08,11.15,11.18,10.78,10.9,11562065.0
2023-05-09,10.93,10.93,10.66,10.72,8751511.0
2023-05-10,10.72,10.84,10.63,10.75,7153500.0
2023-05-11,10.75,10.96,10.69,10.93,7496900.0
2023-05-12,10.87,10.96,10.78,10.84,7925064.0
2023-05-15,10.81,10.93,10.72,10.9,7464910.0
2023-05-16,10.93,10.93,10.69,10.75,6012401.0
2023-05-17,10.72,10.87,10.66,10.84,6498500.0
2023-05-18,10.96,10.96,10.78,10.84,4230900.0
2023-05-19,10.78,10.84,10.63,10.78,5792900.0
2023-05-22,10.87,10.99,10.81,10.87,6610900.0
2023-05-23,10.9,11.09,10.81,10.81,8249201.0
2023-05-24,10.75,10.9,10.72,10.72,6265300.0
2023-05-25,10.57,10.72,10.48,10.6,9129200.0
2023-05-26,10.6,10.69,10.36,10.63,8749100.0
2023-05-29,10.63,10.75,10.39,10.42,7832500.0
2023-05-30,10.48,10.69,10.24,10.39,13608864.0
2023-05-31,10.39,10.51,10.27,10.45,10116900.0
2023-06-01,10.45,10.66,10.33,10.51,10517800.0
2023-06-02,10.48,10.57,10.45,10.48,8027500.0
2023-06-05,10.48,10.57,10.45,10.54,7084600.0
2023-06-06,10.54,10.54,10.24,10.24,7689300.0
2023-06-07,10.24,10.36,10.18,10.27,6125400.0
2023-06-08,10.21,10.24,10.09,10.15,6220700.0
2023-06-09,10.15,10.21,10.06,10.12,7342950.0
2023-06-12,10.12,10.21,9.91,10.21,8571500.0
2023-06-13,10.21,10.21,10.12,10.15,4697200.0
2023-06-14,10.18,10.33,10.06,10.27,6719101.0
2023-06-15,10.27,10.33,10.18,10.27,6492626.0
2023-06-16,10.3,10.33,10.24,10.3,6267070.0
2023-06-19,10.3,10.48,10.24,10.27,7771575.0
2023-06-20,10.24,10.3,10.12,10.18,5734896.0
2023-06-21,10.12,10.69,10.12,10.24,12908501.0
2023-06-26,10.12,10.15,9.91,9.97,8918400.0
2023-06-27,10.03,10.33,10.0,10.33,10887500.0
2023-06-28,10.27,10.36,10.15,10.33,8751600.0
2023-06-29,10.33,10.42,10.3,10.39,6424303.0
2023-06-30,10.36,10.66,10.33,10.57,9806900.0
2023-07-03,10.57,10.66,10.48,10.6,7865801.0
2023-07-04,10.63,10.69,10.57,10.66,8373775.0
2023-07-05,10.66,10.69,10.51,10.54,5991700.0
2023-07-06,10.54,10.6,10.45,10.54,5904864.0
2023-07-07,10.54,10.57,10.45,10.48,4099200.0
2023-07-10,10.48,10.57,10.45,10.48,3733301.0
2023-07-11,10.48,10.54,10.42,10.54,3834644.0
2023-07-12,10.54,10.6,10.45,10.51,5374100.0
2023-07-13,10.51,10.6,10.48,10.54,4733250.0
2023-07-14,10.54,10.57,10.48,10.54,3780600.0
2023-07-17,10.51,10.51,10.36,10.48,4357544.0
2023-07-18,10.45,10.51,10.39,10.51,3852003.0
2023-07-19,10.48,10.57,10.45,10.51,4552750.0
2023-07-20,10.54,10.66,10.48,10.51,8288964.0
2023-07-21,10.54,11.57,10.48,11.57,35280001.0
2023-07-24,11.69,12.71,11.36,12.02,129854573.0
2023-07-25,11.51,11.93,11.36,11.69,87908056.0
2023-07-26,11.54,11.96,11.54,11.81,61680540.0
2023-07-27,11.54,11.78,11.45,11.6,42950755.0
2023-07-28,11.6,12.02,11.48,11.69,41388889.0
2023-07-31,11.63,12.35,11.63,11.96,63233624.0
2023-08-01,11.84,12.02,11.69,12.02,48912801.0
2023-08-02,11.84,11.93,11.54,11.69,39507179.0
2023-08-03,11.69,11.84,11.54,11.78,28600581.0
2023-08-04,11.66,11.75,11.51,11.57,29465900.0
2023-08-07,11.45,11.57,11.33,11.45,17141698.0
2023-08-08,11.51,11.6,11.36,11.6,16401201.0
2023-08-09,11.6,12.17,11.51,11.81,49880301.0
2023-08-10,11.63,11.81,11.6,11.72,26945250.0
2023-08-11,11.72,12.02,11.66,11.78,36228400.0
2023-08-14,11.72,12.23,11.54,12.05,51638498.0
2023-08-15,12.05,12.23,11.78,11.93,43992900.0
2023-08-16,11.84,12.59,11.78,12.29,59226778.0
2023-08-17,12.11,12.2,11.72,11.9,47847259.0
2023-08-18,11.75,11.78,11.3,11.3,41332998.0
2023-08-21,11.27,11.69,11.21,11.39,25733725.0
2023-08-22,11.54,11.6,11.09,11.33,21898500.0
2023-08-23,11.33,11.36,10.99,10.99,14458153.0
2023-08-24,11.05,11.39,10.99,11.3,16203209.0
2023-08-25,11.24,11.3,10.9,10.93,16266609.0
2023-08-28,11.45,11.51,11.09,11.15,19362201.0
2023-08-29,11.15,11.45,11.05,11.39,14940602.0
2023-08-30,11.36,11.39,11.05,11.15,15200710.0
2023-08-31,11.12,11.15,10.93,11.02,10413800.0
2023-09-01,11.3,11.33,10.93,10.96,12570800.0
2023-09-04,10.9,11.21,10.84,11.21,13643800.0
2023-09-05,11.21,11.24,10.99,11.09,8731900.0
2023-09-06,11.02,11.09,10.96,11.02,6652302.0
2023-09-07,11.02,11.02,10.69,10.75,11620900.0
2023-09-08,10.75,10.84,10.63,10.69,6101601.0
2023-09-11,10.69,10.99,10.63,10.99,10936602.0
2023-09-12,10.99,11.27,10.93,11.18,13795701.0
2023-09-13,11.18,11.21,10.87,10.99,12091100.0
2023-09-14,10.96,10.99,10.81,10.87,7260400.0
2023-09-15,10.87,11.18,10.84,11.09,12780479.0
2023-09-18,11.05,11.27,11.02,11.24,11194900.0
2023-09-19,11.21,11.42,11.15,11.21,13074700.0
2023-09-20,11.24,11.45,11.12,11.24,10524000.0
2023-09-21,11.15,11.21,11.02,11.09,7754501.0
2023-09-22,11.09,11.21,10.93,11.18,8590115.0
2023-09-25,11.15,11.39,11.05,11.3,12400967.0
2023-09-26,11.3,11.3,11.05,11.09,7025000.0
2023-09-27,11.09,11.45,11.02,11.36,14713601.0
2023-09-28,11.3,11.48,11.27,11.39,11352400.0
2023-10-09,11.36,11.42,11.12,11.21,10856000.0
2023-10-10,11.18,11.21,10.93,10.96,8911700.0
2023-10-11,10.96,11.3,10.9,11.09,11283900.0
2023-10-12,11.15,11.36,11.12,11.21,9206100.0
2023-10-13,11.18,11.39,11.12,11.18,11151500.0
2023-10-16,11.18,11.39,11.12,11.18,12230100.0
2023-10-17,11.21,11.21,10.99,11.02,8518900.0
2023-10-18,11.02,11.02,10.72,10.75,7575500.0
2023-10-19,10.75,10.87,10.54,10.66,7357100.0
2023-10-20,10.66,10.75,10.33,10.66,6555900.0
2023-10-23,10.63,10.63,10.33,10.36,8134500.0
2023-10-24,10.36,10.75,10.36,10.72,8820900.0
2023-10-25,10.81,10.99,10.75,10.9,10629455.0
2023-10-26,10.84,11.02,10.72,10.93,8663100.0
2023-10-27,10.93,11.24,10.84,11.21,12338629.0
2023-10-30,11.21,11.51,11.21,11.42,14548000.0
2023-10-31,11.51,11.93,11.42,11.72,25912477.0
2023-11-01,11.69,11.84,11.57,11.75,17683548.0
2023-11-02,11.75,11.84,11.63,11.66,12743050.0
2023-11-03,11.63,11.84,11.6,11.63,12074000.0
2023-11-06,11.63,11.81,11.6,11.66,10218800.0
2023-11-07,11.6,11.72,11.57,11.63,10027100.0
2023-11-08,11.66,12.05,11.6,11.75,15893101.0
2023-11-09,11.75,11.99,11.66,11.69,9419351.0
2023-11-10,11.63,11.84,11.54,11.78,8921300.0
2023-11-13,11.72,11.87,11.63,11.81,7699666.0
2023-11-14,11.87,11.87,11.45,11.78,8014100.0
2023-11-15,11.84,11.9,11.63,11.84,11175975.0
2023-11-16,11.78,11.81,11.69,11.72,7441366.0
2023-11-17,11.69,11.87,11.63,11.84,9066900.0
2023-11-20,11.9,12.32,11.87,12.17,22312109.0
2023-11-21,12.32,13.04,12.26,12.62,56667664.0
2023-11-22,12.53,12.65,12.14,12.35,33498100.0
2023-11-23,12.38,12.71,12.35,12.38,20744800.0
2023-11-24,12.38,12.53,12.32,12.41,17230200.0
2023-11-27,12.35,12.41,12.17,12.2,17223200.0
2023-11-28,12.2,12.35,12.02,12.26,14764300.0
2023-11-29,12.26,12.47,12.2,12.23,14077000.0
2023-11-30,12.23,12.38,12.17,12.29,12321900.0
2023-12-01,12.29,12.56,12.29,12.41,13740900.0
2023-12-04,12.35,12.59,12.32,12.47,14755676.0
2023-12-05,12.44,12.59,12.23,12.29,12923600.0
2023-12-06,12.26,12.38,12.17,12.26,12332900.0
2023-12-07,12.29,12.41,12.14,12.2,14523900.0
2023-12-08,12.2,12.29,11.87,11.9,14831301.0
2023-12-11,11.96,12.08,11.87,12.05,13062011.0
2023-12-12,12.08,12.44,11.99,12.23,16252500.0
2023-12-13,12.14,12.32,12.08,12.11,11599850.0
2023-12-14,12.14,12.35,12.05,12.08,12823388.0
2023-12-15,12.08,12.14,11.9,11.93,9972938.0
2023-12-18,11.9,12.02,11.81,11.81,9966400.0
2023-12-19,11.9,11.9,11.75,11.9,8367300.0
2023-12-20,11.9,11.96,11.69,11.69,7825100.0
2023-12-21,11.66,11.81,11.48,11.75,10469900.0
2023-12-22,11.75,11.75,11.51,11.54,8538500.0
2023-12-25,11.57,11.57,11.3,11.45,12998800.0
2023-12-26,11.51,11.54,11.3,11.36,8479376.0
2023-12-27,11.36,11.45,11.21,11.39,6839500.0
2023-12-28,11.33,11.45,11.24,11.42,9356505.0
2023-12-29,11.42,11.51,11.36,11.42,8909900.0
2024-01-02,11.42,11.66,11.36,11.63,13629250.0
2024-01-03,11.57,11.87,11.54,11.66,13859900.0
2024-01-04,11.66,11.9,11.57,11.81,14214400.0
2024-01-05,11.81,12.98,11.69,12.98,49892510.0
2024-01-08,13.16,13.56,12.29,12.47,144270446.0
2024-01-09,12.23,12.44,11.93,12.38,99215763.0
2024-01-10,12.29,13.1,12.14,12.59,120724374.0
2024-01-11,12.35,12.59,12.17,12.56,83002005.0
2024-01-12,12.35,12.5,12.14,12.23,55697154.0
2024-01-15,12.08,12.35,11.9,12.29,45652000.0
2024-01-16,12.95,12.95,11.81,11.99,94571380.0
2024-01-17,11.48,13.19,11.15,13.19,126359885.0
2024-01-18,13.31,13.98,12.56,12.83,187849401.0
2024-01-19,12.59,13.13,12.2,12.23,118523183.0
2024-01-22,12.05,12.11,10.99,10.99,92079100.0
2024-01-23,10.75,10.81,9.91,10.39,60598664.0
2024-01-24,10.42,11.45,10.33,11.45,32239901.0
2024-01-25,11.48,11.66,11.18,11.45,73235717.0
2024-01-26,11.45,11.78,11.3,11.51,49596115.0
2024-01-29,11.51,11.6,10.84,10.9,36425100.0
2024-01-30,10.93,11.36,10.66,10.66,30731365.0
2024-01-31,10.54,10.75,10.06,10.06,35765800.0
2024-02-01,10.09,10.15,9.49,9.76,37052000.0
2024-02-02,9.76,10.21,8.95,9.25,39824000.0
2024-02-05,9.19,9.22,8.31,8.31,42617000.0
2024-02-06,7.86,8.52,7.53,8.22,41962237.0
2024-02-07,8.28,8.34,7.68,7.71,43209421.0
2024-02-08,7.68,8.31,7.53,8.28,39964003.0
2024-02-19,8.4,8.77,8.22,8.74,33803119.0
2024-02-20,8.71,8.89,8.46,8.77,24299935.0
2024-02-21,8.68,9.16,8.62,8.98,31763820.0
2024-02-22,8.92,9.31,8.89,9.31,36194129.0
2024-02-23,9.58,9.64,9.28,9.55,35373403.0
2024-02-26,9.49,9.82,9.4,9.67,34066236.0
2024-02-27,9.58,9.94,9.55,9.88,33862200.0
2024-02-28,9.88,10.87,9.88,10.06,99807133.0
2024-02-29,9.97,10.42,9.7,10.3,74440622.0
2024-03-01,10.21,11.15,10.09,10.72,77093589.0
2024-03-04,10.6,11.02,10.39,10.84,69012115.0
2024-03-05,10.57,10.66,10.09,10.15,58186284.0
2024-03-06,10.0,10.3,9.88,10.06,36732850.0
2024-03-07,10.0,10.36,9.91,9.94,34911050.0
2024-03-08,9.88,9.94,9.64,9.82,31093901.0
2024-03-11,9.76,9.88,9.7,9.88,21450501.0
2024-03-12,9.85,10.09,9.82,10.06,24739816.0
2024-03-13,10.03,10.03,9.82,9.85,22967700.0
2024-03-14,9.94,10.09,9.73,9.91,22108820.0
2024-03-15,9.85,10.0,9.79,9.94,17509850.0
2024-03-18,9.97,10.12,9.88,10.12,26077201.0
2024-03-19,10.09,10.33,10.03,10.12,28162200.0
2024-03-20,10.09,10.27,10.03,10.24,25320902.0
2024-03-21,10.21,10.36,10.06,10.33,29253322.0
2024-03-22,10.27,10.27,9.88,9.97,26484100.0
2024-03-25,9.91,10.03,9.55,9.58,22510200.0
2024-03-26,9.49,9.7,9.37,9.58,16651800.0
2024-03-27,9.58,9.64,9.25,9.25,14665700.0
2024-03-28,9.13,9.58,9.13,9.49,17750725.0
2024-03-29,9.52,9.61,9.43,9.58,10250725.0
2024-04-01,9.61,9.85,9.61,9.85,15680625.0
2024-04-02,9.85,9.94,9.76,9.91,15229901.0
2024-04-03,9.97,10.18,9.76,9.85,15436701.0
2024-04-08,9.79,9.82,9.52,9.55,16924700.0
2024-04-09,9.58,9.82,9.49,9.82,14267120.0
2024-04-10,9.82,9.82,9.43,9.52,12657900.0
2024-04-11,9.46,9.64,9.34,9.52,9217300.0
2024-04-12,9.55,9.61,9.34,9.37,9268900.0
2024-04-15,9.34,9.37,8.65,8.95,20489800.0
2024-04-16,8.92,8.92,8.04,8.1,25851481.0
2024-04-17,8.19,8.65,8.19,8.58,15989733.0
2024-04-18,8.65,8.71,8.46,8.58,11561300.0
2024-04-19,8.52,8.65,8.37,8.4,10270500.0
2024-04-22,8.46,8.62,8.28,8.46,10555400.0
2024-04-23,8.4,8.55,8.4,8.52,8992600.0
2024-04-24,8.55,8.65,8.49,8.58,11092200.0
2024-04-25,8.58,8.71,8.49,8.62,9335400.0
2024-04-26,8.52,8.74,8.49,8.74,12897800.0
2024-04-29,8.74,9.19,8.71,9.19,18868100.0
2024-04-30,9.22,9.25,9.01,9.19,13774433.0
2024-05-06,9.31,9.46,9.25,9.46,14421101.0
2024-05-07,9.49,9.55,9.37,9.49,11273700.0
2024-05-08,9.52,9.79,9.46,9.49,16897800.0
2024-05-09,9.49,9.88,9.43,9.7,19755909.0
2024-05-10,9.61,9.67,9.43,9.46,14702700.0
2024-05-13,9.37,9.4,9.16,9.19,12577200.0
2024-05-14,9.19,9.43,9.19,9.34,9852400.0
2024-05-15,9.4,9.4,9.22,9.25,8258000.0
2024-05-16,9.28,9.43,9.25,9.34,7745800.0
2024-05-17,9.4,9.46,9.25,9.37,7746300.0
2024-05-20,9.4,9.43,9.25,9.28,8320900.0
2024-05-21,9.28,9.31,9.07,9.13,8040500.0
2024-05-22,9.79,10.03,9.49,9.52,51977717.0
2024-05-23,9.19,9.34,8.92,8.95,40951801.0
2024-05-24,9.01,9.1,8.77,8.77,16683200.0
2024-05-27,8.86,9.01,8.77,8.89,12710700.0
2024-05-28,8.83,8.86,8.68,8.71,11801100.0
2024-05-29,8.74,8.8,8.68,8.77,6774078.0
2024-05-30,8.77,8.83,8.68,8.71,7432300.0
2024-05-31,8.74,8.77,8.65,8.68,5282090.0
2024-06-03,8.68,8.68,8.28,8.37,15370500.0
2024-06-04,8.4,8.4,8.07,8.34,10271900.0
2024-06-05,8.31,8.34,8.13,8.13,7684900.0
2024-06-06,8.01,8.19,7.65,7.77,15548302.0
2024-06-07,7.83,8.01,7.77,7.95,9623700.0
2024-06-11,7.92,7.98,7.77,7.92,6586600.0
2024-06-12,7.92,8.04,7.86,8.04,6710500.0
2024-06-13,8.01,8.04,7.77,7.83,7910800.0
2024-06-14,7.74,7.86,7.68,7.8,6834900.0
2024-06-17,7.8,7.8,7.65,7.71,6796900.0
2024-06-18,7.71,7.89,7.68,7.83,6666701.0
2024-06-19,7.89,7.95,7.83,7.95,8836300.0
2024-06-20,7.92,8.01,7.68,7.71,7390650.0
2024-06-21,7.68,7.83,7.59,7.68,5700200.0
2024-06-24,7.59,7.59,7.26,7.29,10495952.0
2024-06-25,7.26,7.47,7.26,7.38,6529402.0
2024-06-26,7.35,7.62,7.32,7.62,6654301.0
2024-06-27,7.65,7.65,7.41,7.47,5298500.0
2024-06-28,7.47,7.59,7.38,7.41,5726705.0
2024-07-01,7.38,7.62,7.32,7.53,6708800.0
2024-07-02,7.59,7.68,7.5,7.59,9002000.0
2024-07-03,7.59,7.71,7.56,7.62,6418100.0
2024-07-04,7.62,7.65,7.29,7.29,8146400.0
2024-07-05,7.29,7.59,7.23,7.59,9032600.0
2024-07-08,7.59,7.62,7.29,7.32,7406700.0
2024-07-09,7.32,7.38,7.02,7.2,12139300.0
2024-07-10,7.17,7.23,7.05,7.08,6940800.0
2024-07-11,7.17,7.41,7.17,7.38,11533750.0
2024-07-12,7.41,7.59,7.29,7.41,8033700.0
2024-07-15,7.38,7.44,7.23,7.26,5305700.0
2024-07-16,7.23,7.35,7.14,7.2,6991200.0
2024-07-17,7.2,7.32,7.17,7.26,4558700.0
2024-07-18,7.17,7.23,7.02,7.14,8647900.0
2024-07-19,7.08,7.17,6.99,7.08,7783050.0
2024-07-22,7.08,7.23,7.05,7.2,6545600.0
2024-07-23,7.2,7.29,7.11,7.23,9163400.0
2024-07-24,7.23,7.59,7.08,7.08,18715400.0
2024-07-25,6.93,7.14,6.9,7.02,11646700.0
2024-07-26,7.02,7.11,7.02,7.08,7558700.0
2024-07-29,7.08,7.23,6.99,7.17,7459171.0
2024-07-30,7.14,7.29,7.11,7.29,7796000.0
2024-07-31,7.29,7.5,7.2,7.5,8674600.0
2024-08-01,7.53,7.59,7.44,7.5,9754300.0
2024-08-02,7.44,7.74,7.44,7.59,15187800.0
2024-08-05,7.59,7.71,7.44,7.5,14611300.0
2024-08-06,7.53,7.68,7.47,7.65,10236900.0
2024-08-07,7.62,7.71,7.59,7.68,10007100.0
2024-08-08,7.71,7.89,7.65,7.8,13218900.0
2024-08-09,7.98,8.13,7.71,7.74,17204200.0
2024-08-12,7.68,7.86,7.62,7.68,12300800.0
2024-08-13,7.74,7.74,7.53,7.65,6865900.0
2024-08-14,7.62,7.65,7.5,7.53,5366300.0
2024-08-15,7.5,7.62,7.44,7.59,7248700.0
2024-08-16,7.62,7.65,7.5,7.56,5941400.0
2024-08-19,7.56,7.56,7.38,7.44,7964600.0
2024-08-20,7.47,7.47,7.2,7.23,7187100.0
2024-08-21,7.23,7.26,7.08,7.26,6400300.0
2024-08-22,7.2,7.29,7.08,7.11,6743000.0
2024-08-23,7.14,7.26,7.02,7.23,8327400.0
2024-08-26,7.23,7.47,7.11,7.47,11140301.0
2024-08-27,7.38,7.53,6.99,7.05,24450100.0
2024-08-28,6.69,7.08,6.54,6.96,19060900.0
2024-08-29,7.11,7.29,7.02,7.23,15090700.0
2024-08-30,7.2,7.38,7.14,7.23,12939700.0
2024-09-02,7.2,7.35,7.17,7.2,9447200.0
2024-09-03,7.23,7.26,7.11,7.17,5949601.0
2024-09-04,7.17,7.23,7.05,7.08,7318200.0
2024-09-05,7.08,7.17,7.05,7.14,5284100.0
2024-09-06,7.14,7.17,6.93,6.99,7328216.0
2024-09-09,7.32,7.68,7.2,7.68,35049094.0
2024-09-10,7.89,8.34,7.71,7.83,77136547.0
2024-09-11,7.68,7.8,7.44,7.62,47025745.0
2024-09-12,7.59,7.77,7.47,7.47,30602610.0
2024-09-13,7.44,7.98,7.35,7.74,42009598.0
2024-09-18,7.53,7.59,7.29,7.32,29958500.0
2024-09-19,7.41,7.56,7.23,7.5,24141718.0
2024-09-20,7.53,7.62,7.26,7.32,18663700.0
2024-09-23,7.35,7.41,7.26,7.29,14439250.0
2024-09-24,7.32,7.59,7.29,7.59,23659500.0
2024-09-25,7.59,7.92,7.59,7.71,28041667.0
2024-09-26,7.65,7.89,7.62,7.89,19048890.0
2024-09-27,8.01,8.4,7.98,8.28,31889445.0
2024-09-30,8.71,9.1,8.34,9.04,49722581.0
2024-10-08,9.88,9.94,9.1,9.37,71028176.0
2024-10-09,9.13,9.13,8.43,8.43,40903227.0
2024-10-10,8.55,8.74,8.28,8.43,21783711.0
2024-10-11,8.4,8.58,8.13,8.19,19540350.0
2024-10-14,8.22,8.34,8.07,8.34,17611400.0
2024-10-15,8.28,8.4,8.16,8.19,14938559.0
2024-10-16,8.13,8.28,8.07,8.25,12809101.0
2024-10-17,8.25,8.34,8.07,8.07,14405098.0
2024-10-18,8.1,8.37,8.04,8.31,19366956.0
2024-10-21,8.34,8.37,8.19,8.25,17041000.0
2024-10-22,8.25,8.65,8.22,8.62,26368512.0
2024-10-23,8.65,8.65,8.46,8.52,18472410.0
2024-10-24,8.46,8.8,8.46,8.65,22514331.0
2024-10-25,8.68,8.83,8.65,8.8,21265761.0
2024-10-28,8.8,9.19,8.71,9.19,30373739.0
2024-10-29,9.64,9.67,8.98,9.01,48936700.0
2024-10-30,8.89,9.4,8.83,9.19,39906995.0
2024-10-31,9.25,9.34,9.13,9.22,35894498.0
2024-11-01,9.16,9.28,8.89,8.89,24979800.0
2024-11-04,8.89,9.01,8.86,8.95,16011412.0
2024-11-05,8.95,9.31,8.92,9.28,25694083.0
2024-11-06,9.4,9.7,9.16,9.64,43693904.0
2024-11-07,9.58,10.21,9.49,10.12,45119400.0
2024-11-08,10.27,10.75,9.94,10.24,63696294.0
2024-11-11,10.03,10.24,9.79,10.03,43771200.0
2024-11-12,10.03,10.63,9.97,10.21,55242783.0
2024-11-13,10.09,10.24,9.7,9.88,31558600.0
2024-11-14,9.88,9.91,9.58,9.58,20688700.0
2024-11-15,9.58,9.7,9.34,9.34,17127800.0
2024-11-18,9.43,9.55,9.07,9.16,17289900.0
2024-11-19,9.19,9.34,9.04,9.31,14114300.0
2024-11-20,9.4,9.64,9.28,9.64,16784523.0
2024-11-21,9.61,9.88,9.55,9.82,19763550.0
2024-11-22,9.79,9.91,9.46,9.49,19792827.0
2024-11-25,9.55,9.79,9.49,9.76,16377596.0
2024-11-26,9.73,10.03,9.61,9.94,25590101.0
2024-11-27,9.94,9.94,9.52,9.91,20453200.0
2024-11-28,9.82,10.21,9.82,10.15,29106301.0
2024-11-29,10.09,10.3,9.97,10.24,21076296.0
2024-12-02,10.6,11.18,10.36,10.93,68792101.0
2024-12-03,10.84,11.21,10.69,10.93,42301420.0
2024-12-04,10.87,10.9,10.24,10.42,33327635.0
2024-12-05,10.39,10.66,10.33,10.66,21799900.0
2024-12-06,10.69,11.15,10.57,11.15,31406761.0
2024-12-09,11.42,11.42,11.05,11.24,41329800.0
2024-12-10,11.54,11.69,11.09,11.18,33115500.0
2024-12-11,11.09,12.26,11.02,11.69,52814970.0
2024-12-12,11.69,11.99,11.48,11.93,44014610.0
2024-12-13,11.96,12.08,11.51,11.54,39748220.0
2024-12-16,12.11,12.68,12.11,12.68,42177037.0
2024-12-17,13.07,13.16,11.42,11.42,122416967.0
2024-12-18,11.02,11.57,11.02,11.24,59702783.0
2024-12-19,10.99,11.3,10.84,11.02,35961415.0
2024-12-20,11.15,11.6,11.12,11.24,35088151.0
2024-12-23,11.15,11.21,10.15,10.21,44582381.0
2024-12-24,10.21,10.39,9.85,10.09,25294300.0
2024-12-25,10.54,11.12,10.33,10.42,91948185.0
2024-12-26,9.94,10.36,9.88,10.0,68746560.0
2024-12-27,9.94,10.24,9.76,10.09,36972752.0
2024-12-30,10.09,10.15,9.61,9.67,27437627.0
2024-12-31,9.73,9.79,9.43,9.43,21485500.0
2025-01-02,9.4,9.82,9.37,9.49,23178258.0
2025-01-03,9.55,9.61,9.13,9.16,24198700.0
2025-01-06,9.19,9.4,8.77,9.34,23751600.0
2025-01-07,9.31,9.46,9.13,9.46,17415100.0
2025-01-08,9.88,10.0,9.37,9.67,48099634.0
2025-01-09,9.31,9.64,9.22,9.4,27976803.0
2025-01-10,9.34,9.37,8.95,8.95,21248853.0
2025-01-13,8.86,9.01,8.68,8.98,13836243.0
2025-01-14,9.1,9.37,9.01,9.37,17004711.0
2025-01-15,9.34,9.49,9.22,9.37,13775727.0
2025-01-16,9.4,9.64,9.37,9.46,17412200.0
2025-01-17,9.4,9.55,9.28,9.52,13503702.0
2025-01-20,9.64,9.79,9.43,9.7,17239843.0
2025-01-21,9.73,9.76,9.43,9.46,12720001.0
2025-01-22,9.43,9.46,9.28,9.34,12516253.0
2025-01-23,9.43,9.58,9.34,9.34,11408853.0
2025-01-24,9.31,9.37,9.19,9.31,12650476.0
2025-01-27,9.34,9.58,9.34,9.37,11562508.0
2025-02-05,9.43,9.58,9.37,9.52,13127985.0
2025-02-06,9.55,9.61,9.31,9.61,15541477.0
2025-02-07,9.67,9.91,9.61,9.82,21368502.0
2025-02-10,9.88,10.3,9.88,10.3,26795231.0
2025-02-11,10.27,10.42,10.18,10.24,20617481.0
2025-02-12,10.27,10.33,10.09,10.24,16966680.0
2025-02-13,10.24,10.39,10.12,10.21,16654600.0
2025-02-14,10.24,10.51,10.24,10.36,25692380.0
2025-02-17,10.48,10.87,10.48,10.63,36542324.0
2025-02-18,10.6,10.66,10.15,10.21,27443208.0
2025-02-19,10.21,10.57,10.21,10.57,21957772.0
2025-02-20,10.57,10.96,10.51,10.81,31002848.0
2025-02-21,10.78,10.84,10.42,10.54,27051001.0
2025-02-24,10.51,10.57,10.27,10.48,18247700.0
2025-02-25,10.36,10.54,10.27,10.39,12833000.0
2025-02-26,10.45,10.51,10.3,10.42,14386401.0
2025-02-27,10.36,10.51,10.21,10.42,15209901.0
2025-02-28,10.39,11.27,10.21,10.51,63046758.0
2025-03-03,10.51,10.84,10.45,10.75,52038520.0
2025-03-04,10.57,10.72,10.42,10.63,29543686.0
2025-03-05,10.66,10.66,10.33,10.45,25166486.0
2025-03-06,10.45,10.51,10.24,10.45,23698399.0
2025-03-07,10.42,10.81,10.27,10.33,36958831.0
2025-03-10,10.45,11.24,10.45,10.72,47747511.0
2025-03-11,10.57,11.78,10.42,11.24,82087789.0
2025-03-12,11.36,11.6,10.84,11.15,61160781.0
2025-03-13,11.02,11.75,10.99,11.51,66574996.0
2025-03-14,11.45,12.5,10.99,12.2,109206986.0
2025-03-17,11.87,12.41,11.78,11.84,90036124.0
2025-03-18,11.81,11.9,11.36,11.45,60845683.0
2025-03-19,11.36,11.45,11.02,11.12,40784784.0
2025-03-20,11.02,11.18,10.99,11.05,24441000.0
2025-03-21,10.96,11.05,10.66,10.69,30789701.0
2025-03-24,10.69,10.75,10.18,10.36,28802200.0
2025-03-25,10.39,10.45,10.15,10.33,18244369.0
2025-03-26,10.33,10.57,10.3,10.48,16686001.0
2025-03-27,10.51,10.54,10.3,10.48,13052800.0
2025-03-28,10.48,10.54,10.27,10.27,17157901.0
2025-03-31,10.27,10.27,9.88,10.06,20223500.0
2025-04-01,10.18,10.57,10.12,10.42,26061925.0
2025-04-02,10.36,10.51,10.24,10.36,13739900.0
2025-04-03,10.27,10.54,10.27,10.45,13649000.0
2025-04-07,9.88,10.0,9.4,9.4,20298900.0
2025-04-08,9.19,9.34,8.92,9.1,25325625.0
2025-04-09,9.01,9.37,8.4,9.31,22401647.0
2025-04-10,9.49,10.06,9.43,9.67,27974047.0
2025-04-11,9.52,9.79,9.52,9.61,13508000.0
2025-04-14,9.64,9.94,9.64,9.85,15474500.0
2025-04-15,9.85,10.0,9.76,9.91,12503800.0
2025-04-16,9.88,9.88,9.46,9.61,12927400.0
2025-04-17,9.55,10.0,9.49,9.82,18302300.0
2025-04-18,9.97,10.3,9.73,9.88,22152000.0
2025-04-21,9.88,10.87,9.67,10.87,53583475.0
2025-04-22,10.87,11.72,10.54,11.18,106433701.0
2025-04-23,10.9,11.09,10.48,10.66,76464904.0
2025-04-24,10.6,10.99,10.51,10.6,47076450.0
2025-04-25,10.69,11.09,10.51,10.78,47851351.0
2025-04-28,10.6,10.72,10.12,10.21,39132804.0
2025-04-29,10.21,10.39,10.06,10.27,18725811.0
2025-04-30,10.3,11.3,10.27,10.75,95429558.0
2025-05-06,10.75,11.09,10.75,10.93,68303501.0
2025-05-07,11.18,11.3,10.81,10.9,46258650.0
2025-05-08,10.84,11.09,10.81,11.02,28831801.0
2025-05-09,11.02,11.27,10.78,10.84,39769811.0
2025-05-12,10.87,11.05,10.66,11.02,30562700.0
2025-05-13,11.05,11.12,10.96,11.12,29680896.0
2025-05-14,11.05,11.24,10.93,10.99,22424500.0
2025-05-15,10.9,11.05,10.87,10.93,17238800.0
2025-05-16,10.9,11.21,10.84,11.18,27963800.0
2025-05-19,11.15,11.21,10.93,11.15,21453200.0
2025-05-20,11.12,11.45,11.12,11.27,24731100.0
2025-05-21,11.21,11.39,11.02,11.12,20251400.0
2025-05-22,11.05,11.21,10.78,10.81,19426100.0
2025-05-23,10.87,11.09,10.78,10.81,23403800.0
2025-05-26,10.81,10.93,10.69,10.78,16295400.0
2025-05-27,10.78,10.96,10.75,10.9,15728000.0
2025-05-28,10.84,10.96,10.63,10.75,17436950.0
2025-05-29,10.69,11.3,10.63,11.02,28608000.0
2025-05-30,10.99,11.45,10.99,11.36,55631570.0
2025-06-03,11.15,11.69,11.09,11.45,57198120.0
2025-06-04,11.51,11.63,11.36,11.57,38968915.0
2025-06-05,11.54,11.6,11.3,11.39,27090717.0
2025-06-06,11.39,11.45,11.21,11.36,19135700.0
2025-06-09,11.39,12.5,11.39,12.5,54560548.0
2025-06-10,13.77,13.77,12.98,13.77,205364363.0
2025-06-11,13.86,15.03,13.19,13.71,265265021.0
2025-06-12,13.1,14.97,12.92,13.95,229031500.0
2025-06-13,13.4,15.33,13.13,15.33,212960003.0
2025-06-16,14.7,15.18,14.1,14.34,199766769.0
2025-06-17,14.16,14.94,13.34,13.68,163611047.0
2025-06-18,13.74,13.83,12.5,12.59,134131738.0
2025-06-19,12.29,12.35,11.48,11.6,101671900.0
2025-06-20,11.6,11.66,11.27,11.3,64243960.0
2025-06-23,11.18,11.48,11.18,11.48,46751110.0
2025-06-24,11.45,11.69,11.42,11.6,47931450.0
2025-06-25,11.93,11.99,11.45,11.6,56627807.0
2025-06-26,11.57,11.66,11.39,11.51,44664700.0
2025-06-27,11.51,11.78,11.48,11.66,46283317.0
2025-06-30,11.6,11.75,11.51,11.75,34641900.0
2025-07-01,11.72,11.96,11.66,11.93,56192810.0
2025-07-02,11.84,12.02,11.75,11.81,52277983.0
2025-07-03,11.78,11.93,11.69,11.78,33093133.0
2025-07-04,11.78,12.02,11.63,11.66,38746600.0
2025-07-07,11.6,11.75,11.48,11.72,28249500.0
2025-07-08,11.66,11.84,11.66,11.84,32247683.0
2025-07-09,11.81,11.99,11.75,11.75,41873601.0
2025-07-10,11.78,11.96,11.66,11.87,38163100.0
2025-07-11,12.05,12.29,11.81,11.9,50191900.0
2025-07-14,11.93,12.05,11.9,11.99,37219150.0
2025-07-15,11.99,12.02,11.48,11.66,47261800.0
2025-07-16,11.66,11.75,11.57,11.72,21411340.0
2025-07-17,11.78,11.96,11.72,11.96,33334801.0
2025-07-18,11.99,12.02,11.75,11.87,25139800.0
2025-07-21,11.84,12.11,11.81,12.08,36411501.0
2025-07-22,12.14,12.2,11.93,12.02,29313400.0
2025-07-23,11.99,12.11,11.9,11.96,26617000.0
2025-07-24,11.93,12.17,11.93,12.17,33540601.0
2025-07-25,12.17,12.23,12.05,12.11,26861800.0
2025-07-28,12.2,12.29,12.14,12.2,21514500.0
2025-07-29,12.59,12.8,12.05,12.17,76582911.0
2025-07-30,12.08,12.23,11.96,12.14,45549484.0
2025-07-31,12.14,12.35,12.08,12.23,51572661.0
2025-08-01,12.23,12.56,12.11,12.38,52466468.0
2025-08-04,12.23,12.89,12.11,12.8,70070246.0
2025-08-05,12.83,12.95,12.68,12.83,57770417.0
2025-08-06,12.86,13.01,12.56,12.8,46026800.0
2025-08-07,12.8,12.92,12.68,12.77,40894500.0
2025-08-08,12.83,13.25,12.71,12.89,59846658.0
2025-08-11,12.83,12.92,12.62,12.92,40797700.0
2025-08-12,12.86,13.01,12.71,12.71,33191100.0
2025-08-13,12.74,12.8,12.5,12.68,36093837.0
2025-08-14,12.71,12.71,12.32,12.38,35358870.0
2025-08-15,12.35,12.5,12.32,12.5,26411061.0
2025-08-18,12.5,12.65,12.47,12.56,33029179.0
2025-08-19,12.5,13.13,12.5,12.92,59834851.0
2025-08-20,12.89,13.07,12.71,12.89,39218201.0
2025-08-21,12.92,13.71,12.86,13.37,82982651.0
2025-08-22,13.28,13.37,12.92,13.13,49944300.0
2025-08-25,13.07,13.1,12.8,12.86,44451800.0
2025-08-26,12.8,12.98,12.74,12.89,28450150.0
2025-08-27,12.95,13.31,12.74,12.74,54446100.0
2025-08-28,12.68,12.86,12.17,12.62,45117304.0
2025-08-29,12.62,12.65,12.44,12.47,23361301.0
2025-09-01,12.5,12.86,12.38,12.86,34547051.0
2025-09-02,12.92,12.92,12.41,12.65,29883650.0
2025-09-03,12.65,12.74,12.35,12.41,19860001.0
2025-09-04,12.41,12.74,12.38,12.53,30494671.0
2025-09-05,12.56,12.71,12.35,12.71,23589700.0
2025-09-08,12.71,12.95,12.68,12.95,28032010.0
2025-09-16,14.25,14.25,14.25,14.25,8752000.0
2025-09-17,15.66,15.66,13.89,13.98,165549340.0
2025-09-18,13.86,14.01,13.13,13.43,119530032.0
2025-09-19,13.34,13.46,12.92,12.98,61916104.0
2025-09-22,13.01,13.25,12.65,12.74,53360704.0
2025-09-23,12.71,12.74,12.23,12.41,47482951.0
2025-09-24,12.59,12.65,12.38,12.56,28559401.0
2025-09-25,12.56,12.62,12.44,12.5,26265300.0
2025-09-26,12.38,12.59,12.26,12.32,25697506.0
2025-09-29,12.35,12.44,12.11,12.35,28802100.0
2025-09-30,12.38,12.41,12.23,12.23,22697239.0
2025-10-09,12.26,12.32,12.14,12.23,22535300.0
2025-10-10,12.17,12.53,12.08,12.44,31694906.0
2025-10-13,12.17,12.35,12.05,12.32,23317700.0
2025-10-14,12.35,12.47,12.17,12.17,22439901.0
2025-10-15,12.38,12.44,12.2,12.44,21848901.0
2025-10-16,12.41,12.44,12.2,12.23,18865300.0
2025-10-17,12.23,12.41,12.14,12.17,18349101.0
2025-10-20,12.2,12.44,12.2,12.41,18862101.0
2025-10-21,12.41,12.59,12.35,12.59,23735100.0
2025-10-22,12.5,12.95,12.47,12.83,35242100.0
2025-10-23,12.8,12.92,12.71,12.89,22641000.0
2025-10-24,12.89,12.95,12.77,12.8,17623242.0
2025-10-27,12.86,12.95,12.71,12.83,20173076.0
2025-10-28,12.77,13.01,12.74,12.95,21911000.0
2025-10-29,12.95,13.04,12.77,12.92,18334101.0
2025-10-30,12.92,13.04,12.83,12.86,21103100.0
2025-10-31,12.86,12.95,12.77,12.92,19042437.0
2025-11-03,12.92,13.19,12.89,13.19,27882400.0
2025-11-04,13.1,13.22,13.04,13.19,19746800.0
2025-11-05,13.16,13.31,13.07,13.25,20973715.0
2025-11-06,13.25,13.49,13.04,13.46,35576090.0
2025-11-07,13.49,13.8,13.43,13.59,33368902.0
2025-11-10,13.65,13.77,13.49,13.71,29956600.0
2025-11-11,13.68,13.98,13.56,13.95,27059700.0
2025-11-12,13.98,14.16,13.8,13.92,27596500.0
2025-11-13,13.89,13.98,13.68,13.98,27053408.0
2025-11-14,13.95,14.16,13.89,13.89,25276000.0
2025-11-17,13.86,13.89,13.71,13.86,22061900.0
2025-11-18,13.8,13.95,13.4,13.49,31759558.0
2025-11-19,13.46,13.56,13.1,13.19,23860101.0
2025-11-20,13.19,13.25,12.92,13.04,16105101.0
2025-11-21,12.92,13.1,12.35,12.38,25881201.0
2025-11-24,12.47,12.59,12.32,12.47,19800700.0
2025-11-25,12.56,12.77,12.44,12.68,16089011.0
2025-11-26,12.65,13.1,12.53,12.71,24454100.0
2025-11-27,12.77,13.01,12.59,12.8,28865600.0
2025-11-28,12.89,12.92,12.68,12.92,17953192.0
2025-12-01,12.92,13.01,12.77,12.83,18009077.0
2025-12-02,12.86,12.89,12.65,12.89,15297201.0
2025-12-03,12.86,13.19,12.77,12.95,20643250.0
2025-12-04,12.92,12.98,12.62,12.77,17534500.0
2025-12-05,12.77,12.86,12.65,12.83,13772600.0
2025-12-08,12.86,12.98,12.59,12.65,17983401.0
2025-12-09,12.65,12.68,12.35,12.38,18955811.0
2025-12-10,12.38,12.53,12.26,12.41,14676900.0
2025-12-11,12.38,12.41,11.99,11.99,21045900.0
2025-12-12,11.99,12.11,11.75,11.78,21007000.0
2025-12-15,11.81,12.05,11.78,11.93,17552210.0
2025-12-16,11.87,12.02,11.69,11.72,13112900.0
2025-12-17,11.72,12.23,11.69,11.93,30750910.0
2025-12-18,11.93,12.53,11.9,12.35,45533300.0
2025-12-19,12.44,12.53,12.14,12.53,31013442.0
2025-12-22,12.5,12.53,12.23,12.29,22190242.0
2025-12-23,12.26,12.32,12.08,12.11,14771600.0
2025-12-24,12.14,12.17,12.05,12.11,15036310.0
2025-12-25,12.2,12.71,12.14,12.59,33047837.0
2025-12-26,12.65,12.65,12.26,12.35,23744400.0
2025-12-29,12.32,12.35,12.08,12.11,19873100.0
2025-12-30,12.08,12.2,11.96,12.08,14336001.0
2025-12-31,12.11,12.11,11.87,11.96,14521001.0
2026-01-05,11.99,12.32,11.9,12.26,18541900.0
2026-01-06,12.26,12.62,12.26,12.47,23174000.0
2026-01-07,12.41,12.44,12.17,12.17,21174250.0
2026-01-08,12.2,12.35,12.17,12.26,13809950.0
2026-01-09,12.26,12.65,12.23,12.56,28503400.0
2026-01-12,12.59,12.68,12.5,12.59,25155700.0
2026-01-13,12.65,13.86,12.59,13.86,55549702.0
2026-01-14,13.74,14.01,13.25,13.74,135674800.0
2026-01-15,13.56,13.65,13.13,13.25,63311400.0
2026-01-16,13.31,13.34,12.83,12.95,39985901.0
2026-01-19,12.89,13.25,12.83,13.16,39666700.0
2026-01-20,13.16,13.19,12.95,13.04,23849052.0
2026-01-21,12.98,13.31,12.89,13.28,32379776.0
2026-01-22,13.22,13.4,13.1,13.37,29188752.0
2026-01-23,13.46,13.52,13.31,13.43,25314710.0
2026-01-26,13.4,13.46,13.19,13.37,29050452.0
2026-01-27,13.31,13.37,12.92,13.25,24496400.0
2026-01-28,13.13,13.28,12.98,13.01,19191900.0
2026-01-29,13.04,13.25,12.92,13.07,22287686.0
2026-01-30,12.98,13.13,12.77,12.98,24631650.0
2026-02-02,12.98,13.1,12.8,12.8,20041550.0
2026-02-03,12.89,13.07,12.83,13.04,17622100.0
2026-02-04,13.04,13.28,12.95,13.25,22193000.0
2026-02-05,13.22,13.43,13.19,13.28,20348400.0
2026-02-06,13.25,13.46,13.22,13.37,22667500.0
2026-02-09,13.49,13.52,13.31,13.37,18227200.0
2026-02-10,13.4,13.59,13.34,13.43,20776500.0
2026-02-11,13.4,13.49,13.31,13.37,14477200.0
2026-02-12,13.4,13.46,13.16,13.16,19850301.0
2026-02-13,13.13,13.34,13.13,13.16,15798551.0
2026-02-24,13.19,13.49,13.19,13.46,21181602.0
2026-02-25,13.74,13.77,13.37,13.65,38833800.0
2026-02-26,13.65,14.04,13.46,13.56,47211751.0
2026-02-27,13.56,13.62,13.4,13.62,24173150.0
2026-03-02,13.43,13.49,12.98,13.07,31598700.0
2026-03-03,13.1,13.28,12.65,12.65,23897600.0
2026-03-04,12.59,13.19,12.47,12.89,28980351.0
2026-03-05,13.1,13.25,13.01,13.07,24649702.0
2026-03-06,13.01,13.49,12.98,13.46,33551600.0
2026-03-09,13.22,13.46,13.1,13.16,28171300.0
2026-03-10,13.22,13.28,13.13,13.28,16376100.0
2026-03-11,13.34,13.37,13.04,13.07,17758100.0
2026-03-12,13.1,13.16,12.77,12.8,22790600.0
2026-03-13,12.8,13.07,12.71,12.86,17745400.0
2026-03-16,12.86,13.07,12.77,12.83,16545400.0
2026-03-17,12.8,13.04,12.59,12.59,16589550.0
2026-03-18,12.68,12.71,12.47,12.62,14017100.0
2026-03-19,12.56,12.59,12.14,12.2,23512123.0
2026-03-20,12.14,12.26,11.72,11.75,21820400.0
2026-03-23,11.6,11.6,10.84,10.9,29738176.0
2026-03-24,11.18,11.6,10.96,11.57,28713300.0
2026-03-25,11.63,11.84,11.57,11.78,15544522.0
2026-03-26,11.93,12.35,11.72,11.81,32311036.0
2026-03-27,11.75,12.65,11.63,12.29,35436001.0
2026-03-30,12.2,12.5,12.11,12.47,25895510.0
2026-03-31,12.41,12.62,12.17,12.2,21904210.0
2026-04-01,12.38,12.41,12.02,12.23,18908400.0
2026-04-02,12.35,12.35,12.05,12.14,15553300.0
2026-04-03,12.05,12.17,11.66,11.69,17181300.0
2026-04-07,11.75,12.11,11.57,12.02,17440800.0
2026-04-08,12.14,12.29,11.99,12.2,17824500.0
2026-04-09,12.08,12.2,11.75,11.81,16775400.0
2026-04-10,11.84,12.02,11.75,11.81,16435100.0
2026-04-13,11.75,11.78,11.54,11.63,16255000.0
2026-04-14,11.75,11.78,11.42,11.6,16843100.0
2026-04-15,11.66,11.75,11.45,11.51,14349500.0
2026-04-16,11.51,11.66,11.39,11.66,14561510.0
2026-04-17,11.63,11.66,11.33,11.39,16479700.0
2026-04-20,11.39,11.54,11.3,11.54,13496400.0
2026-04-21,11.51,11.57,11.27,11.39,13460801.0
2026-04-22,11.39,11.42,11.27,11.36,10540400.0
2026-04-23,11.33,11.39,11.15,11.24,13745500.0
2026-04-24,11.18,11.33,11.02,11.24,15509400.0
2026-04-27,11.24,11.42,10.93,11.36,17512260.0
2026-04-28,11.33,11.51,11.21,11.36,16498200.0
2026-04-29,11.3,11.6,11.24,11.54,17297500.0
2026-04-30,11.54,11.6,11.24,11.48,20856827.0
2026-05-06,11.6,11.63,11.3,11.33,22611300.0
2026-05-07,11.36,11.42,11.3,11.33,14339201.0
2026-05-08,11.39,11.51,11.3,11.48,14503600.0
2026-05-11,11.63,11.69,11.39,11.54,18068703.0
