date,open,high,low,close,volume
2016-07-26,26.3,31.56,26.3,31.56,3400.0
2016-07-27,34.72,34.72,34.72,34.72,1400.0
2016-07-28,38.19,38.19,38.19,38.19,1400.0
2016-07-29,42.01,42.01,42.01,42.01,1800.0
2016-08-01,46.21,46.21,46.21,46.21,5300.0
2016-08-02,50.83,50.83,50.83,50.83,1800.0
2016-08-03,55.91,55.91,55.91,55.91,2400.0
2016-08-04,61.5,61.5,61.5,61.5,3598.0
2016-08-05,67.65,67.65,67.65,67.65,11566.0
2016-08-08,74.42,74.42,74.42,74.42,15148.0
2016-08-09,81.86,81.86,81.86,81.86,23300.0
2016-08-10,90.05,90.05,90.05,90.05,19400.0
2016-08-11,99.06,99.06,99.06,99.06,25408.0
2016-08-12,108.97,108.97,108.97,108.97,36800.0
2016-08-15,119.87,119.87,119.87,119.87,42956.0
2016-08-16,131.86,131.86,131.86,131.86,58900.0
2016-08-17,145.05,145.05,145.05,145.05,84796.0
2016-08-18,159.56,159.56,159.56,159.56,95342.0
2016-08-19,175.52,175.52,175.52,175.52,353488.0
2016-08-22,193.07,193.07,182.0,186.9,12239301.0
2016-08-23,183.0,190.0,181.32,189.0,7327766.0
2016-08-24,189.2,191.7,182.86,183.8,5684719.0
2016-08-25,183.8,184.5,173.0,179.9,5682569.0
2016-08-26,178.0,180.94,167.0,167.36,4872543.0
2016-08-29,165.45,169.7,163.8,167.94,2906853.0
2016-08-30,167.12,169.2,163.8,164.91,3366656.0
2016-08-31,164.0,169.51,160.0,166.96,4050859.0
2016-09-01,167.27,178.8,166.1,170.4,4843075.0
2016-09-02,167.2,168.49,162.88,166.0,3254348.0
2016-09-05,167.3,171.61,162.5,163.0,2767781.0
2016-09-06,161.22,167.42,158.58,166.78,2899019.0
2016-09-07,166.8,167.2,161.4,161.6,2267635.0
2016-09-08,161.8,164.6,158.01,158.84,2573735.0
2016-09-09,157.5,157.99,150.38,150.71,3300267.0
2016-09-12,145.01,150.39,145.01,148.24,1742620.0
2016-09-13,150.5,151.5,145.05,146.41,1630900.0
2016-09-14,146.19,148.58,145.01,146.75,1503966.0
2016-09-19,147.86,147.87,145.06,147.28,1197059.0
2016-09-20,146.28,148.03,145.2,146.26,1056665.0
2016-09-21,146.0,147.28,145.22,145.72,996217.0
2016-09-22,146.25,146.98,145.4,145.56,1014443.0
2016-09-23,145.55,145.96,140.14,140.14,1773305.0
2016-09-26,138.89,139.0,134.4,134.48,1605890.0
2016-09-27,135.8,139.4,135.01,139.2,1752595.0
2016-09-28,138.61,138.99,136.36,137.3,1014148.0
2016-09-29,137.6,140.4,137.4,138.5,1184265.0
2016-09-30,137.8,139.36,137.51,137.87,682281.0
2016-10-10,138.7,148.58,138.11,146.77,2048817.0
2016-10-11,146.05,148.5,145.5,148.5,1766209.0
2016-10-12,152.01,152.95,145.01,146.31,2327712.0
2016-10-13,145.9,146.8,142.51,143.0,1379266.0
2016-10-14,142.63,144.55,142.59,143.1,808265.0
2016-10-17,142.05,144.2,140.2,140.36,907900.0
2016-10-18,141.5,142.79,138.0,142.35,1131190.0
2016-10-19,143.0,145.88,142.41,144.17,1179516.0
2016-10-20,144.15,145.0,140.9,140.95,1038750.0
2016-10-21,140.5,143.99,139.04,142.1,1022992.0
2016-10-24,141.99,145.5,140.15,144.42,1290713.0
2016-10-25,144.78,147.5,143.7,146.61,1768700.0
2016-10-26,146.0,148.93,145.7,147.0,1652739.0
2016-10-27,146.4,147.36,144.74,146.3,1149183.0
2016-10-28,146.18,146.55,141.41,141.48,1420371.0
2016-10-31,140.0,140.0,137.5,138.46,1008252.0
2016-11-01,138.55,141.64,138.55,141.08,805600.0
2016-11-02,140.8,142.92,140.6,141.1,927200.0
2016-11-03,140.17,144.07,139.17,140.84,1170600.0
2016-11-04,141.0,143.93,140.52,143.78,1391864.0
2016-11-07,144.4,145.48,142.01,142.5,917389.0
2016-11-08,142.62,145.37,141.0,145.37,1972647.0
2016-11-09,145.38,149.5,143.8,147.08,3943229.0
2016-11-10,146.54,151.3,145.7,150.11,3206040.0
2016-11-11,149.49,149.9,146.74,148.0,2057050.0
2016-11-14,147.41,148.66,145.88,147.14,1513638.0
2016-11-15,147.2,147.28,143.89,145.46,1430021.0
2016-11-16,145.86,145.86,142.96,143.05,1022900.0
2016-11-17,142.5,143.48,140.8,141.87,932172.0
2016-11-18,143.32,145.3,142.0,143.44,899408.0
2016-11-21,142.96,146.49,142.1,146.3,1340600.0
2016-11-22,148.38,151.28,147.6,149.8,2702129.0
2016-11-23,149.01,149.02,145.87,146.2,1632242.0
2016-11-24,145.91,149.89,144.45,149.89,2279277.0
2016-11-25,149.91,150.99,143.66,149.28,2642186.0
2016-11-28,149.3,149.3,144.81,144.91,1285440.0
2016-11-29,144.45,145.34,140.18,140.18,1270554.0
2016-11-30,139.0,140.99,138.37,139.67,799661.0
2016-12-01,139.3,140.64,138.89,139.53,707814.0
2016-12-02,139.56,140.47,131.42,131.47,1687111.0
2016-12-05,128.05,130.88,127.7,128.0,976516.0
2016-12-06,128.5,129.46,127.41,127.9,500737.0
2016-12-07,128.38,128.76,126.04,128.25,758694.0
2016-12-08,128.1,129.35,127.1,127.27,698448.0
2016-12-09,127.19,127.27,124.01,124.37,820011.0
2016-12-12,124.1,126.1,118.21,118.5,1444026.0
2016-12-13,118.0,124.0,117.02,122.2,847731.0
2016-12-14,121.99,122.99,121.34,121.99,513526.0
2016-12-15,121.57,124.5,121.57,124.33,775604.0
2016-12-16,124.29,124.61,122.33,123.61,441924.0
2016-12-19,123.99,124.35,120.31,120.33,377200.0
2016-12-20,119.85,124.3,118.55,124.3,1272056.0
2016-12-21,124.3,126.31,122.91,124.24,1592650.0
2016-12-22,123.0,124.44,120.88,121.3,709550.0
2016-12-23,121.01,121.89,115.24,115.24,1082972.0
2016-12-26,115.23,115.6,111.15,115.23,653597.0
2016-12-27,115.2,117.48,114.25,115.4,704097.0
2016-12-28,115.01,116.33,114.11,114.32,373849.0
2016-12-29,114.0,114.67,112.45,112.53,405178.0
2016-12-30,113.0,113.38,108.7,109.02,797970.0
2017-01-03,108.99,111.64,108.99,111.1,473844.0
2017-01-04,110.45,113.19,110.45,112.61,460858.0
2017-01-05,112.97,112.97,111.0,111.65,403409.0
2017-01-06,111.59,111.6,105.77,105.88,788257.0
2017-01-09,105.11,105.85,102.67,104.89,572199.0
2017-01-10,105.8,105.99,104.0,104.2,538400.0
2017-01-11,103.89,104.7,102.26,102.9,685292.0
2017-01-12,102.99,104.3,102.34,102.71,361929.0
2017-01-13,102.8,102.81,97.2,97.41,882279.0
2017-01-16,96.03,96.33,88.03,90.0,947255.0
2017-01-17,90.0,93.25,86.72,92.05,890983.0
2017-01-18,91.0,91.1,88.53,88.53,582433.0
2017-01-19,88.53,91.0,86.7,90.42,787508.0
2017-01-20,90.0,93.88,88.81,92.18,796621.0
2017-01-23,91.98,93.29,91.25,92.38,473221.0
2017-01-24,92.0,94.99,90.11,94.99,1140489.0
2017-01-25,95.0,95.99,93.26,95.8,903713.0
2017-01-26,95.41,96.99,94.03,94.34,388213.0
2017-02-03,94.34,94.9,92.02,92.19,314500.0
2017-02-06,92.4,94.8,91.4,94.75,575050.0
2017-02-07,94.08,94.8,93.1,93.35,378900.0
2017-02-08,93.35,95.8,92.33,95.44,700483.0
2017-02-09,95.3,96.65,94.81,95.6,658930.0
2017-02-10,95.3,95.71,94.06,94.2,360528.0
2017-02-13,94.19,96.16,93.3,95.99,508298.0
2017-02-14,95.96,99.97,95.0,99.88,1548586.0
2017-02-15,103.0,104.75,97.49,98.0,2978266.0
2017-02-16,96.6,99.99,95.12,99.8,1462364.0
2017-02-17,98.6,101.88,95.41,95.52,1748372.0
2017-02-20,94.6,95.68,92.81,95.4,813966.0
2017-02-21,95.3,96.19,94.0,94.7,1367534.0
2017-02-22,95.24,95.39,93.07,94.99,785155.0
2017-02-23,94.5,96.55,93.64,94.81,1452474.0
2017-02-24,94.8,95.99,94.46,95.47,1047800.0
2017-02-27,95.39,95.39,93.77,93.77,737999.0
2017-02-28,93.21,94.12,93.18,93.8,473600.0
2017-03-01,93.66,94.93,93.51,94.15,592392.0
2017-03-02,94.37,94.37,92.79,92.8,506300.0
2017-03-03,92.9,94.92,91.79,94.48,803100.0
2017-03-06,93.91,96.8,93.9,96.31,1069987.0
2017-03-07,96.5,98.17,95.7,97.94,1246580.0
2017-03-08,97.9,98.38,96.02,96.3,787419.0
2017-03-09,95.7,98.3,95.7,98.3,1083292.0
2017-03-10,99.0,101.93,97.8,99.29,2451200.0
2017-03-13,97.92,99.88,96.7,99.79,1412900.0
2017-03-14,99.56,102.1,99.55,100.4,1421628.0
2017-03-15,100.0,102.8,98.45,102.35,1982002.0
2017-03-16,102.35,104.0,101.59,103.15,1941008.0
2017-03-17,103.19,106.55,99.7,99.9,2299546.0
2017-03-20,100.0,101.59,99.01,101.5,1044299.0
2017-03-21,101.4,102.42,99.8,100.72,872094.0
2017-03-22,99.98,102.62,99.22,101.96,1090413.0
2017-03-23,102.47,104.39,100.15,103.43,1442229.0
2017-03-24,103.0,104.96,101.52,104.9,1469683.0
2017-03-27,104.92,105.77,102.4,102.95,1250947.0
2017-03-28,102.2,105.05,101.11,105.01,2185379.0
2017-03-29,106.0,107.0,98.79,98.9,2600868.0
2017-03-30,97.05,97.45,91.46,92.06,1717142.0
2017-03-31,92.66,93.45,90.11,90.58,853076.0
2017-04-05,91.97,93.5,90.58,93.5,566679.0
2017-04-06,93.11,95.57,92.2,94.79,668586.0
2017-04-07,94.25,95.3,91.21,91.21,729500.0
2017-04-10,88.55,88.67,82.09,82.09,1726726.0
2017-04-11,82.11,83.78,81.11,83.39,646593.0
2017-04-12,83.32,83.32,81.01,81.48,569432.0
2017-04-13,82.43,85.88,82.3,84.39,761155.0
2017-04-14,84.02,84.85,83.61,84.4,340391.0
2017-04-17,83.68,83.68,79.02,80.49,578390.0
2017-04-18,81.51,81.8,80.02,80.45,270588.0
2017-04-19,80.29,82.16,80.15,81.47,404710.0
2017-04-20,81.47,81.78,79.38,79.96,373313.0
2017-04-21,80.02,80.39,78.0,78.65,301800.0
2017-04-24,77.5,78.0,74.55,75.15,611900.0
2017-04-25,75.8,77.88,75.24,76.19,332200.0
2017-04-26,75.3,77.0,75.3,76.5,311900.0
2017-04-27,75.2,78.95,74.31,78.27,691072.0
2017-04-28,77.98,78.92,77.61,78.76,274799.0
2017-05-02,78.77,79.19,77.62,77.88,257299.0
2017-05-03,77.55,78.78,77.31,78.7,231300.0
2017-05-04,78.64,80.2,78.02,80.2,514844.0
2017-05-05,79.31,83.6,79.31,83.6,1030114.0
2017-05-08,83.6,85.0,80.01,80.2,1416600.0
2017-05-09,79.45,80.45,77.5,79.69,518166.0
2017-05-10,80.2,80.88,77.7,78.1,336100.0
2017-05-11,77.12,78.48,75.2,78.3,409266.0
2017-05-12,77.98,79.18,77.02,77.6,235100.0
2017-05-15,79.93,85.36,78.67,79.02,1680656.0
2017-05-16,78.97,79.97,74.67,79.0,954425.0
2017-05-17,78.88,81.39,78.52,80.03,720525.0
2017-05-18,79.43,80.25,78.18,78.18,652100.0
2017-05-19,78.98,78.98,75.92,76.65,384300.0
2017-05-22,77.18,77.43,74.81,75.0,406400.0
2017-05-23,75.0,75.5,71.13,71.17,495080.0
2017-05-24,71.1,72.44,69.85,71.8,328700.0
2017-05-25,71.5,72.37,69.72,71.73,386180.0
2017-05-26,72.2,73.61,71.75,72.56,553246.0
2017-05-31,75.45,75.47,71.14,71.32,728023.0
2017-06-01,70.59,71.33,66.98,66.98,765622.0
2017-06-02,67.29,71.3,66.39,69.62,656084.0
2017-06-05,70.04,71.24,69.33,70.29,575520.0
2017-06-06,70.14,71.1,70.14,70.78,375220.0
2017-06-07,71.21,73.46,70.94,72.78,914624.0
2017-06-08,75.45,76.7,74.15,74.15,1773413.0
2017-06-09,73.28,75.81,73.1,74.11,719644.0
2017-06-12,72.22,73.46,71.15,71.3,809700.0
2017-06-13,71.66,74.31,71.17,74.17,871687.0
2017-06-14,73.81,74.91,73.39,73.74,533620.0
2017-06-15,73.79,76.26,73.1,75.65,886140.0
2017-06-16,75.56,75.79,74.19,74.6,521920.0
2017-06-19,74.49,75.29,74.24,74.51,388100.0
2017-06-20,74.96,75.63,73.88,74.01,487560.0
2017-06-21,74.01,74.62,72.92,73.61,388360.0
2017-06-22,73.95,74.19,70.97,71.05,502100.0
2017-06-23,72.47,72.47,69.85,71.84,431530.0
2017-06-26,71.61,72.96,70.85,72.56,425119.0
2017-06-27,72.56,73.05,71.66,71.84,471420.0
2017-06-28,71.48,72.71,70.47,72.65,668280.0
2017-06-29,72.71,72.96,72.17,72.22,599425.0
2017-06-30,71.93,72.85,71.86,72.2,537033.0
2017-07-03,72.22,73.57,71.59,73.12,593737.0
2017-07-04,72.89,73.39,72.67,72.91,462880.0
2017-07-05,73.16,73.52,72.85,73.41,539393.0
2017-07-06,73.79,73.79,71.52,72.38,531633.0
2017-07-07,71.84,73.84,71.77,73.23,490980.0
2017-07-10,72.91,72.91,70.58,70.61,679920.0
2017-07-11,74.37,77.67,73.79,73.92,2456955.0
2017-07-12,73.83,76.53,72.69,76.41,2198117.0
2017-07-13,76.28,76.28,74.39,74.4,1098433.0
2017-07-14,73.83,73.83,71.32,71.7,1252946.0
2017-07-17,70.74,70.81,66.44,66.57,1266939.0
2017-07-18,66.57,67.33,66.06,66.71,543938.0
2017-07-19,66.71,67.06,65.88,66.93,503310.0
2017-07-20,67.06,68.75,66.5,66.61,536054.0
2017-07-21,66.43,66.79,65.49,65.7,392938.0
2017-07-24,65.23,66.68,65.23,66.3,367020.0
2017-07-25,66.35,66.43,65.52,65.87,323240.0
2017-07-26,66.24,67.65,65.9,66.84,499649.0
2017-07-27,66.86,69.28,66.86,68.75,797120.0
2017-07-28,68.68,68.93,67.91,67.91,430980.0
2017-07-31,68.75,69.13,68.0,68.59,423349.0
2017-08-01,68.23,68.68,67.27,68.41,332829.0
2017-08-02,68.59,68.59,67.11,67.22,337089.0
2017-08-03,66.97,69.31,66.97,68.41,728649.0
2017-08-04,67.98,68.66,65.9,67.4,366940.0
2017-08-07,67.45,68.68,67.33,68.05,329760.0
2017-08-08,68.1,69.19,67.06,69.04,469940.0
2017-08-09,69.82,70.18,69.01,69.69,798494.0
2017-08-10,69.73,70.88,68.68,69.35,709420.0
2017-08-11,68.83,70.04,68.79,69.55,651420.0
2017-08-14,69.69,72.31,69.3,72.2,1565849.0
2017-08-15,72.04,72.83,71.26,71.82,569700.0
2017-08-16,71.14,72.92,71.14,72.58,826820.0
2017-08-17,72.83,75.47,72.58,75.05,1713487.0
2017-08-18,74.64,75.69,74.24,74.75,1108640.0
2017-08-21,75.76,82.22,75.45,81.95,4254032.0
2017-08-22,81.53,82.31,80.13,80.2,1337604.0
2017-08-23,80.32,84.3,80.32,82.72,2367029.0
2017-08-24,82.81,83.99,80.34,80.36,1713660.0
2017-08-25,79.96,81.14,79.39,80.38,1012460.0
2017-08-28,79.96,83.23,79.96,81.84,1255516.0
2017-08-29,81.97,87.29,81.52,85.29,2200838.0
2017-08-30,84.85,86.41,83.66,84.48,844960.0
2017-08-31,84.62,85.9,84.01,84.66,780242.0
2017-09-01,84.82,88.14,84.82,87.92,1478636.0
2017-09-04,88.37,95.31,88.12,91.66,2428187.0
2017-09-05,91.21,93.45,90.27,93.39,1120240.0
2017-09-06,93.68,94.76,91.15,92.26,1714870.0
2017-09-07,92.6,92.8,89.96,90.13,1454324.0
2017-09-08,89.48,91.06,89.31,89.42,785209.0
2017-09-11,89.46,89.46,84.8,86.7,2382132.0
2017-09-12,87.13,89.49,86.64,88.92,1652125.0
2017-09-13,88.18,88.97,85.74,87.72,1195353.0
2017-09-14,87.67,89.82,87.04,88.27,774133.0
2017-09-15,88.25,88.25,86.39,86.98,536280.0
2017-09-18,86.64,89.08,86.64,88.45,600900.0
2017-09-19,88.45,91.95,87.69,90.68,1222368.0
2017-09-20,90.7,91.86,89.62,91.33,772998.0
2017-09-21,90.9,91.98,89.58,89.71,482360.0
2017-09-22,89.66,90.23,87.56,88.16,725998.0
2017-09-25,87.63,88.45,85.83,86.28,564193.0
2017-09-26,86.12,86.98,83.57,85.52,691454.0
2017-09-27,85.11,86.7,85.02,86.64,294195.0
2017-09-28,87.0,87.44,85.78,85.78,245480.0
2017-09-29,85.31,86.91,84.93,86.82,288226.0
2017-10-09,89.11,89.11,87.4,87.69,400833.0
2017-10-10,87.69,91.17,87.22,90.97,1099769.0
2017-10-11,91.33,92.02,88.99,89.33,1092480.0
2017-10-12,89.48,90.25,88.63,89.04,383740.0
2017-10-13,89.49,89.91,88.72,88.84,453540.0
2017-10-16,89.33,92.6,88.45,88.99,1002086.0
2017-10-17,87.72,88.59,84.85,86.82,806438.0
2017-10-18,87.0,87.69,84.87,85.09,381140.0
2017-10-19,84.98,87.54,83.52,85.38,703340.0
2018-02-06,76.84,76.84,76.84,76.84,263200.0
2018-02-07,69.15,70.23,69.15,69.15,2413163.0
2018-02-08,66.43,70.94,66.43,69.31,1926853.0
2018-02-09,68.23,71.93,64.98,68.23,1648080.0
2018-02-12,71.08,74.8,70.4,73.83,1109316.0
2018-02-13,73.99,75.45,72.38,72.83,584680.0
2018-02-14,72.94,73.72,71.95,73.0,463868.0
2018-02-22,73.41,74.51,72.92,73.18,364500.0
2018-02-23,73.18,73.93,72.89,73.63,261200.0
2018-02-26,73.74,77.44,73.39,77.11,619494.0
2018-02-27,77.17,78.7,76.55,77.85,525088.0
2018-02-28,78.19,79.22,76.73,77.89,374645.0
2018-03-01,77.47,80.87,77.35,80.27,518158.0
2018-03-02,79.71,82.04,79.71,80.96,645093.0
2018-03-05,81.26,81.86,80.58,81.48,567180.0
2018-03-06,81.59,82.65,80.79,80.87,509144.0
2018-03-07,80.99,81.1,79.64,79.67,435023.0
2018-03-08,80.31,80.67,79.64,80.05,424180.0
2018-03-09,80.04,84.2,80.02,84.04,1095368.0
2018-03-12,84.48,87.42,84.48,86.55,1310073.0
2018-03-13,86.66,88.23,86.46,86.55,1446120.0
2018-03-14,87.53,95.22,86.82,95.22,3467668.0
2018-03-15,97.47,97.47,92.42,93.86,2666253.0
2018-03-16,94.73,97.83,91.24,93.16,2398314.0
2018-03-19,94.58,100.18,92.29,98.92,2840483.0
2018-03-20,98.23,101.08,96.75,98.72,1375003.0
2018-03-21,98.01,100.81,97.49,97.71,1391795.0
2018-03-22,97.51,99.58,95.65,98.39,1270592.0
2018-03-23,95.09,104.48,94.46,101.64,3385750.0
2018-03-26,101.64,107.58,101.46,107.58,2483021.0
2018-03-27,107.85,117.69,107.85,114.26,2538103.0
2018-03-28,112.38,114.51,110.92,111.55,1818936.0
2018-03-29,111.55,114.62,109.38,112.69,1116553.0
2018-03-30,112.81,114.66,109.38,114.4,1703543.0
2018-04-02,115.52,118.19,112.45,115.07,1713772.0
2018-04-03,113.09,113.41,109.75,112.62,1453480.0
2018-04-04,112.42,113.72,110.11,111.98,1091804.0
2018-04-09,110.13,116.97,108.63,115.4,1498082.0
2018-04-10,115.34,115.34,107.94,111.37,1744834.0
2018-04-11,110.11,115.11,110.07,111.39,1047989.0
2018-04-12,112.45,113.63,110.31,111.95,1028245.0
2018-04-13,112.02,114.1,110.2,110.25,733180.0
2018-04-16,109.49,115.32,109.49,114.76,1495820.0
2018-04-17,116.79,117.33,110.77,110.79,1282885.0
2018-04-18,111.12,115.47,111.12,114.58,1055303.0
2018-04-19,114.1,124.55,114.08,120.22,2211384.0
2018-04-20,119.02,122.53,115.67,117.04,1670418.0
2018-04-23,116.51,118.68,107.56,109.8,1647644.0
2018-04-24,110.97,112.98,107.74,112.0,1577313.0
2018-04-25,110.87,120.03,110.85,119.76,1812376.0
2018-04-26,120.94,121.17,113.36,114.62,1617103.0
2018-04-27,115.5,115.5,110.79,111.01,1615111.0
2018-05-02,113.03,113.03,110.76,110.92,824471.0
2018-05-03,109.93,113.5,107.0,113.0,1494524.0
2018-05-04,112.63,116.05,111.37,115.61,1037298.0
2018-05-07,114.8,120.12,114.8,119.04,1421040.0
2018-05-08,119.28,121.48,117.54,119.96,981043.0
2018-05-09,119.13,119.62,116.51,117.67,585624.0
2018-05-10,117.96,118.7,115.7,117.99,692650.0
2018-05-11,117.35,121.39,116.73,116.79,934825.0
2018-05-14,117.33,117.58,107.94,108.3,1876719.0
2018-05-15,108.59,119.13,108.3,119.13,1865217.0
2018-05-16,121.54,121.92,118.46,120.25,1503042.0
2018-05-17,121.12,122.77,115.35,116.67,1543956.0
2018-05-18,118.34,119.82,115.75,117.16,815051.0
2018-05-21,117.67,120.56,116.84,119.37,1189027.0
2018-05-22,119.42,119.95,117.16,119.01,646497.0
2018-05-23,119.35,122.04,117.22,118.59,1161886.0
2018-05-24,119.01,119.69,116.47,116.85,708220.0
2018-05-25,116.13,117.9,112.13,113.85,1301758.0
2018-05-28,113.04,113.85,110.32,112.11,900075.0
2018-05-29,112.11,113.83,111.36,111.54,573751.0
2018-05-30,111.23,113.29,108.88,111.59,678819.0
2018-05-31,112.21,113.89,108.52,111.88,900690.0
2018-06-01,112.53,113.53,108.62,109.24,681274.0
2018-06-04,109.38,110.11,104.37,104.9,989160.0
2018-06-05,106.16,110.87,104.61,110.67,985924.0
2018-06-06,109.6,111.68,108.66,110.03,708866.0
2018-06-07,110.76,111.34,108.62,109.11,463467.0
2018-06-08,108.68,110.51,108.68,109.66,498316.0
2018-06-11,109.66,111.55,108.88,111.16,840260.0
2018-06-12,111.26,112.1,107.05,111.41,810021.0
2018-06-13,109.96,111.79,108.55,108.93,496325.0
2018-06-14,108.43,109.31,107.16,108.73,534106.0
2018-06-15,108.17,109.08,105.62,106.53,468161.0
2018-06-19,105.93,106.16,98.68,100.11,762971.0
2018-06-20,100.16,101.62,96.76,100.38,749553.0
2018-06-21,100.38,100.83,92.24,95.84,1081651.0
2018-06-22,95.84,105.42,92.51,104.9,1400707.0
2018-06-25,105.08,106.16,104.18,104.92,454893.0
2018-06-26,103.43,110.78,102.37,110.27,705903.0
2018-06-27,110.51,111.74,106.18,108.32,523376.0
2018-06-28,108.43,110.87,106.94,106.98,526937.0
2018-06-29,107.03,113.04,106.22,112.64,761636.0
2018-07-02,113.58,113.78,110.31,112.68,587713.0
2018-07-03,112.13,117.34,111.25,116.08,880273.0
2018-07-04,116.04,116.47,112.49,112.98,713260.0
2018-07-05,112.86,116.51,109.62,109.78,398328.0
2018-07-06,109.8,115.39,109.51,111.97,795493.0
2018-07-09,113.42,116.98,112.26,116.47,879739.0
2018-07-10,119.01,122.77,119.01,119.53,1717121.0
2018-07-11,117.54,119.53,116.67,118.28,1031167.0
2018-07-12,118.28,122.44,117.87,118.73,989030.0
2018-07-13,117.63,120.09,115.95,116.55,851349.0
2018-07-16,117.12,120.74,116.0,117.88,952612.0
2018-07-17,117.32,118.28,113.63,117.2,672478.0
2018-07-18,116.84,118.37,114.29,114.81,735624.0
2018-07-19,114.1,116.56,114.1,114.66,465484.0
2018-07-20,114.14,115.37,113.06,114.09,541643.0
2018-07-23,114.85,118.64,113.34,118.01,1073421.0
2018-07-24,118.12,118.82,114.86,116.84,888951.0
2018-07-25,116.84,121.45,116.53,120.87,2065339.0
2018-07-26,122.62,122.77,113.22,115.32,1594706.0
2018-07-27,113.25,115.23,112.62,113.16,659504.0
2018-07-30,112.86,114.1,108.55,108.77,735839.0
2018-07-31,107.56,110.2,107.27,108.15,442416.0
2018-08-01,108.33,109.6,107.12,107.2,478713.0
2018-08-02,106.15,108.24,102.73,105.4,722947.0
2018-08-03,105.42,105.98,102.87,103.11,383397.0
2018-08-06,104.88,104.88,99.74,101.79,529658.0
2018-08-07,102.0,111.93,102.0,110.27,1175157.0
2018-08-08,110.32,115.53,108.57,110.58,1549890.0
2018-08-09,111.77,120.56,110.6,117.56,1861187.0
2018-08-10,117.54,119.01,116.4,117.56,1162900.0
2018-08-13,117.92,120.56,116.58,120.25,1517659.0
2018-08-14,119.4,121.18,116.65,120.63,1214841.0
2018-08-15,120.63,124.58,117.74,118.7,1458587.0
2018-08-16,117.74,121.94,117.03,121.25,1322074.0
2018-08-17,121.18,129.48,121.18,122.7,2916455.0
2018-08-20,123.17,127.63,119.48,125.82,1766020.0
2018-08-21,125.32,125.32,121.54,122.32,1522989.0
2018-08-22,122.19,123.15,119.46,120.34,728496.0
2018-08-23,120.33,125.88,120.0,123.67,1171419.0
2018-08-24,123.67,125.48,122.24,122.86,719901.0
2018-08-27,123.49,130.87,122.39,129.22,2459787.0
2018-08-28,129.95,131.9,127.96,128.77,1761261.0
2018-08-29,129.13,130.4,127.98,128.59,1147920.0
2018-08-30,129.1,130.18,120.56,122.71,1414529.0
2018-08-31,122.33,123.89,121.09,121.52,1318458.0
2018-09-03,120.58,123.35,118.59,121.5,1320300.0
2018-09-04,122.3,130.38,122.3,128.79,3842517.0
2018-09-05,128.66,130.73,127.51,127.51,2142183.0
2018-09-06,126.08,128.77,117.69,118.21,2872840.0
2018-09-07,118.88,128.19,118.88,119.06,4214963.0
2018-09-10,121.66,123.96,116.82,117.31,2276537.0
2018-09-11,117.92,121.14,117.34,118.07,1144311.0
2018-09-12,119.58,120.47,113.33,114.63,1478715.0
2018-09-13,115.64,117.52,113.58,115.61,1096717.0
2018-09-14,116.47,117.18,112.11,113.71,1269798.0
2018-09-17,114.48,114.81,109.76,112.04,960718.0
2018-09-18,110.7,117.9,110.7,116.35,1403983.0
2018-09-19,116.87,122.08,115.41,118.44,1408642.0
2018-09-20,118.5,119.11,116.84,117.41,860103.0
2018-09-21,117.41,117.9,115.42,117.07,791570.0
2018-09-25,116.96,119.37,116.24,117.25,798212.0
2018-09-26,117.25,121.36,114.48,120.07,1464569.0
2018-09-27,120.07,121.45,117.2,117.56,1199002.0
2018-09-28,117.56,118.21,113.34,117.96,1607292.0
2018-10-08,113.94,116.46,113.33,113.94,966106.0
2018-10-09,113.69,115.21,108.52,110.13,1030932.0
2018-10-10,110.13,113.31,109.51,112.1,571266.0
2018-10-11,108.86,111.23,103.27,104.68,1122542.0
2018-10-12,104.88,114.54,104.01,113.22,1752906.0
2018-10-15,113.94,116.93,112.69,113.4,888955.0
2018-10-16,113.54,115.33,102.19,107.2,1724164.0
2018-10-17,108.5,108.61,100.07,104.14,1924035.0
2018-10-26,108.39,109.6,98.93,100.03,1736988.0
2018-10-29,100.03,100.92,97.48,99.51,1152618.0
2018-10-30,98.95,105.75,97.03,103.72,1032991.0
2018-10-31,103.43,108.61,102.24,106.38,1006781.0
2018-11-01,107.61,110.32,104.97,105.01,860795.0
2018-11-02,108.52,111.1,106.73,109.71,1365827.0
2018-11-05,109.78,113.87,109.6,111.14,1194376.0
2018-11-06,111.48,113.51,108.84,112.71,612549.0
2018-11-07,112.87,113.49,111.1,111.1,537720.0
2018-11-08,111.41,112.31,108.84,110.0,582926.0
2018-11-09,109.26,110.85,108.9,110.11,434608.0
2018-11-12,109.08,113.02,107.16,112.59,1191080.0
2018-11-13,111.43,113.4,110.34,111.39,938350.0
2018-11-14,111.39,113.27,110.96,111.23,605942.0
2018-11-15,110.87,115.39,110.47,114.9,871225.0
2018-11-16,115.15,117.56,113.87,114.95,751253.0
2018-11-19,114.85,117.34,114.68,114.9,624020.0
2018-11-20,114.9,116.65,114.09,114.45,569220.0
2018-11-21,113.04,114.34,111.1,113.22,438687.0
2018-11-22,113.8,114.85,110.63,112.28,550935.0
2018-11-23,112.28,113.02,108.71,109.22,529777.0
2018-11-26,108.75,109.93,107.99,109.15,317180.0
2018-11-27,110.32,113.22,109.64,110.14,586980.0
2018-11-28,110.14,112.4,109.96,110.54,414652.0
2018-11-29,110.98,111.93,108.59,109.02,423508.0
2018-11-30,109.02,109.38,105.95,107.72,457299.0
2018-12-03,110.22,113.13,108.15,109.06,1041891.0
2018-12-04,109.91,111.05,108.41,108.46,990854.0
2018-12-05,107.77,109.75,106.76,109.44,637747.0
2018-12-06,108.3,109.26,105.98,106.38,639003.0
2018-12-07,106.42,107.58,104.9,107.47,511831.0
2018-12-10,105.8,107.3,104.18,104.74,539492.0
2018-12-11,104.74,106.09,103.09,105.55,518787.0
2018-12-12,106.71,107.63,103.45,103.99,541176.0
2018-12-13,104.7,107.77,103.85,106.83,759496.0
2018-12-14,106.85,107.5,105.31,105.73,778290.0
2018-12-17,103.61,105.71,101.46,102.22,900808.0
2018-12-18,102.24,102.91,100.92,102.57,581180.0
2018-12-19,102.53,103.27,101.08,101.46,367737.0
2018-12-20,101.52,101.99,99.26,100.02,561285.0
2018-12-21,100.2,100.52,98.57,99.71,445011.0
2018-12-24,99.33,104.68,99.31,104.5,912734.0
2018-12-25,103.89,104.77,101.88,104.41,557060.0
2018-12-26,103.98,105.33,102.51,104.36,551902.0
2018-12-27,105.35,105.78,102.8,103.63,684558.0
2018-12-28,103.7,108.3,99.65,107.61,1560679.0
2019-01-02,105.98,105.98,99.47,100.68,1382626.0
2019-01-03,100.32,100.52,98.21,99.65,576256.0
2019-01-04,99.27,101.86,98.35,101.61,737115.0
2019-01-07,102.19,107.72,100.94,106.96,1538008.0
2019-01-08,107.03,107.38,104.36,105.22,718735.0
2019-01-09,105.8,106.8,104.5,104.95,742799.0
2019-01-10,104.9,106.73,104.54,105.44,565820.0
2019-01-11,105.82,106.4,102.93,105.42,709585.0
2019-01-14,104.9,105.8,103.14,103.87,512757.0
2019-01-15,103.63,106.44,102.73,105.48,565912.0
2019-01-16,104.84,107.12,104.84,105.44,365729.0
2019-01-17,105.44,105.6,101.06,101.91,748043.0
2019-01-18,101.43,103.69,101.43,103.67,439827.0
2019-01-21,104.86,106.49,103.74,105.44,781920.0
2019-01-22,106.13,106.13,103.74,103.99,448838.0
2019-01-23,104.1,105.26,101.1,102.71,770169.0
2019-01-24,102.71,104.1,102.0,102.42,518980.0
2019-01-25,102.42,103.45,99.26,100.03,1369122.0
2019-01-28,100.92,100.92,93.88,95.15,1667318.0
2019-01-29,95.13,96.72,94.16,96.43,599118.0
2019-01-30,96.18,97.45,93.05,94.17,555488.0
2019-01-31,84.75,84.75,84.75,84.75,682800.0
2019-02-01,83.74,85.82,76.27,76.96,5176924.0
2019-02-11,76.76,77.17,74.15,76.87,4187823.0
2019-02-12,77.77,80.52,76.88,80.52,3091051.0
2019-02-13,81.39,81.39,79.56,80.79,2913233.0
2019-02-14,80.61,84.57,79.67,83.09,2437332.0
2019-02-15,82.58,83.74,82.42,82.67,1384430.0
2019-02-18,82.62,85.58,82.62,85.42,2004981.0
2019-02-19,85.53,86.18,84.46,85.75,1608376.0
2019-02-20,85.93,85.93,84.48,85.11,1141054.0
2019-02-21,84.84,86.4,84.28,84.43,1535020.0
2019-02-22,84.43,85.85,83.76,85.84,1603606.0
2019-02-25,88.24,91.82,86.27,90.29,3177479.0
2019-02-26,91.33,91.33,88.96,89.38,2184599.0
2019-02-27,89.25,89.98,87.5,88.28,1835110.0
2019-02-28,88.08,91.26,88.08,89.98,1376370.0
2019-03-01,90.43,91.24,89.34,90.41,1125237.0
2019-03-04,91.97,93.49,90.99,91.57,2145772.0
2019-03-05,91.55,94.05,91.17,94.03,1667560.0
2019-03-06,94.07,95.77,93.31,95.77,2121985.0
2019-03-07,94.95,99.11,93.96,97.85,2474912.0
2019-03-08,95.86,99.11,93.96,93.96,2388835.0
2019-03-11,94.99,97.3,94.07,97.28,1775709.0
2019-03-12,99.0,103.45,97.83,103.0,3428464.0
2019-03-13,101.28,102.53,99.51,100.83,2493885.0
2019-03-14,100.58,100.58,92.17,93.4,2825024.0
2019-03-15,93.59,94.7,92.65,93.2,1412769.0
2019-03-18,92.73,94.92,92.33,94.5,1103766.0
2019-03-19,94.52,97.97,94.52,96.36,1804983.0
2019-03-20,96.54,97.85,94.1,96.22,1491700.0
2019-03-21,97.14,99.35,95.29,98.03,2373120.0
2019-03-22,101.28,105.68,98.88,103.02,3372457.0
2019-03-25,101.43,102.69,99.22,99.45,2175621.0
2019-03-26,99.6,100.74,96.22,96.54,1628399.0
2019-03-27,99.83,99.83,93.14,93.69,1644120.0
2019-03-28,93.69,97.45,92.4,93.79,1792870.0
2019-03-29,94.16,95.82,89.54,95.77,2251678.0
2019-04-01,95.77,98.15,95.49,97.66,1952968.0
2019-04-02,97.66,101.55,97.39,99.64,2892792.0
2019-04-03,99.47,101.28,97.66,100.85,1905350.0
2019-04-04,100.81,102.89,99.49,100.41,1835069.0
2019-04-08,101.12,102.73,95.86,96.76,2394577.0
2019-04-09,97.03,97.43,95.01,96.16,1164377.0
2019-04-10,94.52,97.77,93.32,97.19,2178689.0
2019-04-11,96.65,96.9,93.67,93.87,1605584.0
2019-04-12,93.14,94.52,92.96,93.65,883980.0
2019-04-15,94.32,95.62,91.62,91.66,1163393.0
2019-04-16,90.74,93.56,90.74,93.2,776101.0
2019-04-17,93.5,94.59,92.78,93.99,647074.0
2019-04-18,93.96,94.19,91.53,92.08,929492.0
2019-04-19,92.08,93.14,90.99,91.8,1034613.0
2019-04-22,92.96,92.96,91.39,91.39,704180.0
2019-04-23,91.41,91.51,89.89,90.05,858716.0
2019-04-24,90.21,90.38,88.04,90.14,658862.0
2019-04-25,90.76,90.76,88.26,88.35,582323.0
2019-04-26,89.51,93.16,88.8,93.09,1594727.0
2019-04-29,93.07,99.62,93.07,94.08,1769347.0
2019-04-30,94.66,95.82,91.71,92.71,992343.0
2019-05-06,90.43,90.43,86.03,87.3,1196392.0
2019-05-07,87.39,88.11,86.23,87.52,750419.0
2019-05-08,86.79,88.37,85.02,86.23,730315.0
2019-05-09,85.82,86.29,84.43,84.82,480380.0
2019-05-10,85.33,88.01,83.58,87.21,1041355.0
2019-05-13,86.79,88.11,85.62,88.08,778060.0
2019-05-14,87.36,88.91,87.08,87.9,546660.0
2019-05-15,88.62,89.42,87.23,87.9,883994.0
2019-05-16,87.86,88.24,85.96,86.6,783020.0
2019-05-17,86.69,87.28,85.0,85.35,458422.0
2019-05-20,84.28,86.16,84.28,84.79,426759.0
2019-05-21,85.44,87.81,84.5,87.45,841932.0
2019-05-22,87.34,88.19,86.63,87.32,491684.0
2019-05-23,87.17,87.17,84.35,84.35,585854.0
2019-05-24,84.03,85.37,84.03,85.0,364422.0
2019-05-27,85.0,90.32,84.66,90.32,1207952.0
2019-05-28,90.25,90.32,88.62,89.44,826429.0
2019-05-29,88.8,90.99,88.75,90.94,579580.0
2019-05-30,90.36,94.16,89.92,91.44,958176.0
2019-05-31,91.46,94.48,90.79,92.94,699783.0
2019-06-03,93.0,93.83,90.61,91.03,700651.0
2019-06-04,91.03,92.93,90.61,91.86,703850.0
2019-06-05,92.4,92.78,90.88,91.42,369181.0
2019-06-06,91.42,91.61,89.25,89.8,761129.0
2019-06-10,89.8,92.76,89.8,91.84,435638.0
2019-06-11,91.42,93.78,90.72,93.4,709342.0
2019-06-12,93.34,94.55,92.98,93.41,533851.0
2019-06-13,93.41,96.36,93.41,94.35,541977.0
2019-06-14,94.5,97.05,94.08,95.86,805044.0
2019-06-17,95.86,96.33,94.77,94.93,757301.0
2019-06-18,95.49,95.49,93.79,94.95,481137.0
2019-06-19,96.16,96.89,94.61,94.88,772671.0
2019-06-20,95.49,96.0,94.34,95.77,674939.0
2019-06-21,97.45,99.11,95.95,96.81,1438278.0
2019-06-24,97.03,98.03,94.86,95.42,747280.0
2019-06-25,95.29,95.29,93.32,93.81,803700.0
2019-06-26,93.14,96.58,93.14,96.58,775267.0
2019-06-27,95.95,96.83,94.12,94.92,872671.0
2019-06-28,96.04,99.29,96.04,97.41,1262037.0
2019-07-01,98.57,99.8,97.85,98.77,1101703.0
2019-07-02,98.39,99.27,98.01,98.53,563759.0
2019-07-03,98.19,99.04,95.95,96.36,641429.0
2019-07-04,96.89,97.62,91.91,92.86,1854830.0
2019-07-05,93.76,93.76,91.71,92.94,1178838.0
2019-07-08,91.99,93.48,89.51,89.51,1034134.0
2019-07-09,89.51,90.63,86.1,87.9,1179358.0
2019-07-10,88.12,88.66,86.13,86.87,823350.0
2019-07-11,87.03,87.82,85.45,85.53,1055240.0
2019-07-12,85.53,86.81,85.53,86.6,701509.0
2019-07-15,83.06,88.61,81.69,87.25,2112434.0
2019-07-16,88.09,88.39,86.81,87.14,776886.0
2019-07-17,87.14,88.04,85.23,86.13,782767.0
2019-07-18,86.6,87.0,84.09,86.02,731387.0
2019-07-19,85.37,87.41,85.37,86.35,427420.0
2019-07-22,86.05,86.84,84.69,85.81,397530.0
2019-07-23,85.94,86.3,84.83,85.26,494297.0
2019-07-24,85.89,90.08,85.89,89.13,1463395.0
2019-07-25,89.24,90.3,88.45,90.16,956012.0
2019-07-26,93.84,96.1,92.04,93.62,2177889.0
2019-07-29,92.72,93.73,91.91,93.27,898044.0
2019-07-30,92.78,95.31,92.75,95.31,1002937.0
2019-07-31,95.25,95.25,93.51,93.87,845404.0
2019-08-01,94.44,94.87,92.86,94.0,801277.0
2019-08-02,93.1,94.66,92.04,93.73,935818.0
2019-08-05,93.73,94.98,92.56,93.57,843290.0
2019-08-06,92.59,92.59,88.2,90.16,1317400.0
2019-08-07,90.49,91.71,89.67,90.27,939250.0
2019-08-08,89.45,96.15,89.45,94.44,1869600.0
2019-08-09,93.89,94.41,91.66,91.8,1048736.0
2019-08-12,92.31,93.18,90.41,92.04,984248.0
2019-08-13,91.31,91.36,89.54,89.97,743969.0
2019-08-14,90.95,92.75,90.11,91.93,839254.0
2019-08-15,91.06,93.92,90.03,92.97,910179.0
2019-08-16,92.53,93.57,91.55,92.69,791894.0
2019-08-19,93.16,99.61,93.16,98.85,3033218.0
2019-08-20,98.82,102.04,98.25,99.12,1838230.0
2019-08-21,98.52,99.91,97.79,98.0,1011020.0
2019-08-22,97.76,99.83,97.76,99.09,907007.0
2019-08-23,98.58,100.1,97.6,98.41,620698.0
2019-08-26,96.75,98.3,96.67,97.76,633322.0
2019-08-27,98.03,99.5,97.51,98.25,973530.0
2019-08-28,97.65,98.28,96.97,97.02,619247.0
2019-08-29,97.73,98.79,95.31,97.76,717908.0
2019-08-30,97.76,98.3,95.61,96.21,839514.0
2019-09-02,97.22,97.71,95.58,97.71,1172430.0
2019-09-03,98.03,100.16,96.18,99.99,1688257.0
2019-09-04,99.42,100.67,98.58,99.91,893233.0
2019-09-05,100.35,101.57,100.05,100.21,1165917.0
2019-09-06,101.16,102.28,98.44,99.64,1310975.0
2019-09-09,100.97,101.95,100.02,101.68,1953828.0
2019-09-10,101.84,101.84,99.12,99.99,1153391.0
2019-09-11,99.99,100.76,99.39,99.86,790346.0
2019-09-12,100.1,101.22,99.45,100.48,1096630.0
2019-09-16,100.48,106.96,100.4,105.28,3594008.0
2019-09-17,105.28,107.32,104.35,105.77,2394518.0
2019-09-18,106.53,106.58,104.02,105.6,1142668.0
2019-09-19,106.04,108.6,105.28,107.35,1546061.0
2019-09-20,107.29,111.32,106.53,110.01,2679655.0
2019-09-23,109.74,114.78,109.47,113.88,2799184.0
2019-09-24,114.37,115.6,112.46,113.09,2030335.0
2019-09-25,113.25,114.56,108.92,112.11,2421060.0
2019-09-26,110.91,112.95,107.86,108.98,2432833.0
2019-09-27,108.98,113.53,108.6,110.75,2587219.0
2019-09-30,110.83,113.09,109.41,110.29,1786094.0
2019-10-08,111.38,111.38,104.02,106.34,3162224.0
2019-10-09,105.08,106.15,103.15,103.78,1526477.0
2019-10-10,103.86,108.49,102.74,108.3,1860411.0
2019-10-11,113.09,115.65,107.37,114.15,4019665.0
2019-10-14,115.19,117.61,114.29,115.46,1971255.0
2019-10-15,115.32,116.69,114.1,115.76,987240.0
2019-10-16,116.0,117.01,115.24,115.38,755046.0
2019-10-17,115.6,118.24,115.51,116.55,741248.0
2019-10-18,116.03,116.96,114.51,115.0,995557.0
2019-10-21,114.1,116.33,111.87,113.55,1762471.0
2019-10-22,113.55,115.41,113.09,114.07,787167.0
2019-10-23,114.59,114.64,108.92,112.68,1080781.0
2019-10-24,112.3,113.2,110.53,113.2,656509.0
2019-10-25,113.55,114.34,111.02,114.23,1331106.0
2019-10-28,113.5,117.64,113.34,114.04,1725522.0
2019-10-29,114.1,116.22,111.92,112.06,1179780.0
2019-10-30,112.19,112.93,110.15,111.27,1032998.0
2019-10-31,112.33,112.33,108.63,110.01,1368851.0
2019-11-01,110.01,111.1,108.92,109.8,935850.0
2019-11-04,110.83,113.55,109.47,110.1,1686680.0
2019-11-05,111.05,112.08,109.61,110.29,1139919.0
2019-11-06,110.91,111.1,107.05,107.56,1716108.0
2019-11-07,107.54,108.73,106.45,106.83,1534110.0
2019-11-08,107.56,109.69,107.37,107.67,1617583.0
2019-11-11,107.51,108.9,105.52,105.79,1177210.0
2019-11-12,105.93,106.23,104.05,105.33,1100448.0
2019-11-13,104.95,107.92,104.95,106.26,1049427.0
2019-11-14,106.26,106.86,104.62,105.93,812930.0
2019-11-15,105.66,106.72,104.84,105.52,805900.0
2019-11-18,105.52,108.38,104.1,107.45,1043100.0
2019-11-19,108.65,109.22,107.05,109.12,1007337.0
2019-11-20,108.92,110.1,108.11,108.33,725870.0
2019-11-21,108.35,112.19,107.32,110.94,1283208.0
2019-11-22,110.83,111.54,107.56,108.03,1056570.0
2019-11-25,108.65,111.27,104.89,105.74,1412604.0
2019-11-26,106.09,113.5,105.77,108.33,2614461.0
2019-11-27,108.16,108.3,105.11,106.39,1484623.0
2019-11-28,106.12,115.51,105.82,113.61,3213804.0
2019-11-29,113.8,115.19,111.67,113.88,1832091.0
2019-12-02,120.23,121.61,115.54,118.43,3547506.0
2019-12-03,117.37,118.89,115.76,118.18,1741960.0
2019-12-04,118.26,123.44,116.55,121.18,2391918.0
2019-12-05,121.31,123.41,120.09,122.76,2076382.0
2019-12-06,122.46,122.46,120.23,121.31,1881531.0
2019-12-09,120.69,121.72,118.48,119.27,1843615.0
2019-12-10,118.16,120.63,117.91,119.84,1308429.0
2019-12-11,119.11,123.49,118.67,119.82,2264050.0
2019-12-12,119.82,120.2,117.09,117.48,1585689.0
2019-12-13,118.84,120.09,117.45,118.46,1144016.0
2019-12-16,118.81,122.84,118.56,121.94,2529970.0
2019-12-17,121.94,123.44,119.82,123.14,2517412.0
2019-12-18,121.86,122.54,120.77,121.18,1380491.0
2019-12-19,122.54,126.62,120.23,120.88,2342364.0
2019-12-20,121.59,122.21,118.67,120.82,1422763.0
2019-12-23,119.54,119.79,117.45,119.46,1061560.0
2019-12-24,118.59,121.18,118.59,120.8,913220.0
2019-12-25,121.97,126.57,121.97,126.52,3223457.0
2019-12-26,127.55,130.52,125.84,130.52,2378875.0
2019-12-27,130.71,130.71,123.11,123.82,2514780.0
2019-12-30,123.11,124.75,121.67,122.35,1768470.0
2019-12-31,122.46,123.55,120.63,122.16,1313780.0
2020-01-02,122.51,124.85,122.51,124.07,1271354.0
2020-01-03,125.26,127.17,123.36,126.76,2141282.0
2020-01-06,125.7,132.56,124.69,130.52,2639978.0
2020-01-07,129.76,141.55,129.7,141.47,4289684.0
2020-01-08,138.91,144.41,138.36,141.55,2748766.0
2020-01-09,142.12,146.5,141.87,143.89,2545361.0
2020-01-10,144.57,146.5,142.58,143.89,2051266.0
2020-01-13,144.6,148.65,144.6,148.03,2300783.0
2020-01-14,145.82,147.05,137.52,140.24,4908305.0
2020-01-15,140.24,142.96,139.07,140.62,1854689.0
2020-01-16,140.13,145.58,140.13,142.47,1706980.0
2020-01-17,142.91,144.19,138.93,141.47,1877354.0
2020-01-20,140.98,143.02,139.53,142.36,1424755.0
2020-01-21,141.52,143.56,138.63,138.8,2151790.0
2020-01-22,137.84,139.97,135.61,138.99,2643721.0
2020-01-23,137.16,139.7,131.28,133.7,3112998.0
2020-02-03,120.33,120.33,120.33,120.33,432700.0
2020-02-04,117.09,122.54,114.37,119.35,4971330.0
2020-02-05,119.03,126.62,119.03,124.77,3888626.0
2020-02-06,124.99,125.26,121.72,124.77,4395435.0
2020-02-07,123.87,123.87,120.09,123.41,3190234.0
2020-02-10,122.13,127.99,122.0,126.03,2981612.0
2020-02-11,126.68,130.14,126.22,127.96,2682131.0
2020-02-12,127.71,128.72,125.67,127.99,2195028.0
2020-02-13,128.89,129.27,125.81,127.93,2035468.0
2020-02-14,127.8,128.39,125.1,126.43,2612557.0
2020-02-17,128.29,134.52,128.29,132.32,3140679.0
2020-02-18,133.24,136.7,130.71,135.67,3361564.0
2020-02-19,135.67,139.97,133.73,137.22,2570316.0
2020-02-20,137.27,138.88,135.88,137.46,2117858.0
2020-02-21,138.33,140.16,136.46,138.77,3097689.0
2020-02-24,135.94,140.79,135.94,140.4,3136543.0
2020-02-25,137.95,139.1,133.02,138.63,3478502.0
2020-02-26,136.16,140.51,135.77,138.14,2749756.0
2020-02-27,138.14,139.37,133.98,136.51,3165649.0
2020-02-28,133.16,134.6,127.69,127.74,3003001.0
2020-03-02,128.39,131.74,128.39,130.79,2071034.0
2020-03-03,131.53,140.1,131.53,138.77,3345704.0
2020-03-04,136.16,137.93,128.89,131.77,4476026.0
2020-03-05,130.71,133.76,129.05,132.13,2447192.0
2020-03-06,132.04,135.61,129.62,133.43,1882641.0
2020-03-09,131.36,132.32,127.17,127.55,2426160.0
2020-03-10,126.05,130.87,125.26,129.89,2698339.0
2020-03-11,131.04,138.61,131.04,133.11,4177244.0
2020-03-12,134.09,134.09,127.71,128.18,2435358.0
2020-03-13,119.82,129.08,119.82,127.99,2751189.0
2020-03-16,140.38,140.38,121.45,122.59,5253851.0
2020-03-17,121.51,123.9,111.73,117.01,4554418.0
2020-03-18,118.18,126.95,118.07,120.5,4179096.0
2020-03-19,121.21,123.08,117.26,121.21,2330044.0
2020-03-20,122.54,124.88,120.09,120.74,1611741.0
2020-03-23,117.94,122.0,114.48,114.48,2292595.0
2020-03-24,117.83,117.83,110.31,114.56,2316796.0
2020-03-25,117.09,117.69,113.94,115.54,1670847.0
2020-03-26,114.72,115.68,112.95,113.17,1602944.0
2020-03-27,114.32,117.64,112.52,113.34,1725721.0
2020-03-30,111.7,112.0,106.75,107.75,2234182.0
2020-03-31,108.92,109.17,106.07,106.75,1570386.0
2020-04-01,106.04,108.92,104.87,106.72,1149412.0
2020-04-02,106.91,109.8,105.55,109.69,1469542.0
2020-04-03,109.88,110.15,107.86,108.95,978006.0
2020-04-07,110.48,111.95,109.63,111.1,1127713.0
2020-04-08,110.8,110.97,108.24,109.01,1235371.0
2020-04-09,110.04,114.02,108.71,113.55,1847415.0
2020-04-10,111.51,112.85,107.56,107.56,1981583.0
2020-04-13,107.7,108.49,105.79,107.21,690492.0
2020-04-14,111.38,114.29,110.1,111.59,2949475.0
2020-04-15,110.78,111.35,108.38,108.43,2121063.0
2020-04-16,107.75,109.58,106.42,109.01,1252978.0
2020-04-17,110.04,112.08,109.14,109.39,1796467.0
2020-04-20,109.47,110.26,108.3,110.07,1122590.0
2020-04-21,110.07,114.15,108.82,111.51,2042015.0
2020-04-22,109.93,112.3,109.93,111.57,1119860.0
2020-04-23,111.13,115.41,109.82,112.36,2473403.0
2020-04-24,111.67,113.15,110.12,110.72,1062918.0
2020-04-27,111.62,113.42,109.06,113.36,1288635.0
2020-04-28,113.01,113.01,108.38,109.5,1404008.0
2020-04-29,109.5,109.96,108.68,109.63,567063.0
2020-04-30,110.56,112.76,109.88,112.52,1355784.0
2020-05-06,111.62,112.9,110.64,112.19,1883197.0
2020-05-07,112.27,114.59,111.4,112.49,1430248.0
2020-05-08,113.55,116.22,113.17,115.6,1688496.0
2020-05-11,115.46,117.09,114.51,115.11,1250332.0
2020-05-12,114.75,115.32,113.06,114.78,826472.0
2020-05-13,115.05,115.05,113.39,114.02,1091974.0
2020-05-14,114.32,114.37,113.53,114.15,536230.0
2020-05-15,114.4,115.11,113.36,113.74,964418.0
2020-05-18,113.42,114.13,110.75,110.8,1619711.0
2020-05-19,111.7,112.6,110.64,111.84,1071568.0
2020-05-20,113.53,113.53,109.44,109.66,1373315.0
2020-05-21,109.93,110.8,108.92,109.39,800167.0
2020-05-22,108.6,110.45,107.89,108.76,754540.0
2020-05-25,109.5,109.5,108.0,108.46,466735.0
2020-05-26,109.33,109.96,108.49,109.71,569496.0
2020-05-27,110.97,110.97,108.38,108.54,598258.0
2020-05-28,106.5,108.52,106.47,107.59,746269.0
2020-05-29,108.11,109.66,107.62,108.76,417095.0
2020-06-01,108.98,111.51,108.98,111.32,1213071.0
2020-06-02,112.55,112.55,110.75,111.29,738223.0
2020-06-03,111.62,112.08,109.88,110.04,1215513.0
2020-06-04,110.04,111.1,107.45,107.97,1576415.0
2020-06-05,107.73,108.63,106.01,107.07,1528170.0
2020-06-08,106.53,108.63,106.07,106.42,1078061.0
2020-06-09,106.34,107.29,105.28,107.1,923877.0
2020-06-10,107.1,109.14,106.23,108.76,1000441.0
2020-06-11,108.76,110.34,108.38,109.17,1336264.0
2020-06-12,108.65,110.89,107.45,109.85,1137192.0
2020-06-15,109.8,112.03,109.09,109.36,966227.0
2020-06-16,109.96,111.51,109.36,110.78,1076976.0
2020-06-17,110.69,112.0,107.32,111.73,1580820.0
2020-06-18,112.46,112.46,110.37,110.61,851775.0
2020-06-19,110.78,111.27,110.07,110.89,1314946.0
2020-06-22,111.35,114.04,110.59,113.85,1930235.0
2020-06-23,113.55,117.91,113.04,117.77,2474941.0
2020-06-24,117.94,126.46,117.94,124.69,4439160.0
2020-06-29,124.72,126.95,124.09,124.72,1951295.0
2020-06-30,125.43,127.71,124.07,127.55,1835195.0
2020-07-01,128.94,132.07,128.31,129.92,1820565.0
2020-07-02,130.36,133.46,129.43,133.11,2818226.0
2020-07-03,133.43,133.43,129.62,129.97,1778531.0
2020-07-06,130.74,133.43,130.06,131.8,1858636.0
2020-07-07,131.23,136.33,131.23,135.05,2584305.0
2020-07-08,134.7,136.14,130.99,132.7,2111219.0
2020-07-09,131.31,135.05,130.06,133.31,3165744.0
2020-07-10,133.71,136.17,132.08,132.76,2500435.0
2020-07-13,133.71,139.17,133.71,136.03,2765081.0
2020-07-14,135.87,138.71,133.39,135.13,2779390.0
2020-07-15,135.05,135.95,124.35,130.99,2450258.0
2020-07-16,132.62,132.92,125.53,125.66,2716440.0
2020-07-17,125.58,126.89,122.01,124.0,1970003.0
2020-07-20,124.14,127.41,123.02,124.11,2033474.0
2020-07-21,124.38,125.99,122.77,123.54,1644521.0
2020-07-22,123.56,130.11,122.17,128.75,3386768.0
2020-07-23,128.28,129.48,122.17,124.16,2353871.0
2020-07-24,124.14,126.7,117.07,117.2,2775634.0
2020-07-27,117.34,120.86,115.89,117.83,1219549.0
2020-07-28,117.59,120.81,117.59,119.85,934304.0
2020-07-29,119.88,121.22,117.89,121.03,1163075.0
2020-07-30,121.38,122.39,119.44,120.32,991795.0
2020-07-31,120.62,123.1,118.95,120.07,1768090.0
2020-08-03,122.17,130.44,122.17,128.09,2764435.0
2020-08-04,128.86,131.8,126.92,129.16,1879956.0
2020-08-05,129.98,130.85,127.63,130.36,1494730.0
2020-08-06,132.1,136.83,131.15,136.39,4148770.0
2020-08-07,136.58,143.32,135.38,139.45,4901411.0
2020-08-10,139.06,147.39,138.84,142.94,3610351.0
2020-08-11,141.38,145.34,141.38,142.31,2064212.0
2020-08-12,141.44,144.06,139.34,142.72,2114738.0
2020-08-13,142.75,146.76,141.74,142.72,1715557.0
2020-08-14,142.72,146.76,142.2,143.59,2158645.0
2020-08-17,144.63,146.81,142.69,143.67,1920025.0
2020-08-18,143.27,144.9,142.58,142.99,1672752.0
2020-08-19,142.97,144.08,139.2,139.23,2175834.0
2020-08-20,140.26,140.26,136.28,136.39,1974140.0
2020-08-21,138.63,139.01,135.57,136.96,1568498.0
2020-08-24,137.81,137.81,133.71,135.76,1621701.0
2020-08-25,136.99,138.22,134.72,135.76,1935405.0
2020-08-26,135.82,136.5,131.89,132.68,1749529.0
2020-08-27,133.41,134.78,132.24,133.85,1177621.0
2020-08-28,133.66,134.53,131.8,133.99,1332717.0
2020-08-31,135.68,135.68,132.62,132.84,1541317.0
2020-09-01,132.62,134.04,131.29,133.71,890550.0
2020-09-02,134.51,136.39,133.44,134.53,1506588.0
2020-09-03,134.53,135.68,131.53,131.53,1120239.0
2020-09-04,130.58,134.45,129.89,134.26,1212685.0
2020-09-07,134.21,137.81,131.26,131.53,2091771.0
2020-09-08,132.32,133.8,130.66,133.69,1311062.0
2020-09-09,132.38,133.11,124.35,124.79,2179830.0
2020-09-10,125.64,126.86,120.07,120.07,1490061.0
2020-09-11,120.51,127.33,119.66,124.76,1464095.0
2020-09-14,124.85,127.25,123.56,124.79,1484332.0
2020-09-15,128.58,129.51,122.8,124.19,1289963.0
2020-09-16,123.48,124.14,119.33,119.63,1956418.0
2020-09-17,120.89,122.09,118.73,121.35,1379303.0
2020-09-18,121.87,124.03,120.59,123.75,1032909.0
2020-09-21,123.62,124.93,121.71,121.79,1035388.0
2020-09-22,121.19,122.77,118.87,119.72,1073507.0
2020-09-23,120.75,121.87,118.3,118.81,1263524.0
2020-09-24,118.81,119.06,113.47,113.68,2141299.0
2020-09-25,114.04,116.44,112.16,113.08,1477343.0
2020-09-28,113.49,115.21,111.88,113.25,926209.0
2020-09-29,113.0,114.34,112.02,112.21,1153899.0
2020-09-30,112.16,113.28,110.57,111.86,1364031.0
2020-10-09,112.46,115.76,111.42,115.1,1959229.0
2020-10-12,115.08,116.39,114.07,115.68,1807023.0
2020-10-13,115.7,116.55,111.34,111.91,2585520.0
2020-10-14,112.24,114.2,110.93,112.84,1704476.0
2020-10-15,112.13,112.59,110.33,110.52,1370430.0
2020-10-16,110.52,111.04,107.3,108.85,1487596.0
2020-10-19,111.06,112.13,108.34,108.55,1634140.0
2020-10-20,108.61,110.36,108.34,110.14,933511.0
2020-10-21,109.7,110.49,108.23,109.1,1093549.0
2020-10-22,109.13,109.37,107.79,108.77,902880.0
2020-10-23,108.77,109.45,105.77,106.64,1177376.0
2020-10-26,106.51,106.51,104.49,104.62,1090523.0
2020-10-27,104.27,105.8,104.27,105.39,576306.0
2020-10-28,105.39,106.67,104.38,106.45,828805.0
2020-10-29,105.33,108.2,104.71,107.0,1258960.0
2020-10-30,107.24,109.95,98.24,101.13,3300062.0
2020-11-02,101.13,102.33,95.37,99.58,2950419.0
2020-11-03,100.42,101.43,99.22,101.16,1836287.0
2020-11-04,100.97,102.06,100.45,100.89,1019453.0
2020-11-05,101.54,102.44,99.74,101.73,1536079.0
2020-11-06,101.62,104.0,101.46,101.81,1261287.0
2020-11-09,101.81,104.73,101.79,103.83,1915574.0
2020-11-10,103.67,112.05,103.67,110.52,3930029.0
2020-11-11,110.11,110.68,106.23,107.11,1925026.0
2020-11-12,107.11,107.22,104.52,105.44,1267374.0
2020-11-13,104.76,109.15,104.19,107.93,1599498.0
2020-11-16,109.15,111.28,107.98,110.41,1508321.0
2020-11-17,111.88,113.22,108.25,109.15,2224098.0
2020-11-18,109.59,109.59,104.05,104.46,2857518.0
2020-11-19,104.73,105.61,103.31,104.13,1289950.0
2020-11-20,104.35,105.88,103.92,104.92,819710.0
2020-11-23,104.19,104.46,100.97,102.39,1537383.0
2020-11-24,103.64,104.16,101.65,102.17,1110462.0
2020-11-25,101.98,103.42,100.15,100.42,1241701.0
2020-11-26,100.83,101.38,100.12,100.26,667864.0
2020-11-27,99.88,100.5,99.06,99.49,624500.0
2020-11-30,102.31,102.31,99.28,100.2,603500.0
2020-12-01,100.45,101.7,99.85,101.08,913542.0
2020-12-02,101.24,101.46,99.22,99.3,1161374.0
2020-12-03,99.88,100.91,98.54,100.09,743956.0
2020-12-04,100.42,100.64,99.17,99.63,589527.0
2020-12-07,99.66,100.89,99.06,99.14,646750.0
2020-12-08,99.47,100.07,95.78,96.82,1420724.0
2020-12-09,97.12,97.67,96.08,96.17,693430.0
2020-12-10,96.03,96.87,95.46,96.71,545098.0
2020-12-11,97.56,97.72,94.2,94.75,1475357.0
2020-12-14,94.28,94.8,92.26,92.32,814745.0
2020-12-15,92.78,93.33,90.11,92.75,1148464.0
2020-12-16,92.1,93.6,90.84,91.06,573050.0
2020-12-17,90.33,91.94,88.14,91.66,1088109.0
2020-12-18,91.72,91.88,89.29,89.81,696753.0
2020-12-21,89.83,90.54,88.72,88.8,679492.0
2020-12-22,88.66,88.66,83.86,84.46,1814874.0
2020-12-23,84.81,85.09,83.5,83.78,1096750.0
2020-12-24,83.42,88.2,81.67,84.59,2054484.0
2020-12-25,85.93,87.76,84.59,87.16,1163324.0
2020-12-28,86.78,87.24,85.17,85.58,785552.0
2020-12-29,86.1,89.51,85.99,86.83,852157.0
2020-12-30,86.83,87.32,85.96,86.23,583000.0
2020-12-31,85.99,90.54,85.96,89.04,1400557.0
2021-01-04,88.88,90.11,87.6,88.61,1109468.0
2021-01-05,87.84,88.63,85.88,86.56,1169050.0
2021-01-06,86.56,87.24,85.3,85.66,877815.0
2021-01-07,85.5,85.69,81.32,82.17,1714664.0
2021-01-08,81.32,84.05,78.86,81.59,2323678.0
2021-01-11,80.26,82.82,77.17,77.58,2348279.0
2021-01-12,77.58,81.4,77.23,80.37,1676268.0
2021-01-13,80.75,81.46,77.53,78.18,2203928.0
2021-01-14,78.18,79.63,76.68,78.59,1947888.0
2021-01-15,78.62,80.99,78.1,79.46,1815276.0
2021-01-18,79.46,82.9,78.81,82.38,1861070.0
2021-01-19,81.24,83.78,81.24,82.58,1395240.0
2021-01-20,82.58,83.72,81.43,82.0,1019926.0
2021-01-21,81.73,83.18,81.05,81.81,1189087.0
2021-01-22,81.84,81.84,78.59,80.01,1502568.0
2021-01-25,80.17,80.17,76.9,77.04,1399256.0
2021-01-26,76.44,78.05,75.75,75.94,1428296.0
2021-01-27,76.27,77.47,75.21,76.57,1270472.0
2021-01-28,76.14,77.15,74.01,74.33,1136394.0
2021-01-29,75.67,75.7,71.77,72.59,1415020.0
2021-02-01,73.13,73.13,70.92,71.93,1115486.0
2021-02-02,71.5,73.11,70.76,71.69,900081.0
2021-02-03,71.69,71.91,68.71,68.93,1500257.0
2021-02-04,70.95,70.95,66.48,67.62,1434052.0
2021-02-05,69.59,69.59,65.55,65.79,1043876.0
2021-02-08,65.79,70.62,65.38,68.17,1574299.0
2021-02-09,67.89,68.69,67.48,68.06,838780.0
2021-02-10,68.22,68.71,67.4,67.73,816894.0
2021-02-18,68.85,71.52,68.71,69.78,1167151.0
2021-02-19,69.91,71.61,69.78,71.61,1083938.0
2021-02-22,71.55,72.97,70.95,70.95,1494326.0
2021-02-23,70.98,71.61,68.93,69.53,1234229.0
2021-02-24,69.7,71.5,69.26,70.62,1302774.0
2021-02-25,70.68,71.09,68.28,68.47,1304984.0
2021-02-26,68.09,69.8,67.1,69.09,1091900.0
2021-03-01,69.45,72.75,69.45,72.1,1669604.0
2021-03-02,72.78,77.99,71.77,75.81,3571822.0
2021-03-03,75.84,76.9,74.31,74.88,1525560.0
2021-03-04,74.23,75.56,73.68,74.12,1037139.0
2021-03-05,73.62,74.96,73.41,74.23,787251.0
2021-03-08,74.66,75.32,72.59,72.59,1206170.0
2021-03-09,72.59,73.22,69.67,70.98,1192722.0
2021-03-10,74.23,76.33,71.41,73.68,2709214.0
2021-03-11,72.56,72.86,70.68,72.86,2033027.0
2021-03-12,72.1,72.4,70.76,70.84,1615044.0
2021-03-15,70.32,70.32,65.63,67.16,2196338.0
2021-03-16,66.94,67.76,66.17,66.69,893627.0
2021-03-17,66.8,67.32,66.39,66.64,820917.0
2021-03-18,67.05,68.09,66.15,67.46,1011274.0
2021-03-19,66.88,67.38,66.31,66.56,905511.0
2021-03-22,66.56,67.68,66.09,67.38,810208.0
2021-03-23,67.51,68.63,66.97,67.13,1182330.0
2021-03-24,67.48,67.81,66.78,66.97,851702.0
2021-03-25,66.39,69.59,66.39,68.49,1436249.0
2021-03-26,68.19,69.53,68.03,69.04,1218857.0
2021-03-29,69.45,70.81,69.34,70.68,1283955.0
2021-03-30,70.32,70.65,68.03,68.28,1233805.0
2021-03-31,68.28,69.29,67.68,68.66,665668.0
2021-04-01,68.58,68.93,68.09,68.33,473161.0
2021-04-02,68.33,69.26,68.09,68.88,715314.0
2021-04-06,69.31,69.72,68.44,69.31,932900.0
2021-04-07,69.72,69.72,68.33,68.85,687678.0
2021-04-08,68.69,68.82,67.76,67.92,838530.0
2021-04-09,67.89,76.35,67.16,73.0,3948726.0
2021-04-12,75.89,78.18,73.6,74.17,4423163.0
2021-04-13,73.95,82.82,72.81,80.56,6037311.0
2021-04-14,78.54,80.72,77.39,79.55,3418857.0
2021-04-15,81.59,82.77,77.64,78.24,2251116.0
2021-04-16,77.23,77.96,75.51,76.16,2058590.0
2021-04-19,75.97,77.09,75.34,76.93,1774332.0
2021-04-20,77.15,77.15,74.12,74.28,1931865.0
2021-04-21,73.71,75.48,73.71,74.58,1158135.0
2021-04-22,74.17,74.61,73.46,73.87,1177743.0
2021-04-23,73.98,75.94,73.35,75.21,1746195.0
2021-04-26,74.5,75.78,73.92,74.12,1121400.0
2021-04-27,74.47,74.77,71.17,71.22,1372745.0
2021-04-28,71.36,71.63,70.13,71.44,734751.0
2021-04-29,68.28,68.74,65.79,65.79,2628686.0
2021-04-30,66.09,66.53,61.43,62.05,2949190.0
2021-05-06,61.81,62.38,60.42,61.75,887431.0
2021-05-07,61.4,62.38,60.64,60.83,970280.0
2021-05-10,60.83,61.65,59.57,59.95,926567.0
2021-05-11,59.93,61.81,58.97,61.48,993629.0
2021-05-12,61.67,62.63,61.02,62.38,759200.0
2021-05-13,62.33,62.33,60.8,60.96,677650.0
2021-05-14,60.96,61.95,60.72,61.89,535431.0
2021-05-17,60.23,61.4,59.73,60.47,1006006.0
2021-05-18,60.47,60.91,58.97,60.47,755898.0
2021-05-19,60.58,62.57,59.79,62.22,1145354.0
2021-05-20,62.16,62.22,59.76,60.04,1387808.0
2021-05-21,60.12,60.31,59.16,59.71,847260.0
2021-05-24,60.34,61.92,59.9,61.24,1343563.0
2021-05-25,60.96,61.51,60.34,60.96,758207.0
2021-05-26,60.94,62.11,60.69,61.92,1481058.0
2021-05-27,62.19,63.64,61.7,62.95,1182475.0
2021-05-28,62.63,70.87,62.55,68.09,4321814.0
2021-05-31,67.1,68.19,64.95,67.95,3106773.0
2021-06-01,67.95,69.31,66.48,68.71,2712470.0
2021-06-02,68.71,69.18,66.83,66.99,1685998.0
2021-06-03,66.61,67.57,64.97,65.03,1449500.0
2021-06-04,65.52,66.72,65.08,65.08,1418746.0
2021-06-07,64.56,65.98,64.16,65.14,1530236.0
2021-06-08,65.14,65.74,64.21,64.7,1100643.0
2021-06-09,64.43,66.31,64.26,65.63,1324563.0
2021-06-10,65.47,67.95,64.81,67.76,2207014.0
2021-06-11,67.15,68.68,66.44,66.52,1855340.0
2021-06-15,70.63,71.89,67.53,67.62,3249124.0
2021-06-16,66.79,67.89,66.25,66.9,1700191.0
2021-06-17,66.58,67.2,65.43,65.97,1277087.0
2021-06-18,65.97,68.38,65.97,68.22,1469180.0
2021-06-21,68.16,69.7,67.51,68.93,1935751.0
2021-06-22,68.71,69.2,67.62,67.72,1356996.0
2021-06-23,68.44,69.2,67.62,69.09,1535290.0
2021-06-24,68.71,69.09,67.48,67.62,1256364.0
2021-06-25,67.42,68.14,65.86,65.86,1265673.0
2021-06-28,65.97,65.97,64.74,65.56,759601.0
2021-06-29,65.62,67.34,65.15,65.18,1050300.0
2021-06-30,65.18,67.34,64.88,66.41,1078250.0
2021-07-01,66.41,66.41,64.6,64.88,951288.0
2021-07-02,64.88,65.29,63.15,63.4,822498.0
2021-07-05,63.65,65.4,63.62,65.4,835492.0
2021-07-06,64.6,65.64,63.43,64.19,770883.0
2021-07-07,62.99,64.55,62.99,63.97,794603.0
2021-07-08,64.11,64.33,62.58,63.24,1022813.0
2021-07-09,63.04,64.17,63.04,63.65,726510.0
2021-07-12,64.17,68.35,63.15,68.14,3155452.0
2021-07-13,68.11,70.49,67.1,70.43,3339634.0
2021-07-14,69.67,70.79,69.01,69.81,2301236.0
2021-07-15,69.2,70.19,67.29,68.41,2112797.0
2021-07-16,67.56,68.71,65.89,66.11,1944406.0
2021-07-19,66.19,67.29,64.99,65.84,935584.0
2021-07-20,65.48,66.33,64.99,66.14,974110.0
2021-07-21,67.89,79.36,67.89,79.36,12266946.0
2021-07-22,73.64,76.62,72.82,75.34,7854413.0
2021-07-23,75.66,76.16,71.5,72.13,5635142.0
2021-07-26,72.0,74.21,70.16,71.48,3222511.0
2021-07-27,71.39,73.58,70.49,72.52,3772299.0
2021-07-28,72.54,73.31,68.44,69.97,2723916.0
2021-07-29,70.79,72.95,70.24,72.95,2739889.0
2021-07-30,72.54,75.5,71.97,74.38,3479402.0
2021-08-02,72.54,74.4,70.9,74.4,3348102.0
2021-08-03,74.13,77.74,73.09,74.02,3534057.0
2021-08-04,73.25,74.95,71.94,74.62,2154508.0
2021-08-05,74.13,74.73,71.45,71.53,2356493.0
2021-08-06,71.5,72.87,71.34,71.89,1646290.0
2021-08-09,71.89,72.49,69.56,69.86,2199828.0
2021-08-10,69.48,72.0,69.23,71.01,1743200.0
2021-08-11,71.06,71.48,69.48,70.38,1373697.0
2021-08-12,70.08,75.01,69.86,73.36,3334191.0
2021-08-13,72.68,73.39,71.39,72.08,1795747.0
2021-08-16,72.21,75.14,72.08,72.73,2474657.0
2021-08-17,71.72,71.72,69.12,69.23,2342581.0
2021-08-18,67.64,68.27,65.73,67.07,2238163.0
2021-08-19,66.47,67.86,65.84,65.97,1347100.0
2021-08-20,65.97,66.79,64.33,66.22,1400400.0
2021-08-23,66.79,66.99,65.45,66.77,1061546.0
2021-08-24,66.55,66.79,65.37,66.11,1038252.0
2021-08-25,66.3,66.79,65.73,66.55,866585.0
2021-08-26,66.55,66.55,63.7,63.81,1894927.0
2021-08-27,64.03,65.18,63.32,64.49,788867.0
2021-08-30,64.03,64.88,63.89,64.52,806178.0
2021-08-31,65.15,65.15,63.4,63.76,738200.0
2021-09-01,63.7,64.28,62.99,63.92,986237.0
2021-09-02,63.92,64.03,63.1,63.4,639663.0
2021-09-03,63.48,66.77,63.4,65.29,1441483.0
2021-09-06,65.01,65.97,64.6,65.64,1041319.0
2021-09-07,65.75,66.96,65.53,65.95,1083408.0
2021-09-08,66.06,66.55,65.29,66.22,824990.0
2021-09-09,66.27,66.27,64.99,65.32,990353.0
2021-09-10,65.7,66.16,64.77,65.37,999958.0
2021-09-13,65.37,66.93,64.96,66.19,1285150.0
2021-09-14,66.41,66.58,65.04,65.04,1023350.0
2021-09-15,65.04,65.04,62.96,63.02,1538950.0
2021-09-16,63.02,64.14,62.96,63.76,1003123.0
2021-09-17,63.67,63.76,62.63,63.21,885790.0
2021-09-22,62.52,64.22,62.52,63.65,679600.0
2021-09-23,64.0,65.32,63.67,64.06,919800.0
2021-09-24,64.6,64.6,62.82,62.96,911800.0
2021-09-27,63.43,64.47,62.41,62.91,763940.0
2021-09-28,62.36,62.61,61.59,61.95,937060.0
2021-09-29,62.3,62.3,59.68,59.68,966443.0
2021-09-30,59.7,60.99,59.54,60.09,508800.0
2021-10-08,60.36,61.92,60.28,61.21,495971.0
2021-10-11,61.59,62.28,60.99,61.29,402600.0
2021-10-12,62.14,62.14,60.22,61.1,539450.0
2021-10-13,61.48,61.57,59.76,61.07,578940.0
2021-10-14,61.68,61.68,60.22,60.5,575220.0
2021-10-15,60.99,60.99,60.28,60.39,576070.0
2021-10-18,60.47,60.99,59.65,59.65,640600.0
2021-10-19,59.65,60.09,59.29,59.43,657370.0
2021-10-20,59.27,59.98,59.21,59.87,670543.0
2021-10-21,59.87,59.87,58.06,58.44,1067970.0
2021-10-22,58.39,58.39,55.63,55.98,1658201.0
2021-10-25,56.25,56.83,55.65,55.9,852656.0
2021-10-26,56.12,56.39,55.65,56.34,821016.0
2021-10-27,56.34,56.34,54.97,55.11,517485.0
2021-10-28,55.11,55.46,54.26,54.61,710720.0
2021-10-29,53.11,56.67,52.59,56.12,1218020.0
2021-11-01,56.12,56.69,55.38,56.25,603200.0
2021-11-02,56.25,57.27,55.87,56.36,697500.0
2021-11-03,55.98,57.08,55.93,56.67,483400.0
2021-11-04,56.36,58.44,56.36,58.23,759262.0
2021-11-05,58.23,58.83,57.65,57.68,660700.0
2021-11-08,57.98,57.98,56.94,57.4,408850.0
2021-11-09,57.43,58.88,56.8,58.47,484112.0
2021-11-10,57.92,59.79,57.92,58.8,571527.0
2021-11-11,58.5,60.22,58.31,59.68,825808.0
2021-11-12,59.68,61.54,59.07,60.94,921800.0
2021-11-15,61.54,61.81,60.55,61.05,578700.0
2021-11-16,61.24,61.26,59.68,59.87,860940.0
2021-11-17,59.73,60.77,59.62,60.17,550295.0
2021-11-18,60.72,62.69,60.28,60.85,1431500.0
2021-11-19,60.5,61.51,59.73,60.5,563800.0
2021-11-22,60.5,62.28,60.2,61.62,951185.0
2021-11-23,61.54,62.63,60.85,61.43,503200.0
2021-11-24,61.78,62.5,60.83,61.73,929420.0
2021-11-25,62.5,62.5,61.02,61.21,646302.0
2021-11-26,61.68,61.68,59.9,60.74,793690.0
2021-11-29,60.39,60.72,59.43,59.46,667415.0
2021-11-30,59.98,62.69,59.57,61.76,1595243.0
2021-12-01,61.59,63.65,61.43,62.72,1255850.0
2021-12-02,62.3,63.15,61.05,61.07,846276.0
2021-12-03,61.1,61.87,60.99,61.35,496548.0
2021-12-06,61.95,61.95,59.46,59.46,915088.0
2021-12-07,59.68,60.22,59.07,60.09,511600.0
2021-12-08,60.11,60.77,59.81,60.5,420550.0
2021-12-09,60.11,62.28,59.98,61.32,938540.0
2021-12-10,61.02,61.26,58.99,58.99,1251722.0
2021-12-13,59.98,60.72,59.43,59.51,833450.0
2021-12-14,59.51,60.42,58.39,60.01,736026.0
2021-12-15,60.2,66.77,60.01,63.26,3659022.0
2021-12-16,63.26,64.58,62.17,62.17,1778564.0
2021-12-17,62.66,63.45,61.84,62.03,1308677.0
2021-12-20,62.03,62.61,61.07,61.78,1017800.0
2021-12-21,62.11,62.47,61.76,61.98,875200.0
2021-12-22,62.17,63.26,61.76,62.17,881040.0
2021-12-23,62.61,62.61,60.53,60.61,1120240.0
2021-12-24,61.02,61.07,59.54,59.65,835240.0
2021-12-27,59.81,60.17,58.88,59.7,535210.0
2021-12-28,60.01,60.42,59.54,60.06,413118.0
2021-12-29,60.2,60.2,59.27,59.51,438510.0
2021-12-30,59.9,60.47,59.43,59.43,649737.0
2021-12-31,59.68,61.59,58.88,60.5,968598.0
2022-01-04,60.47,62.28,60.31,62.14,1278880.0
2022-01-05,62.25,63.59,61.7,62.2,1513914.0
2022-01-06,62.06,65.64,62.06,63.62,2393240.0
2022-01-07,63.37,64.6,62.77,64.0,2208280.0
2022-01-10,63.59,65.04,62.28,63.18,1486500.0
2022-01-11,63.24,64.93,62.88,63.21,1468576.0
2022-01-12,63.18,64.33,62.44,63.51,1048110.0
2022-01-13,63.56,65.07,63.34,64.08,1728136.0
2022-01-14,64.06,64.33,62.63,62.82,1367900.0
2022-01-17,63.48,65.64,63.45,65.29,2240263.0
2022-01-18,65.29,66.47,64.69,64.71,1918696.0
2022-01-19,65.21,66.58,64.63,65.84,2053750.0
2022-01-20,65.84,66.27,62.63,62.82,2720583.0
2022-01-21,63.04,64.49,62.39,62.61,1797200.0
2022-01-24,62.11,63.84,62.11,62.52,1392852.0
2022-01-25,61.87,62.33,57.76,57.87,2505900.0
2022-01-26,57.49,59.27,57.1,57.68,1249924.0
2022-01-27,57.9,57.92,53.54,53.76,2021199.0
2022-01-28,54.61,56.17,54.06,55.49,1228380.0
2022-02-07,57.71,57.71,54.59,55.52,1269036.0
2022-02-08,54.8,56.31,54.48,56.15,1099000.0
2022-02-09,56.17,58.09,56.15,57.16,1153350.0
2022-02-10,57.16,59.9,56.67,58.23,1945247.0
2022-02-11,58.09,58.83,57.21,58.03,1374809.0
2022-02-14,57.76,60.06,56.69,58.72,1520937.0
2022-02-15,59.29,59.7,57.19,57.92,1256080.0
2022-02-16,57.9,59.68,57.76,58.39,1174000.0
2022-02-17,58.39,63.92,58.34,60.5,3033786.0
2022-02-18,60.17,62.93,60.09,62.85,2532676.0
2022-02-21,62.99,64.88,62.85,64.69,3308683.0
2022-02-22,64.69,64.69,63.26,63.81,2255630.0
2022-02-23,65.95,69.64,64.69,68.41,5266496.0
2022-02-24,68.41,68.41,64.06,65.01,3801650.0
2022-02-25,65.67,68.3,65.64,66.74,2060300.0
2022-02-28,67.07,67.89,64.88,65.18,1547131.0
2022-03-01,65.21,67.56,64.47,66.19,1659881.0
2022-03-02,65.7,66.71,65.34,66.11,844950.0
2022-03-03,66.14,67.01,65.29,65.73,1096730.0
2022-03-04,67.04,68.66,65.73,67.23,2873720.0
2022-03-07,65.26,67.07,64.33,65.97,1942800.0
2022-03-08,66.58,71.45,66.06,69.2,5733860.0
2022-03-09,69.2,70.76,65.15,68.38,3849700.0
2022-03-10,69.75,71.04,66.88,67.1,3283350.0
2022-03-11,65.97,68.71,65.51,68.16,2379060.0
2022-03-14,67.56,67.64,64.88,64.88,1990547.0
2022-03-15,64.33,67.01,62.96,63.7,2862972.0
2022-03-16,64.85,67.34,62.63,66.6,2945521.0
2022-03-17,68.98,69.75,67.31,67.94,2826847.0
2022-03-18,66.79,68.33,65.43,65.43,2199871.0
2022-03-21,65.21,65.97,63.24,64.58,2192154.0
2022-03-22,65.04,65.04,63.24,63.92,1562400.0
2022-03-23,63.92,64.44,63.37,63.78,948149.0
2022-03-24,63.78,64.19,61.73,61.76,1259349.0
2022-03-25,62.36,62.82,61.37,61.68,890770.0
2022-03-28,61.87,61.87,60.22,61.18,915279.0
2022-03-29,61.59,61.73,60.01,60.09,744770.0
2022-03-30,60.83,61.54,60.22,60.77,790570.0
2022-03-31,60.63,61.1,59.13,59.4,1188370.0
2022-04-01,59.46,59.7,58.03,58.72,772953.0
2022-04-06,58.75,59.35,58.42,59.35,746167.0
2022-04-07,59.18,59.7,56.42,56.72,1377487.0
2022-04-08,56.67,57.35,55.35,57.21,1180887.0
2022-04-11,57.76,58.44,54.89,55.32,1180200.0
2022-04-12,56.88,59.32,55.79,59.21,2036950.0
2022-04-13,59.07,60.5,58.06,58.72,1022900.0
2022-04-14,59.02,60.85,58.14,59.16,1126520.0
2022-04-15,59.05,59.65,57.98,58.44,788244.0
2022-04-18,58.44,58.88,57.46,58.06,672400.0
2022-04-19,58.86,59.02,57.62,57.98,467844.0
2022-04-20,59.16,60.77,56.78,56.94,1483470.0
2022-04-21,56.47,57.46,55.02,55.3,1150945.0
2022-04-22,55.19,55.68,53.79,54.2,1013780.0
2022-04-25,54.75,55.84,52.29,52.37,1529357.0
2022-04-26,52.37,53.24,48.45,49.25,1843305.0
2022-04-27,49.16,50.45,47.63,50.18,1522240.0
2022-04-28,50.18,50.59,48.54,49.55,894708.0
2022-04-29,50.1,52.78,50.07,52.5,1153217.0
2022-05-05,52.92,53.22,51.68,52.09,786187.0
2022-05-06,51.08,53.11,51.05,52.53,1047258.0
2022-05-09,54.15,55.57,52.59,55.54,1545267.0
2022-05-10,54.8,57.16,54.53,56.09,1169990.0
2022-05-11,56.86,57.32,55.73,56.36,1219820.0
2022-05-12,57.49,60.09,56.64,59.18,2303840.0
2022-05-13,59.13,59.9,57.95,58.36,1103700.0
2022-05-16,60.22,61.26,57.92,58.61,874500.0
2022-05-17,58.06,58.61,57.21,57.71,861300.0
2022-05-18,57.54,59.95,57.51,59.13,1139400.0
2022-05-19,58.01,59.27,57.51,58.91,803969.0
2022-05-20,59.43,61.73,59.29,59.87,1889380.0
2022-05-23,60.39,62.63,59.49,61.54,1648432.0
2022-05-24,61.4,61.54,57.92,57.95,1378673.0
2022-05-25,58.96,60.17,58.61,59.18,944720.0
2022-05-26,59.18,60.8,58.77,60.8,1391625.0
2022-05-27,61.15,61.48,59.92,60.22,981220.0
2022-05-30,62.33,64.03,61.4,63.34,2148219.0
2022-05-31,63.34,63.89,62.33,63.51,1435020.0
2022-06-01,63.78,64.99,62.74,63.24,1614200.0
2022-06-02,64.49,64.77,63.24,64.39,1494570.0
2022-06-06,64.33,65.59,63.67,64.41,1772700.0
2022-06-07,64.41,64.74,62.69,63.87,1535105.0
2022-06-08,63.84,64.36,62.28,63.1,1381200.0
2022-06-09,63.59,63.81,61.89,62.41,1288500.0
2022-06-10,62.55,66.55,62.06,65.7,2535900.0
2022-06-13,66.49,66.85,64.71,66.68,1943342.0
2022-06-14,66.0,67.07,63.65,66.79,2209540.0
2022-06-15,66.79,73.31,66.33,71.04,5782550.0
2022-06-16,71.15,76.57,70.76,76.38,5934398.0
2022-06-17,76.1,77.28,73.94,76.98,4170967.0
2022-06-20,77.11,77.47,73.75,76.4,3804985.0
2022-06-21,76.7,77.14,74.65,75.66,1889690.0
2022-06-22,76.1,77.85,75.06,77.2,2325448.0
2022-06-23,76.92,78.13,75.96,78.02,1936268.0
2022-06-24,77.47,78.84,76.38,76.38,2043619.0
2022-06-27,76.38,77.83,75.14,76.07,2231021.0
2022-06-28,76.73,77.5,75.77,76.81,2394651.0
2022-06-29,76.87,77.47,75.28,75.69,1875970.0
2022-06-30,76.43,77.17,74.38,76.35,2735747.0
2022-07-01,76.02,76.87,74.24,75.01,2340350.0
2022-07-04,74.08,75.28,72.3,72.82,2856505.0
2022-07-05,72.68,73.12,70.85,71.34,2167088.0
2022-07-06,71.67,71.67,67.26,67.83,3952564.0
2022-07-07,67.86,67.86,64.52,65.15,4889154.0
2022-07-08,65.62,66.27,64.47,65.29,2201320.0
2022-07-11,65.29,65.29,63.34,63.92,2501902.0
2022-07-12,64.3,64.58,62.85,62.96,1812950.0
2022-07-13,63.21,63.65,62.39,62.93,1431180.0
2022-07-14,63.18,63.67,62.28,63.02,1413963.0
2022-07-15,63.21,63.21,60.63,60.74,1856980.0
2022-07-18,60.58,62.58,60.58,61.95,1461689.0
2022-07-19,62.41,62.63,61.35,62.17,1309800.0
2022-07-20,62.52,63.18,62.11,62.44,1424381.0
2022-07-21,62.63,63.45,61.62,62.63,1511926.0
2022-07-22,62.63,64.88,62.63,63.78,2528895.0
2022-07-25,63.78,64.82,62.17,62.69,1423460.0
2022-07-26,62.77,63.89,62.2,63.84,1017200.0
2022-07-27,64.17,64.25,63.29,63.4,879133.0
2022-07-28,64.17,64.41,63.13,63.18,1222700.0
2022-07-29,63.51,63.76,62.41,63.29,1270700.0
2022-08-01,63.21,63.29,62.0,62.69,1306200.0
2022-08-02,62.5,62.91,58.8,60.01,2047652.0
2022-08-03,60.11,61.4,59.7,59.87,1207501.0
2022-08-04,60.5,61.51,59.79,61.18,1044400.0
2022-08-05,61.76,63.84,60.88,63.84,1565969.0
2022-08-08,63.95,65.43,63.24,65.29,1758280.0
2022-08-09,65.32,66.25,63.97,65.45,1300800.0
2022-08-10,64.44,65.34,63.73,64.25,1244180.0
2022-08-11,64.25,65.89,64.25,65.1,1671405.0
2022-08-12,65.51,65.84,64.47,64.52,1001803.0
2022-08-15,64.58,64.99,63.67,64.49,1021531.0
2022-08-16,65.15,65.78,64.55,65.37,1233931.0
2022-08-17,65.32,65.43,63.92,64.52,1053986.0
2022-08-18,64.6,64.69,63.89,64.14,802115.0
2022-08-19,64.28,67.07,63.84,63.87,2019320.0
2022-08-22,64.36,65.75,63.15,65.12,1591585.0
2022-08-23,65.12,65.12,64.11,64.3,987700.0
2022-08-24,64.17,64.6,61.35,61.59,1559200.0
2022-08-25,61.57,62.36,60.69,61.65,1011400.0
2022-08-26,61.05,61.98,60.63,60.91,986470.0
2022-08-29,60.11,62.88,59.4,62.3,1001930.0
2022-08-30,61.92,63.59,61.76,63.04,1066200.0
2022-08-31,63.02,63.65,62.09,62.25,1398526.0
2022-09-01,62.8,62.88,61.46,61.73,732482.0
2022-09-02,62.39,62.69,59.79,59.98,2753535.0
2022-09-05,60.03,60.55,59.38,60.09,1285010.0
2022-09-06,60.33,61.26,59.7,60.5,982700.0
2022-09-07,60.44,60.74,58.42,58.58,1461792.0
2022-09-08,58.58,59.02,57.51,57.76,959300.0
2022-09-09,58.14,58.42,57.65,58.14,552400.0
2022-09-13,58.03,60.09,57.98,58.61,1026866.0
2022-09-14,58.31,59.35,57.62,58.31,1356155.0
2022-09-15,58.44,59.24,56.94,57.76,1385700.0
2022-09-16,57.71,58.91,56.72,56.97,1059750.0
2022-09-19,57.43,57.43,55.02,55.43,1018070.0
2022-09-20,55.24,56.17,54.83,55.27,886720.0
2022-09-21,54.83,56.09,54.42,56.04,790917.0
2022-09-22,55.38,56.42,55.16,55.68,526195.0
2022-09-23,56.12,56.12,54.12,54.64,823670.0
2022-09-26,54.89,54.89,53.27,53.41,611545.0
2022-09-27,53.13,54.42,53.13,54.37,675700.0
2022-09-28,54.45,54.75,52.01,52.56,737431.0
2022-09-29,53.08,54.53,52.59,52.86,765303.0
2022-09-30,53.13,54.06,52.42,52.56,493700.0
2022-10-10,49.41,54.61,49.41,51.55,677891.0
2022-10-11,51.6,52.31,50.89,51.79,549950.0
2022-10-12,51.96,55.27,51.35,54.97,1236600.0
2022-10-13,54.89,56.5,54.48,56.23,1397150.0
2022-10-14,56.31,57.76,55.98,57.1,1311720.0
2022-10-17,57.76,58.58,57.16,58.31,1061950.0
2022-10-18,58.17,58.94,57.76,58.44,1010360.0
2022-10-19,58.03,58.94,58.03,58.42,882388.0
2022-10-20,58.44,59.43,57.54,58.96,1159768.0
2022-10-21,59.13,59.59,58.31,58.42,753750.0
2022-10-24,59.32,61.35,58.44,59.81,2068900.0
2022-10-25,59.95,60.72,59.35,60.36,1629703.0
2022-10-26,60.28,63.24,60.22,62.96,1975980.0
2022-10-27,63.07,64.71,63.02,63.87,1475850.0
2022-10-28,63.78,63.78,60.96,61.07,1658350.0
2022-10-31,61.87,64.6,60.91,64.33,3015570.0
2022-11-01,63.15,66.19,63.15,66.08,2460940.0
2022-11-02,65.75,66.3,64.85,65.29,1412090.0
2022-11-03,65.29,65.86,64.47,65.34,1145881.0
2022-11-04,65.37,65.62,64.41,65.23,961079.0
2022-11-07,65.73,66.22,64.99,65.48,1216551.0
2022-11-08,65.48,67.86,64.6,67.83,1858866.0
2022-11-09,67.04,67.53,65.92,66.06,1026574.0
2022-11-10,65.29,66.68,65.29,65.84,837554.0
2022-11-11,66.36,68.44,64.66,65.32,1670000.0
2022-11-14,64.88,66.66,64.44,66.47,1499350.0
2022-11-15,66.33,67.89,65.92,66.93,1355000.0
2022-11-16,67.31,68.9,66.77,67.01,1115930.0
2022-11-17,66.79,68.33,66.6,67.89,1514120.0
2022-11-18,67.89,68.85,67.1,67.31,1137247.0
2022-11-21,67.4,68.03,65.67,67.67,1028967.0
2022-11-22,67.37,68.55,66.85,67.45,1204799.0
2022-11-23,68.41,68.41,65.67,67.01,915983.0
2022-11-24,67.56,67.56,64.19,64.58,1412261.0
2022-11-25,64.44,65.62,63.07,63.37,1552321.0
2022-11-28,63.07,65.34,62.72,63.78,1163340.0
2022-11-29,63.89,65.89,63.1,65.29,1082340.0
2022-11-30,66.14,66.14,63.1,63.81,1769700.0
2022-12-01,63.97,64.63,63.1,63.4,1509422.0
2022-12-02,63.4,65.29,62.99,63.78,1136350.0
2022-12-05,63.78,65.4,63.1,63.7,1523300.0
2022-12-06,64.22,64.85,62.69,62.72,1431509.0
2022-12-07,63.21,63.21,61.35,61.59,1244825.0
2022-12-08,61.51,62.06,59.68,60.77,1343600.0
2022-12-09,60.44,61.21,59.07,59.07,1427420.0
2022-12-12,59.07,60.5,58.88,59.7,1428930.0
2022-12-13,59.4,59.7,58.03,58.06,1368192.0
2022-12-14,58.88,59.05,57.79,57.92,746500.0
2022-12-15,58.39,59.21,57.79,58.61,790420.0
2022-12-16,58.31,58.31,56.8,57.54,800175.0
2022-12-19,58.25,58.25,56.39,57.08,944000.0
2022-12-20,56.67,57.32,55.43,55.79,786029.0
2022-12-21,55.93,56.34,55.02,55.54,694350.0
2022-12-22,55.6,56.34,54.8,54.89,696600.0
2022-12-23,54.97,56.83,54.72,55.63,932100.0
2022-12-26,55.43,56.34,55.16,55.95,956250.0
2022-12-27,56.25,56.39,54.91,55.49,931529.0
2022-12-28,55.41,55.65,54.69,54.97,505965.0
2022-12-29,54.8,55.93,54.5,55.35,728420.0
2022-12-30,55.32,57.65,55.0,57.13,1737692.0
2023-01-03,57.57,59.38,56.12,58.86,2190070.0
2023-01-04,58.8,60.22,58.8,59.62,1608199.0
2023-01-05,59.29,60.06,58.72,59.07,1087274.0
2023-01-06,59.1,59.18,58.14,58.47,947286.0
2023-01-09,59.02,59.1,57.71,58.03,1054465.0
2023-01-10,58.28,58.94,57.71,58.12,789400.0
2023-01-11,58.03,58.61,57.21,57.46,904309.0
2023-01-12,57.35,58.31,56.78,57.38,930481.0
2023-01-13,57.4,57.9,56.36,56.75,864474.0
2023-01-16,56.78,58.42,56.75,57.84,1404161.0
2023-01-17,58.03,58.03,57.21,57.46,815303.0
2023-01-18,57.76,58.44,57.38,58.39,1421919.0
2023-01-19,58.39,60.06,57.79,59.57,1771389.0
2023-01-20,60.2,61.15,59.24,61.15,1557593.0
2023-01-30,61.18,62.39,60.39,62.14,2577500.0
2023-01-31,61.05,61.81,60.28,60.33,2097950.0
2023-02-01,60.53,61.35,59.95,61.26,1492400.0
2023-02-02,61.26,62.09,60.61,60.96,1323850.0
2023-02-03,61.29,62.36,60.77,62.28,2249967.0
2023-02-06,62.06,63.51,61.65,62.28,2569830.0
2023-02-07,62.2,62.61,61.65,62.52,1666381.0
2023-02-08,62.55,62.93,61.32,61.78,1432400.0
2023-02-09,61.73,63.04,61.05,62.99,1953540.0
2023-02-10,62.96,64.44,62.17,62.58,1623200.0
2023-02-13,62.74,63.15,61.76,62.33,2732800.0
2023-02-14,62.39,63.07,61.24,61.84,2117900.0
2023-02-15,61.81,64.55,61.59,63.78,3461794.0
2023-02-16,63.76,65.51,61.35,61.68,5632210.0
2023-02-17,61.73,62.8,60.22,60.31,3294900.0
2023-02-20,60.77,62.66,59.81,61.78,2676000.0
2023-02-21,61.78,63.51,61.37,61.87,2516670.0
2023-02-22,61.81,62.09,60.72,61.68,1618270.0
2023-02-23,61.46,61.73,60.03,60.53,2361072.0
2023-02-24,60.58,61.4,60.14,60.53,1388912.0
2023-02-27,60.77,61.07,59.68,59.9,1710600.0
2023-02-28,60.63,61.92,59.46,60.22,3552550.0
2023-03-01,60.33,63.13,60.28,63.02,5420059.0
2023-03-02,63.02,64.22,62.0,64.08,3196590.0
2023-03-03,64.03,64.08,62.74,64.08,3149779.0
2023-03-06,64.63,66.08,64.08,65.15,3345000.0
2023-03-07,65.15,65.32,63.45,63.92,2834279.0
2023-03-08,64.36,64.66,63.54,64.66,1985539.0
2023-03-09,64.6,66.99,63.56,66.66,4986919.0
2023-03-10,66.93,70.35,66.03,66.47,8264830.0
2023-03-13,66.66,72.9,66.19,72.54,15116430.0
2023-03-14,71.94,75.96,70.13,70.85,17455869.0
2023-03-15,70.49,71.12,68.11,68.49,10224260.0
2023-03-16,69.07,69.89,67.92,68.08,7067058.0
2023-03-17,68.03,70.38,67.64,69.39,7701740.0
2023-03-20,69.67,70.27,66.47,66.77,8568770.0
2023-03-21,66.79,69.2,65.89,68.16,5695832.0
2023-03-22,68.03,69.53,66.44,68.98,4554000.0
2023-03-23,69.39,70.74,69.07,69.83,4483288.0
2023-03-24,69.39,69.94,67.89,69.53,5810327.0
2023-03-27,69.53,71.53,68.66,70.65,5879341.0
2023-03-28,70.41,70.74,68.68,69.2,3705640.0
2023-03-29,69.15,70.24,68.57,69.5,3493740.0
2023-03-30,69.37,70.22,67.78,68.0,3765670.0
2023-03-31,68.33,69.81,67.2,69.67,3897658.0
2023-04-03,69.7,71.45,69.2,71.28,4878730.0
2023-04-04,71.64,72.79,70.41,71.64,6070458.0
2023-04-06,70.93,71.67,69.7,70.85,4215808.0
2023-04-07,71.04,72.71,69.67,72.54,4541107.0
2023-04-10,72.82,72.9,68.44,68.79,4348040.0
2023-04-11,69.04,70.85,68.25,69.97,3087530.0
2023-04-12,70.16,74.98,69.78,73.5,5895320.0
2023-04-13,73.23,73.58,71.45,71.83,4458070.0
2023-04-14,72.38,73.15,70.38,71.34,3645500.0
2023-04-17,71.67,72.19,68.93,69.26,3727877.0
2023-04-18,69.01,69.86,67.64,68.98,2784087.0
2023-04-19,68.71,72.87,68.66,70.52,4141572.0
2023-04-20,68.9,71.42,68.9,70.85,3207110.0
2023-04-21,70.35,70.57,66.11,66.11,3845280.0
2023-04-24,66.11,67.45,65.81,66.14,1972250.0
2023-04-25,65.97,66.36,63.78,64.33,2408150.0
2023-04-26,64.82,65.29,61.84,62.39,3479070.0
2023-04-27,62.63,62.88,60.91,61.24,2822718.0
2023-04-28,61.21,63.65,61.15,63.59,3467400.0
2023-05-04,62.96,63.81,61.07,62.55,4137399.0
2023-05-05,62.41,63.48,61.57,63.13,2736958.0
2023-05-08,62.99,64.6,62.09,64.3,3273349.0
2023-05-09,64.3,64.91,62.88,63.51,2934267.0
2023-05-10,63.02,64.88,62.69,63.29,2829931.0
2023-05-11,63.4,64.44,63.24,63.37,1942980.0
2023-05-12,63.37,63.67,62.28,62.39,1806985.0
2023-05-15,64.3,66.55,62.03,63.81,5951045.0
2023-05-16,62.91,64.77,62.36,62.77,3116600.0
2023-05-17,62.39,63.73,61.65,63.07,1973043.0
2023-05-18,63.37,66.68,63.13,66.41,4769843.0
2023-05-19,65.95,69.97,65.95,67.01,5283926.0
2023-05-22,66.71,68.85,66.41,68.0,3927388.0
2023-05-23,68.3,68.71,66.99,67.67,2531900.0
2023-05-24,67.18,67.34,65.1,66.33,2844890.0
2023-05-25,66.14,66.88,65.01,66.08,2512780.0
2023-05-26,65.92,67.4,65.56,67.29,2395149.0
2023-05-29,67.31,67.56,66.22,66.52,2129230.0
2023-05-30,66.66,67.97,65.37,67.94,2420800.0
2023-05-31,68.41,69.78,67.94,69.45,3370697.0
2023-06-01,68.93,70.54,68.44,69.78,3177407.0
2023-06-02,70.22,71.39,69.31,69.39,3084900.0
2023-06-05,69.29,70.3,69.12,69.34,1788900.0
2023-06-06,69.81,70.08,67.75,67.97,2718000.0
2023-06-07,68.63,70.52,67.89,69.89,2993570.0
2023-06-08,69.89,70.41,68.66,69.81,2037860.0
2023-06-09,69.59,70.49,69.04,69.89,2186110.0
2023-06-12,70.08,70.76,68.82,68.96,2660730.0
2023-06-13,68.74,71.12,68.08,70.65,4294200.0
2023-06-14,70.63,72.0,70.02,71.26,4378590.0
2023-06-15,70.63,71.15,69.34,69.53,3647160.0
2023-06-16,69.34,70.85,68.93,70.71,3007650.0
2023-06-19,70.71,71.97,70.52,71.67,4305980.0
2023-06-20,71.61,71.69,70.3,71.06,2512680.0
2023-06-21,71.06,71.34,68.44,68.44,2873320.0
2023-06-26,69.31,70.33,64.96,65.26,3344515.0
2023-06-27,65.48,65.7,64.6,65.4,2688500.0
2023-06-28,65.18,65.18,62.06,63.51,3370000.0
2023-06-29,63.34,65.21,62.77,64.8,2371608.0
2023-06-30,64.69,65.59,64.41,65.32,1932450.0
2023-07-03,65.29,65.34,63.43,64.82,2123930.0
2023-07-04,64.77,65.56,64.25,65.21,2112470.0
2023-07-05,65.23,66.9,64.96,65.32,3456280.0
2023-07-06,65.04,66.08,63.92,64.85,2411246.0
2023-07-07,64.77,67.07,64.06,65.75,4518800.0
2023-07-10,65.29,66.74,65.01,66.6,4513145.0
2023-07-11,68.11,69.78,65.75,65.97,7382495.0
2023-07-12,66.27,68.27,64.93,64.93,10389857.0
2023-07-13,65.1,65.53,63.02,63.78,5583943.0
2023-07-14,63.92,65.21,63.73,64.33,3473450.0
2023-07-17,64.91,65.12,63.24,63.65,2755600.0
2023-07-18,63.7,63.78,62.44,62.5,2649168.0
2023-07-19,62.28,62.96,62.06,62.52,1393500.0
2023-07-20,62.52,62.55,61.13,61.24,2255664.0
2023-07-21,61.21,61.62,60.63,60.91,1303657.0
2023-07-24,61.05,62.36,60.63,61.81,1527200.0
2023-07-25,62.22,62.77,61.84,62.47,1602400.0
2023-07-26,62.47,62.61,61.54,61.62,1058700.0
2023-07-27,61.76,61.87,60.69,60.77,1699300.0
2023-07-28,60.58,62.14,60.58,61.68,1420200.0
2023-07-31,61.84,62.41,61.29,62.03,1481570.0
2023-08-01,62.0,62.69,61.65,62.52,1494600.0
2023-08-02,62.55,62.8,61.87,62.69,1190920.0
2023-08-03,62.41,62.74,62.09,62.22,1230350.0
2023-08-04,62.28,63.48,62.28,62.88,2238500.0
2023-08-07,62.77,63.29,62.25,62.88,1480530.0
2023-08-08,62.55,63.4,62.03,62.28,1540700.0
2023-08-09,62.61,63.29,61.87,61.98,2189700.0
2023-08-10,61.7,62.36,61.46,62.0,1346700.0
2023-08-11,62.14,62.33,60.58,60.58,1666223.0
2023-08-14,60.31,61.92,59.73,61.89,1971050.0
2023-08-15,61.89,61.95,60.88,61.51,1009450.0
2023-08-16,61.21,61.21,59.51,59.73,2206221.0
2023-08-17,59.95,61.07,58.36,60.77,1801100.0
2023-08-18,60.91,61.24,59.16,59.16,1319140.0
2023-08-21,59.4,60.74,59.02,59.7,1461843.0
2023-08-22,60.44,62.47,60.03,62.22,4048986.0
2023-08-23,62.33,66.52,61.68,65.12,11070969.0
2023-08-24,64.06,66.19,62.36,65.15,11507506.0
2023-08-25,67.18,70.57,64.28,64.28,15711238.0
2023-08-28,66.25,69.39,62.99,68.77,17987727.0
2023-08-29,67.2,67.67,64.49,67.56,13310429.0
2023-08-30,66.79,67.64,65.32,65.78,8778115.0
2023-08-31,65.64,65.92,63.24,63.37,7109605.0
2023-09-01,63.07,63.7,60.77,60.77,6209050.0
2023-09-04,60.77,61.68,60.47,61.43,3830320.0
2023-09-05,61.13,61.43,59.81,61.26,4426955.0
2023-09-06,60.91,61.89,60.17,61.51,3220400.0
2023-09-07,61.24,62.25,61.05,61.07,3215500.0
2023-09-08,60.99,62.39,60.14,61.57,3657707.0
2023-09-11,61.26,61.54,60.31,60.77,3188300.0
2023-09-12,60.53,61.62,60.53,60.83,2440490.0
2023-09-13,60.58,60.8,59.32,59.81,3350700.0
2023-09-14,59.51,60.01,58.77,59.29,1933600.0
2023-09-15,59.68,59.98,59.16,59.98,1410100.0
2023-09-18,59.54,59.95,59.18,59.57,1172800.0
2023-09-19,59.57,59.95,59.24,59.32,1492200.0
2023-09-20,59.18,59.98,59.07,59.32,1092700.0
2023-09-21,59.13,59.51,57.84,57.98,1786200.0
2023-09-22,58.12,60.11,57.98,60.09,2931900.0
2023-09-25,60.06,60.72,59.7,59.87,1392500.0
2023-09-26,59.73,60.69,59.62,60.58,2734267.0
2023-09-27,61.02,61.35,60.06,60.2,2278567.0
2023-09-28,60.25,60.66,59.9,60.5,1373900.0
2023-10-09,60.22,61.05,60.22,60.5,1573680.0
2023-10-10,60.53,61.02,60.5,60.72,1581300.0
2023-10-11,60.69,61.26,60.14,60.83,1928590.0
2023-10-12,60.85,61.02,60.2,60.33,1436152.0
2023-10-13,60.11,60.14,58.99,59.07,2126090.0
2023-10-16,60.03,60.2,58.94,59.35,2291000.0
2023-10-17,59.27,60.31,59.27,60.14,1881650.0
2023-10-18,59.92,59.95,58.2,58.25,2420723.0
2023-10-19,58.17,58.75,57.19,57.19,1771842.0
2023-10-20,57.02,57.68,55.71,55.9,1673800.0
2023-10-23,55.93,56.5,54.42,54.75,1332940.0
2023-10-24,54.97,56.28,54.5,56.01,1474250.0
2023-10-25,60.2,61.95,58.31,59.59,7664057.0
2023-10-26,58.75,59.7,57.98,58.88,3706750.0
2023-10-27,58.53,58.8,56.72,58.09,3276350.0
2023-10-30,55.65,56.75,55.05,56.72,4667700.0
2023-10-31,56.64,56.69,55.65,56.01,2212700.0
2023-11-01,56.2,56.5,55.73,55.87,1322540.0
2023-11-02,55.84,56.17,55.0,55.11,1914040.0
2023-11-03,55.13,56.23,55.11,55.93,1791090.0
2023-11-06,56.28,57.21,56.17,57.16,2469000.0
2023-11-07,57.08,61.51,56.58,61.48,6813721.0
2023-11-08,60.77,60.77,59.16,59.65,4926250.0
2023-11-09,59.62,60.09,58.58,58.94,2701450.0
2023-11-10,58.8,58.8,57.87,58.53,1811500.0
2023-11-13,58.39,59.65,58.39,59.49,2135730.0
2023-11-14,59.32,60.22,59.27,59.95,1708739.0
2023-11-15,60.2,60.36,59.43,59.68,2169850.0
2023-11-16,59.54,60.06,59.24,59.29,1420250.0
2023-11-17,59.21,59.73,58.72,59.57,1407150.0
2023-11-20,59.4,60.44,59.4,60.17,1983857.0
2023-11-21,60.14,60.69,59.79,59.98,1686675.0
2023-11-22,60.01,60.66,59.1,59.1,1798100.0
2023-11-23,59.07,60.14,58.5,59.7,1684269.0
2023-11-24,59.59,59.92,57.87,58.14,2121110.0
2023-11-27,57.82,59.02,57.82,58.06,1224900.0
2023-11-28,58.03,58.47,57.24,58.34,1387653.0
2023-11-29,58.06,58.34,57.24,57.24,1071900.0
2023-11-30,57.24,57.71,56.69,57.1,1095600.0
2023-12-01,57.02,58.99,56.75,58.72,1590420.0
2023-12-04,58.58,60.61,58.58,59.7,2490200.0
2023-12-05,59.4,59.65,57.9,57.9,1975500.0
2023-12-06,57.9,58.53,57.16,57.49,1509550.0
2023-12-07,57.46,58.72,57.4,58.39,1851480.0
2023-12-08,58.34,59.07,58.09,58.17,1786580.0
2023-12-11,58.12,58.64,57.16,58.39,1904650.0
2023-12-12,58.23,59.13,58.17,58.91,1486320.0
2023-12-13,58.91,59.29,58.44,58.55,1522959.0
2023-12-14,58.83,59.21,58.06,58.12,1403700.0
2023-12-15,58.23,58.53,57.21,57.54,1227900.0
2023-12-18,57.54,58.01,56.39,56.5,1216650.0
2023-12-19,56.53,57.08,56.2,56.61,894050.0
2023-12-20,56.64,57.08,55.76,55.79,1402620.0
2023-12-21,55.57,56.53,54.59,55.84,1422900.0
2023-12-22,55.54,55.87,54.09,54.09,1921900.0
2023-12-25,54.34,54.42,53.24,53.93,1412970.0
2023-12-26,54.01,54.01,52.53,52.86,1157660.0
2023-12-27,53.11,53.65,53.05,53.38,937442.0
2023-12-28,53.35,55.38,52.83,54.75,1861321.0
2023-12-29,54.69,55.84,54.69,55.57,1168138.0
2024-01-02,55.6,56.61,55.27,55.82,1395150.0
2024-01-03,55.76,55.82,54.8,55.21,1119200.0
2024-01-04,55.02,55.6,54.75,54.8,820600.0
2024-01-05,54.83,55.24,53.6,53.74,1045750.0
2024-01-08,53.74,53.74,52.07,52.07,1122800.0
2024-01-09,52.26,53.38,52.26,52.45,1074200.0
2024-01-10,52.42,52.64,51.11,51.68,1005498.0
2024-01-11,51.96,52.42,51.6,52.29,1232100.0
2024-01-12,52.18,52.75,51.77,51.79,930190.0
2024-01-15,51.63,52.12,50.89,52.01,831100.0
2024-01-16,52.07,52.07,50.21,50.97,1314200.0
2024-01-17,50.81,51.27,49.77,49.88,686400.0
2024-01-18,49.85,50.15,47.91,49.41,1418257.0
2024-01-19,49.27,49.55,48.34,48.34,1112060.0
2024-01-22,48.51,48.51,43.99,44.48,2552770.0
2024-01-23,44.92,45.36,43.5,45.17,1967435.0
2024-01-24,45.5,46.07,43.88,46.04,1646520.0
2024-01-25,46.04,48.7,45.77,48.59,2131128.0
2024-01-26,48.59,50.04,48.32,48.62,1899498.0
2024-01-29,48.73,49.25,47.25,47.39,1874230.0
2024-01-30,49.0,56.86,48.45,54.28,12004235.0
2024-01-31,51.98,54.06,49.16,49.16,9176690.0
2024-02-01,48.32,52.94,47.36,48.02,7179851.0
2024-02-02,47.6,50.59,45.22,49.16,7912930.0
2024-02-05,47.36,47.63,42.18,43.5,6461437.0
2024-02-06,42.68,47.63,42.65,45.93,5069720.0
2024-02-07,45.63,46.76,43.8,44.51,4654051.0
2024-02-08,44.87,47.63,44.87,47.03,4365589.0
2024-02-19,48.18,49.22,47.19,48.18,4226442.0
2024-02-20,47.88,49.0,46.84,48.81,3432819.0
2024-02-21,48.45,50.21,47.71,49.03,4318206.0
2024-02-22,50.37,56.17,50.37,54.12,8561050.0
2024-02-23,55.32,64.93,53.6,64.93,19005290.0
2024-02-26,64.93,64.93,59.57,60.77,15438614.0
2024-02-27,60.77,61.98,59.4,61.35,11294517.0
2024-02-28,60.63,61.54,56.04,56.09,10797402.0
2024-02-29,55.05,58.39,55.05,58.12,6618860.0
2024-03-01,57.98,58.58,57.16,58.09,5292261.0
2024-03-04,57.68,59.7,57.3,59.49,6014930.0
2024-03-05,59.1,59.1,56.8,57.13,5368240.0
2024-03-06,56.64,57.98,56.15,57.38,3468490.0
2024-03-07,57.76,57.87,55.57,55.68,4027827.0
2024-03-08,56.06,56.5,55.24,56.23,2898500.0
2024-03-11,55.87,57.1,55.57,56.94,3258114.0
2024-03-12,56.69,57.98,56.67,57.76,4292966.0
2024-03-13,58.47,58.88,57.4,57.68,4611052.0
2024-03-14,57.08,57.73,56.15,56.91,3615550.0
2024-03-15,56.88,58.2,56.2,58.17,4114473.0
2024-03-18,58.2,59.29,57.84,58.86,4234128.0
2024-03-19,58.42,59.02,57.92,57.95,3339432.0
2024-03-20,57.9,58.77,57.82,58.36,2769291.0
2024-03-21,58.31,59.65,58.06,59.05,3907349.0
2024-03-22,59.05,59.05,56.99,57.68,3790200.0
2024-03-25,57.65,60.74,56.56,56.67,5774950.0
2024-03-26,56.28,56.61,54.48,55.82,4408102.0
2024-03-27,55.57,55.79,53.33,53.33,3137200.0
2024-03-28,53.79,56.06,53.49,55.35,3299850.0
2024-03-29,55.52,56.94,54.97,56.5,3027650.0
2024-04-01,56.83,58.53,56.36,58.03,3318187.0
2024-04-02,57.9,58.86,57.38,57.79,3254028.0
2024-04-03,57.38,59.29,56.39,58.25,4268453.0
2024-04-08,58.14,58.25,55.3,55.43,3832537.0
2024-04-09,55.57,56.31,54.97,55.43,1784760.0
2024-04-10,55.54,55.54,53.93,54.89,2054861.0
2024-04-11,54.64,58.12,54.42,57.19,3689314.0
2024-04-12,56.8,58.03,56.17,56.23,2899500.0
2024-04-15,55.16,58.01,54.01,56.8,3999611.0
2024-04-16,56.72,56.72,52.7,52.89,3601150.0
2024-04-17,53.71,57.49,53.52,57.38,3896330.0
2024-04-18,58.03,59.16,57.43,58.23,5079700.0
2024-04-19,57.21,61.92,57.16,61.46,8703821.0
2024-04-22,52.97,53.74,49.58,51.46,9819342.0
2024-04-23,51.68,51.98,49.27,49.49,5645570.0
2024-04-24,49.49,51.82,49.47,51.25,3692690.0
2024-04-25,50.83,50.83,49.58,50.18,3155420.0
2024-04-26,50.34,54.72,49.77,53.76,6965598.0
2024-04-29,53.35,53.54,52.2,52.97,4648860.0
2024-04-30,52.83,53.08,51.52,51.87,2916989.0
2024-05-06,52.81,52.89,52.12,52.56,2184350.0
2024-05-07,52.42,53.0,51.98,52.64,2158140.0
2024-05-08,52.15,52.78,51.27,52.26,2633100.0
2024-05-09,52.18,52.83,51.98,52.7,1934920.0
2024-05-10,52.29,52.92,51.98,52.29,1627570.0
2024-05-13,52.01,52.42,50.81,50.81,1829119.0
2024-05-14,51.19,51.63,50.18,50.21,1600300.0
2024-05-15,49.82,50.59,49.63,49.71,1257610.0
2024-05-16,49.77,50.51,49.77,50.01,1027200.0
2024-05-17,50.7,53.6,50.64,52.37,4450070.0
2024-05-20,51.79,52.4,50.92,51.27,2896550.0
2024-05-21,51.35,52.26,51.05,51.49,1815200.0
2024-05-22,51.55,51.98,50.7,51.03,1272300.0
2024-05-23,51.25,51.41,49.99,50.18,1399671.0
2024-05-24,50.18,50.53,49.0,49.0,1537300.0
2024-05-27,48.78,49.19,47.5,48.34,1829650.0
2024-05-28,48.67,49.22,47.96,48.67,944910.0
2024-05-29,48.34,49.06,48.34,48.7,693200.0
2024-05-30,48.51,48.59,47.85,48.23,1045490.0
2024-05-31,48.23,49.0,48.12,48.7,930900.0
2024-06-03,48.4,48.64,46.76,47.11,1437200.0
2024-06-04,46.84,47.22,46.18,47.06,1233510.0
2024-06-05,47.08,47.28,45.88,45.96,1054990.0
2024-06-06,46.21,46.43,43.25,43.64,2732800.0
2024-06-07,44.07,44.76,43.85,44.21,970170.0
2024-06-11,43.8,44.76,43.28,44.59,1141790.0
2024-06-12,44.21,45.17,44.21,45.03,675500.0
2024-06-13,45.03,45.52,44.62,44.89,698740.0
2024-06-14,44.65,44.92,43.94,44.16,1433900.0
2024-06-17,43.99,44.13,42.43,42.95,2086600.0
2024-06-18,43.25,44.65,42.81,44.46,1699855.0
2024-06-19,44.65,45.06,44.4,44.46,1313420.0
2024-06-20,44.46,44.59,42.73,42.81,1462700.0
2024-06-21,42.7,43.55,41.91,42.98,1070131.0
2024-06-24,42.43,42.62,40.62,40.87,2007290.0
2024-06-25,40.93,41.47,40.38,40.79,1101100.0
2024-06-26,40.51,42.54,40.1,42.49,1917640.0
2024-06-27,42.18,42.46,41.39,41.5,1240700.0
2024-06-28,41.45,42.29,41.06,41.31,1329130.0
2024-07-01,41.69,44.18,41.69,43.09,3432960.0
2024-07-02,43.17,47.3,43.12,44.76,4412280.0
2024-07-03,44.13,45.14,42.92,43.09,2734120.0
2024-07-04,43.14,43.77,41.72,41.77,1624900.0
2024-07-05,41.77,43.64,41.06,42.98,2422200.0
2024-07-08,43.25,47.03,42.79,46.02,7605530.0
2024-07-09,45.44,46.4,44.37,46.32,5085280.0
2024-07-10,45.39,47.44,44.95,47.14,4970630.0
2024-07-11,46.84,48.59,46.29,48.59,5551209.0
2024-07-12,47.91,48.95,47.41,47.8,3328600.0
2024-07-15,48.02,48.32,46.54,47.52,2713400.0
2024-07-16,47.36,47.91,46.43,46.65,2440400.0
2024-07-17,46.43,47.08,45.44,45.44,2360500.0
2024-07-18,44.89,45.61,43.94,45.39,2557500.0
2024-07-19,45.2,45.93,44.92,45.69,1617200.0
2024-07-22,45.99,46.65,45.72,46.02,1643430.0
2024-07-23,45.8,46.97,45.36,46.54,2171451.0
2024-07-24,45.88,45.93,44.35,44.48,2113530.0
2024-07-25,44.48,45.11,43.74,44.46,1173800.0
2024-07-26,44.59,46.24,44.26,45.93,1908700.0
2024-07-29,45.96,46.13,45.22,45.44,1467000.0
2024-07-30,45.41,46.51,45.11,46.18,2101600.0
2024-07-31,45.72,47.11,45.55,46.78,4081400.0
2024-08-01,46.73,46.89,46.21,46.26,2816966.0
2024-08-02,45.99,46.48,44.76,44.78,2401210.0
2024-08-05,44.62,44.87,42.68,42.68,2259400.0
2024-08-06,43.01,43.5,42.87,43.42,1159000.0
2024-08-07,43.66,44.05,43.28,43.58,1043800.0
2024-08-08,43.42,43.72,42.7,43.14,1086000.0
2024-08-09,43.2,43.91,42.84,42.9,943800.0
2024-08-12,43.09,43.09,42.05,42.21,961100.0
2024-08-13,42.4,42.92,42.18,42.79,626900.0
2024-08-14,42.92,43.28,42.51,42.51,751290.0
2024-08-15,42.65,43.12,41.66,42.76,937700.0
2024-08-16,42.98,43.17,42.32,42.32,782700.0
2024-08-19,42.27,43.01,42.07,42.57,776625.0
2024-08-20,42.57,42.79,41.23,41.25,1095600.0
2024-08-21,41.28,41.55,40.46,40.68,1041491.0
2024-08-22,40.51,41.01,40.05,40.19,774600.0
2024-08-23,40.19,40.87,40.05,40.73,869260.0
2024-08-26,38.43,39.97,38.11,39.04,2188110.0
2024-08-27,38.74,39.45,38.41,39.45,1580480.0
2024-08-28,38.6,39.97,38.52,39.8,1815250.0
2024-08-29,39.58,40.08,39.42,39.91,1146550.0
2024-08-30,39.86,41.66,39.75,41.09,2107000.0
2024-09-02,40.95,41.14,39.2,39.23,1705700.0
2024-09-03,39.42,40.05,39.17,39.97,1353570.0
2024-09-04,39.67,40.05,39.39,39.47,826070.0
2024-09-05,39.47,40.05,39.36,39.67,1126070.0
2024-09-06,39.88,40.51,38.6,38.74,955000.0
2024-09-09,38.74,39.42,38.05,39.31,1221869.0
2024-09-10,39.39,40.54,38.93,40.3,1841350.0
2024-09-11,40.1,40.9,39.94,40.76,1393281.0
2024-09-12,40.79,41.03,40.49,40.51,1124796.0
2024-09-13,40.46,41.2,40.16,40.38,1294820.0
2024-09-18,40.32,40.51,39.15,39.78,926199.0
2024-09-19,40.05,41.28,39.83,41.12,1202230.0
2024-09-20,41.31,42.13,41.12,41.8,1648650.0
2024-09-23,41.72,42.84,41.53,42.35,1795050.0
2024-09-24,42.13,42.57,41.53,42.43,2240780.0
2024-09-25,42.95,43.55,42.49,42.62,2152697.0
2024-09-26,42.57,43.2,42.32,43.14,1960700.0
2024-09-27,43.8,45.93,43.36,45.77,3777322.0
2024-09-30,46.84,52.75,46.73,51.96,7989043.0
2024-10-08,60.53,62.28,53.11,58.53,11661432.0
2024-10-09,55.68,56.94,52.01,52.04,7447430.0
2024-10-10,53.08,55.3,51.74,53.11,4697416.0
2024-10-11,52.4,53.05,49.77,50.48,3998500.0
2024-10-14,50.31,52.89,49.79,52.59,3982850.0
2024-10-15,53.13,59.38,52.89,54.56,10374561.0
2024-10-16,53.33,59.62,53.33,56.67,10805796.0
2024-10-17,58.53,63.51,56.88,61.59,17894208.0
2024-10-18,60.11,64.06,58.06,62.22,14223369.0
2024-10-21,63.15,68.41,61.81,66.79,16980657.0
2024-10-22,65.4,66.74,61.24,61.65,11333349.0
2024-10-23,60.91,63.62,59.62,60.5,8554480.0
2024-10-24,60.53,60.91,58.31,58.86,5974118.0
2024-10-25,59.54,61.59,58.64,60.09,6624150.0
2024-10-28,61.05,62.77,59.51,62.52,7285540.0
2024-10-29,62.52,63.21,60.22,60.47,4917719.0
2024-10-30,59.84,64.58,59.05,63.37,8436194.0
2024-10-31,63.73,66.11,62.14,64.93,7417537.0
2024-11-01,63.78,66.06,61.32,62.0,7995577.0
2024-11-04,62.33,65.01,61.4,64.77,5537285.0
2024-11-05,64.88,73.53,64.36,70.98,12024432.0
2024-11-06,70.98,71.75,68.44,69.94,8210998.0
2024-11-07,69.34,70.63,68.11,69.48,4517108.0
2024-11-08,70.11,73.86,69.29,71.67,8213208.0
2024-11-11,74.19,83.22,72.57,79.63,13302815.0
2024-11-12,79.99,81.52,75.91,77.03,7758200.0
2024-11-13,77.31,79.61,74.87,76.27,6645825.0
2024-11-14,75.75,76.57,71.97,72.27,6107191.0
2024-11-15,72.21,72.65,68.44,68.71,7625368.0
2024-11-18,69.37,69.78,63.81,64.93,5759675.0
2024-11-19,65.67,66.66,64.19,66.63,4627365.0
2024-11-20,66.66,68.05,65.89,66.63,3697762.0
2024-11-21,66.63,69.23,65.81,67.07,5340363.0
2024-11-22,67.83,69.39,65.21,65.34,4126492.0
2024-11-25,66.22,66.22,62.14,63.4,4976072.0
2024-11-26,63.51,65.15,62.91,63.78,3288892.0
2024-11-27,63.81,65.62,62.22,65.48,3521568.0
2024-11-28,65.51,66.85,64.74,64.91,2360570.0
2024-11-29,64.91,65.97,63.73,65.01,3054362.0
2024-12-02,65.04,65.64,64.39,65.64,3391450.0
2024-12-03,66.0,66.27,64.69,65.45,3148232.0
2024-12-04,65.45,68.05,64.8,65.32,4377319.0
2024-12-05,65.26,67.42,65.15,67.37,4014665.0
2024-12-06,70.11,70.76,67.29,68.79,7964771.0
2024-12-09,68.16,69.37,65.73,67.15,4862555.0
2024-12-10,69.2,69.81,66.85,66.96,4949429.0
2024-12-11,66.9,67.29,65.43,66.08,4216973.0
2024-12-12,66.79,66.88,64.93,65.59,3902580.0
2024-12-13,64.96,64.99,61.95,62.14,5668348.0
2024-12-16,62.44,63.13,60.69,61.02,3886600.0
2024-12-17,60.83,61.37,58.34,58.66,3903200.0
2024-12-18,59.13,61.18,57.79,60.09,3443763.0
2024-12-19,59.18,61.15,58.91,60.69,3157439.0
2024-12-20,60.72,62.28,60.03,61.29,2413825.0
2024-12-23,60.99,61.29,57.35,57.49,3561650.0
2024-12-24,58.25,58.72,57.27,58.14,2975998.0
2024-12-25,57.84,58.61,55.16,55.82,3135144.0
2024-12-26,55.93,57.46,55.54,56.06,2880728.0
2024-12-27,55.93,57.51,55.6,56.28,2841588.0
2024-12-30,57.21,57.21,54.78,55.84,2745846.0
2024-12-31,55.98,56.25,54.12,54.17,2260041.0
2025-01-02,54.2,54.61,51.46,52.26,3143163.0
2025-01-03,52.53,52.7,49.08,49.19,3746663.0
2025-01-06,49.3,49.93,47.41,48.95,3280078.0
2025-01-07,49.06,49.99,48.15,49.36,3779544.0
2025-01-08,49.27,49.33,46.76,48.32,3817895.0
2025-01-09,47.93,50.01,47.93,49.19,2705350.0
2025-01-10,49.52,50.51,47.36,47.58,3150283.0
2025-01-13,47.69,48.86,46.51,48.04,2820098.0
2025-01-14,48.29,49.96,48.29,49.9,3809733.0
2025-01-15,50.1,50.37,49.3,49.6,2790500.0
2025-01-16,50.21,50.67,49.16,49.3,3051100.0
2025-01-17,49.41,49.77,48.64,49.36,2306000.0
2025-01-20,49.96,50.12,49.0,49.08,2014400.0
2025-01-21,49.3,49.82,48.12,48.51,2174980.0
2025-01-22,48.45,48.45,47.36,47.69,2300826.0
2025-01-23,48.15,50.12,48.1,48.51,3640000.0
2025-01-24,48.23,50.34,48.23,49.9,3168600.0
2025-01-27,50.23,50.83,49.03,49.14,3000600.0
2025-02-05,49.27,51.27,49.27,50.86,4014700.0
2025-02-06,50.51,52.75,49.9,52.75,4064000.0
2025-02-07,52.75,55.02,52.5,54.01,5465512.0
2025-02-10,54.97,57.76,54.2,57.76,7356250.0
2025-02-11,57.49,57.62,55.6,57.08,5717961.0
2025-02-12,56.94,58.03,56.39,57.98,5083600.0
2025-02-13,58.83,58.88,56.67,57.95,5459250.0
2025-02-14,57.82,60.5,57.38,59.95,6982060.0
2025-02-17,62.06,62.96,59.59,59.95,10328545.0
2025-02-18,59.9,60.63,56.23,56.53,7042597.0
2025-02-19,56.58,57.95,56.5,57.71,4237783.0
2025-02-20,57.43,58.42,56.69,57.92,3883616.0
2025-02-21,58.06,61.46,56.97,60.63,7504952.0
2025-02-24,60.2,61.29,59.13,60.06,5177512.0
2025-02-25,59.4,60.99,58.06,60.03,4508300.0
2025-02-26,60.25,63.37,59.18,63.07,10864575.0
2025-02-27,62.69,63.13,60.2,62.39,10849686.0
2025-02-28,61.76,62.55,57.84,58.83,6606915.0
2025-03-03,59.05,59.4,57.16,57.95,5523730.0
2025-03-04,57.27,59.18,57.21,58.96,3503941.0
2025-03-05,59.07,70.76,58.34,70.76,20311485.0
2025-03-06,71.64,73.06,68.46,69.78,26909446.0
2025-03-07,68.93,75.12,67.59,72.08,21257273.0
2025-03-10,69.81,70.6,65.7,66.19,14417323.0
2025-03-11,65.48,68.98,65.37,67.56,9307719.0
2025-03-12,68.35,71.64,67.81,69.34,13450771.0
2025-03-13,68.98,69.34,65.1,66.6,8356627.0
2025-03-14,65.92,67.18,65.7,66.22,5797055.0
2025-03-17,67.48,69.39,65.92,68.41,9074845.0
2025-03-18,69.75,69.75,66.14,66.49,6867294.0
2025-03-19,66.77,67.48,64.85,65.43,5146665.0
2025-03-20,65.15,65.15,63.07,63.18,6566162.0
2025-03-21,62.96,63.24,61.26,61.46,4578036.0
2025-03-24,61.46,61.84,57.27,58.69,6563596.0
2025-03-25,58.86,58.86,57.16,58.14,3408750.0
2025-03-26,57.9,58.75,57.9,58.75,2292570.0
2025-03-27,58.34,58.55,57.19,57.49,2598250.0
2025-03-28,57.46,58.17,56.56,56.69,2466050.0
2025-03-31,56.39,56.88,54.75,56.17,2814191.0
2025-04-01,56.39,57.08,55.87,56.39,2261650.0
2025-04-02,56.39,57.08,56.15,56.47,1295900.0
2025-04-03,55.71,59.68,55.65,58.09,5552400.0
2025-04-07,54.78,55.21,46.54,47.25,6855797.0
2025-04-08,48.07,52.01,48.07,50.1,6204255.0
2025-04-09,49.52,51.14,45.72,50.62,6276157.0
2025-04-10,51.6,53.38,51.14,51.82,4307508.0
2025-04-11,51.35,52.97,51.35,52.23,3031161.0
2025-04-14,53.0,53.6,52.23,53.11,2445000.0
2025-04-15,53.08,53.49,52.34,52.94,2153500.0
2025-04-16,52.7,52.83,50.83,51.87,2520500.0
2025-04-17,51.46,52.45,51.27,51.9,1899200.0
2025-04-18,51.9,53.93,51.22,52.12,3413400.0
2025-04-21,52.01,53.87,51.46,53.19,2741188.0
2025-04-22,52.97,53.57,52.45,52.61,2060858.0
2025-04-23,52.45,53.9,52.45,53.52,2080000.0
2025-04-24,53.35,53.35,51.08,52.09,2565310.0
2025-04-25,52.42,52.5,51.19,51.87,1789990.0
2025-04-28,51.87,53.79,51.22,52.83,3844850.0
2025-04-29,52.61,54.78,52.01,54.06,4631378.0
2025-04-30,54.15,56.42,53.71,55.46,3651243.0
2025-05-06,56.36,57.57,55.84,57.27,3358000.0
2025-05-07,57.9,58.44,56.69,57.3,4221425.0
2025-05-08,56.83,58.03,56.64,57.87,2718790.0
2025-05-09,57.54,58.34,56.2,56.94,2615200.0
2025-05-12,57.38,58.53,56.94,57.62,2598059.0
2025-05-13,58.01,58.94,57.21,57.3,3156627.0
2025-05-14,57.3,57.9,56.64,57.1,2648900.0
2025-05-15,57.13,57.16,55.35,55.71,2445950.0
2025-05-16,55.57,56.12,54.83,56.09,1672470.0
2025-05-19,56.06,58.28,55.57,57.57,3504840.0
2025-05-20,57.57,58.64,57.1,57.84,3044890.0
2025-05-21,59.84,62.36,59.68,60.06,11772492.0
2025-05-22,59.13,62.82,58.31,62.72,10903191.0
2025-05-23,62.96,62.96,59.46,59.95,7992251.0
2025-05-26,59.43,61.43,59.27,60.42,4037700.0
2025-05-27,59.95,61.68,58.91,60.91,4457200.0
2025-05-28,61.57,61.57,59.07,59.21,3202300.0
2025-05-29,59.27,60.53,58.94,60.09,3117100.0
2025-05-30,59.84,60.74,59.02,59.13,3469700.0
2025-06-03,58.86,59.57,58.25,58.91,2708339.0
2025-06-04,59.13,59.92,58.58,59.59,2332200.0
2025-06-05,59.4,59.9,59.07,59.65,2478718.0
2025-06-06,59.54,59.73,58.64,58.66,2375400.0
2025-06-09,58.86,59.29,57.49,58.2,3615850.0
2025-06-10,58.2,62.63,56.75,60.47,8888369.0
2025-06-11,60.03,60.2,59.21,59.57,4044530.0
2025-06-12,59.21,59.65,58.53,58.69,2837200.0
2025-06-13,58.66,62.96,58.64,61.35,11192141.0
2025-06-16,61.54,62.14,60.47,62.14,6803400.0
2025-06-17,62.14,62.28,60.25,61.15,4454840.0
2025-06-18,60.77,63.37,60.53,63.29,9033727.0
2025-06-19,62.55,63.26,60.77,63.1,6982497.0
2025-06-20,62.69,62.69,61.02,61.15,4082300.0
2025-06-23,60.5,64.74,60.44,64.06,7949438.0
2025-06-24,63.26,64.6,62.82,63.81,6164560.0
2025-06-25,63.81,65.34,63.26,64.39,5685900.0
2025-06-26,64.3,64.52,63.13,63.45,4396900.0
2025-06-27,63.32,63.95,62.61,62.72,4285714.0
2025-06-30,62.66,63.89,62.55,63.1,4232651.0
2025-07-01,63.02,64.77,61.89,64.28,5872769.0
2025-07-02,64.52,64.52,62.47,62.85,3455942.0
2025-07-03,62.77,63.4,62.17,62.85,2475001.0
2025-07-04,62.93,63.24,61.54,61.84,2985261.0
2025-07-07,61.4,62.39,60.53,60.77,3884200.0
2025-07-08,60.77,61.46,60.58,61.43,2434696.0
2025-07-09,61.57,61.59,60.83,61.32,2096800.0
2025-07-10,61.02,61.62,60.14,60.36,4067640.0
2025-07-11,60.69,61.51,60.09,61.1,3107120.0
2025-07-14,61.32,65.26,61.05,63.78,8159931.0
2025-07-15,64.33,64.44,62.52,63.7,4732230.0
2025-07-16,63.7,63.97,62.96,63.02,2594580.0
2025-07-17,62.96,64.3,62.74,63.67,3301600.0
2025-07-18,63.54,65.1,63.54,63.87,3756270.0
2025-07-21,63.59,65.67,63.59,65.32,5385593.0
2025-07-22,64.96,65.95,64.06,64.44,4207200.0
2025-07-23,64.47,64.77,63.56,63.7,3127900.0
2025-07-24,63.81,64.41,63.48,63.97,2637200.0
2025-07-25,64.0,64.85,63.81,64.49,2848600.0
2025-07-28,64.49,64.71,63.67,64.22,2591600.0
2025-07-29,68.11,69.81,64.91,65.43,10145320.0
2025-07-30,64.39,66.77,63.7,63.81,7645450.0
2025-07-31,63.4,64.36,62.36,62.61,4870100.0
2025-08-01,62.74,63.59,62.14,63.48,3304500.0
2025-08-04,62.91,65.04,62.63,64.88,4250100.0
2025-08-05,64.88,65.29,64.36,64.77,2689500.0
2025-08-06,64.99,66.08,64.44,65.97,4044800.0
2025-08-07,66.0,66.58,65.51,66.3,3305900.0
2025-08-08,65.97,66.19,64.55,64.99,3045000.0
2025-08-11,64.99,65.97,64.63,65.48,2645970.0
2025-08-12,65.48,65.48,64.39,65.15,2624523.0
2025-08-13,65.15,65.34,64.41,64.69,3222700.0
2025-08-14,65.18,65.18,63.32,63.37,3351753.0
2025-08-15,63.34,64.0,63.07,63.84,2432099.0
2025-08-18,63.84,65.97,63.67,65.64,5346844.0
2025-08-19,65.45,66.16,65.07,65.92,3958350.0
2025-08-20,65.56,66.52,64.88,66.52,4212494.0
2025-08-21,66.58,67.51,65.7,66.06,3632000.0
2025-08-22,66.52,67.45,65.97,67.23,4844109.0
2025-08-25,67.26,68.03,66.11,66.66,5379190.0
2025-08-26,66.19,67.48,65.97,66.6,3833950.0
2025-08-27,67.29,68.22,65.86,65.89,6287123.0
2025-08-28,65.56,66.74,62.66,66.55,6608830.0
2025-08-29,66.11,66.44,64.99,65.32,4360690.0
2025-09-01,65.51,66.47,64.0,64.17,3873018.0
2025-09-02,64.14,64.17,60.83,61.26,4749368.0
2025-09-03,61.18,61.81,58.44,58.75,4454800.0
2025-09-04,58.91,59.54,56.99,57.87,4401300.0
2025-09-05,57.87,58.23,56.8,58.23,3663903.0
2025-09-08,58.09,58.66,57.43,58.58,3567770.0
2025-09-09,58.47,58.47,57.24,57.49,3035960.0
2025-09-10,57.62,58.34,57.19,57.46,2466496.0
2025-09-11,57.43,58.53,56.94,58.42,2789088.0
2025-09-12,58.66,59.13,58.2,58.34,2441950.0
2025-09-15,58.61,58.61,57.71,57.98,2216400.0
2025-09-16,57.82,58.5,57.71,58.5,2173184.0
2025-09-17,58.5,59.05,58.03,58.86,2193170.0
2025-09-18,58.61,61.07,58.34,58.88,5509170.0
2025-09-19,58.91,59.9,58.25,58.44,2876790.0
2025-09-22,58.28,58.96,57.98,58.8,2257360.0
2025-09-23,58.86,58.86,56.17,57.68,3507840.0
2025-09-24,57.21,61.46,57.02,61.32,6780296.0
2025-09-25,61.05,63.18,60.91,61.35,5946990.0
2025-09-26,61.07,61.32,59.27,59.35,3260600.0
2025-09-29,59.68,61.43,59.38,60.61,2648300.0
2025-09-30,60.85,62.2,60.53,60.99,2289860.0
2025-10-09,60.96,66.66,60.63,65.32,9861130.0
2025-10-10,64.96,68.41,64.19,66.49,9031640.0
2025-10-13,65.34,70.79,64.77,68.96,10157910.0
2025-10-14,69.26,69.26,67.26,67.89,6005129.0
2025-10-15,68.38,68.93,67.1,68.41,3869200.0
2025-10-16,69.12,69.61,67.64,68.46,5458510.0
2025-10-17,68.44,70.08,67.92,68.79,5218975.0
2025-10-20,69.2,69.39,66.63,67.12,5392840.0
2025-10-21,67.29,70.43,67.12,69.12,5269920.0
2025-10-22,68.52,69.15,66.96,67.75,3360568.0
2025-10-23,66.55,67.64,65.34,66.93,3452300.0
2025-10-24,66.96,67.29,65.59,65.64,3279100.0
2025-10-27,66.82,68.14,65.86,66.25,3502716.0
2025-10-28,66.27,67.92,65.73,66.74,3126820.0
2025-10-29,66.25,67.75,64.58,65.21,3128958.0
2025-10-30,65.15,66.68,62.63,65.89,4906138.0
2025-10-31,65.4,66.19,64.74,65.59,3075760.0
2025-11-03,65.7,66.93,64.33,66.41,3823060.0
2025-11-04,66.33,66.33,64.03,64.74,2374524.0
2025-11-05,64.33,64.47,62.82,63.21,2782050.0
2025-11-06,63.21,63.43,61.59,62.72,2635220.0
2025-11-07,62.96,63.15,61.7,62.11,2082700.0
2025-11-10,62.17,62.91,61.07,61.95,2492229.0
2025-11-11,61.87,64.6,61.51,63.87,4054050.0
2025-11-12,64.22,66.77,63.02,65.4,4940090.0
2025-11-13,65.45,67.51,64.85,65.92,4837500.0
2025-11-14,66.19,69.31,64.82,67.94,5917229.0
2025-11-17,67.62,69.39,67.51,68.68,4119744.0
2025-11-18,68.98,69.86,67.89,68.08,4410860.0
2025-11-19,67.92,70.49,67.2,68.38,5894193.0
2025-11-20,67.92,69.15,67.23,67.31,2787431.0
2025-11-21,66.82,70.08,64.93,67.86,6914480.0
2025-11-24,68.63,72.79,66.27,71.34,8901917.0
2025-11-25,70.71,72.05,69.89,70.35,6353640.0
2025-11-26,69.81,75.09,69.12,73.5,10953634.0
2025-11-27,77.74,84.72,71.72,71.72,21073981.0
2025-12-03,74.6,86.04,73.91,75.34,27723168.0
2025-12-04,72.49,77.61,66.52,76.27,24484634.0
2025-12-05,72.3,73.58,70.87,70.93,14218311.0
2025-12-08,69.23,72.24,68.9,70.54,10936045.0
2025-12-09,70.63,77.33,69.75,72.76,16314570.0
2025-12-10,71.45,71.94,69.7,69.97,11373720.0
2025-12-11,69.81,69.89,66.27,66.6,9559500.0
2025-12-12,66.38,67.18,64.08,64.39,7387620.0
2025-12-15,63.87,64.25,62.44,62.52,5270490.0
2025-12-16,62.93,63.13,61.51,62.09,4753050.0
2025-12-17,62.11,62.66,60.42,61.76,5042600.0
2025-12-18,61.07,62.91,60.99,61.59,3705800.0
2025-12-19,62.41,62.82,61.78,62.11,3006566.0
2025-12-22,62.93,63.43,61.95,62.69,4170800.0
2025-12-23,62.55,63.15,60.91,61.87,5265120.0
2025-12-24,62.2,63.65,61.54,63.21,4546309.0
2025-12-25,63.92,64.17,63.02,63.56,3516815.0
2025-12-26,63.1,65.56,62.82,65.56,7113495.0
2025-12-29,65.15,66.25,64.66,65.51,4049625.0
2025-12-30,65.32,67.07,64.82,65.92,4567400.0
2025-12-31,66.74,66.85,65.43,65.51,3319816.0
2026-01-05,65.04,66.0,64.69,65.34,3587650.0
2026-01-06,65.37,66.55,65.15,65.84,4027624.0
2026-01-07,65.51,65.78,64.69,64.8,3985350.0
2026-01-08,64.96,67.01,64.82,66.3,5195984.0
2026-01-09,66.25,66.9,65.48,66.85,6434510.0
2026-01-12,66.88,70.54,66.79,69.72,9059756.0
2026-01-13,70.05,72.27,67.97,68.9,8405007.0
2026-01-14,68.6,70.85,68.16,69.2,7630387.0
2026-01-15,69.34,70.49,68.22,68.68,5119800.0
2026-01-16,68.66,68.85,66.71,67.45,4960375.0
2026-01-19,66.85,68.82,66.55,67.67,4357625.0
2026-01-20,67.64,68.55,66.08,66.96,4179850.0
2026-01-21,66.25,67.7,65.86,66.52,3116800.0
2026-01-22,66.6,68.08,66.38,67.2,3587260.0
2026-01-23,67.97,67.97,66.9,67.29,3972210.0
2026-01-26,67.37,68.52,66.08,66.52,5004453.0
2026-01-27,66.38,67.4,63.84,67.4,6055220.0
2026-01-28,69.81,70.3,65.51,65.84,7156021.0
2026-01-29,64.63,68.66,63.67,65.78,7335691.0
2026-01-30,65.53,65.75,63.59,63.59,4252670.0
2026-02-02,63.04,64.39,62.0,62.14,3277700.0
2026-02-03,63.24,63.7,62.52,63.59,2550850.0
2026-02-04,63.24,63.4,61.98,62.82,2344760.0
2026-02-05,62.96,65.07,62.3,63.76,4012470.0
2026-02-06,63.51,66.68,63.04,65.86,4633632.0
2026-02-09,66.38,66.55,64.6,65.45,3891960.0
2026-02-10,65.43,67.89,65.37,66.96,3628760.0
2026-02-11,66.6,68.03,66.55,66.88,2712676.0
2026-02-12,66.93,67.56,65.73,66.49,3133358.0
2026-02-13,66.14,68.03,65.86,66.25,2446050.0
2026-02-24,66.63,71.67,65.75,70.35,8843155.0
2026-02-25,70.24,70.35,67.64,67.81,6706770.0
2026-02-26,67.34,67.72,66.27,67.1,3526218.0
2026-02-27,67.04,67.48,66.49,67.07,2704196.0
2026-03-02,65.84,66.11,63.54,64.19,5033859.0
2026-03-03,64.11,64.8,60.99,61.21,4276445.0
2026-03-04,61.02,61.7,60.58,61.48,2691871.0
2026-03-05,62.96,63.18,61.92,62.25,2327128.0
2026-03-06,62.11,63.92,61.32,62.99,2062690.0
2026-03-09,62.99,65.97,62.82,64.6,5148070.0
2026-03-10,65.26,67.59,65.12,66.41,4163400.0
2026-03-11,66.36,66.88,64.55,64.63,3625000.0
2026-03-12,64.88,64.91,62.58,62.63,3557398.0
2026-03-13,62.44,63.59,61.26,62.5,4173600.0
2026-03-16,62.99,63.45,61.98,63.24,2463200.0
2026-03-17,63.7,63.7,61.87,61.98,2304016.0
2026-03-18,62.52,63.32,61.92,63.32,1784100.0
2026-03-19,62.69,62.91,61.46,61.78,2063910.0
2026-03-20,62.63,62.63,59.4,59.4,3429277.0
2026-03-23,58.83,58.83,55.57,55.76,3690700.0
2026-03-24,56.72,57.84,56.04,57.84,2494390.0
2026-03-25,57.82,59.13,57.76,58.39,1676110.0
2026-03-26,58.39,58.69,56.97,57.35,1596999.0
2026-03-27,56.88,59.51,56.72,58.88,1911150.0
2026-03-30,58.34,58.83,57.51,58.58,1341100.0
2026-03-31,58.86,60.36,58.17,58.31,2186600.0
2026-04-01,59.29,60.11,58.28,58.55,1438000.0
2026-04-02,58.36,58.53,56.31,57.16,1813400.0
2026-04-03,57.27,57.43,55.79,56.23,1404300.0
2026-04-07,56.15,57.38,55.98,56.78,1005300.0
2026-04-08,57.79,59.07,57.43,58.96,2088370.0
2026-04-09,58.58,58.8,57.49,58.09,2084239.0
2026-04-10,59.02,59.65,58.23,58.36,1452100.0
2026-04-13,58.28,59.07,58.03,58.86,1212040.0
2026-04-14,59.18,59.7,58.86,59.32,1515600.0
2026-04-15,60.22,60.22,58.36,58.58,1236356.0
2026-04-16,58.64,60.91,58.31,60.28,2343400.0
2026-04-17,60.28,61.05,59.79,59.95,1413600.0
2026-04-20,59.79,62.72,59.79,61.62,3546247.0
2026-04-21,62.09,62.39,60.66,61.21,2454828.0
2026-04-22,61.21,62.2,59.65,61.76,2933150.0
2026-04-23,61.62,63.84,61.07,61.65,3403589.0
2026-04-24,61.46,63.87,60.72,63.45,5373250.0
2026-04-27,63.02,65.32,62.63,64.08,4612238.0
2026-04-28,64.0,65.53,63.18,63.73,3319512.0
2026-04-29,63.45,64.19,58.06,59.51,8536237.0
2026-04-30,61.02,61.26,59.4,60.03,4134350.0
2026-05-06,60.53,62.22,60.22,60.61,4157490.0
2026-05-07,60.8,60.94,59.68,60.53,2647490.0
2026-05-08,60.53,61.59,60.28,60.77,2430772.0
2026-05-11,61.13,61.35,60.06,60.42,2764668.0
