date,open,high,low,close,volume
1997-12-03,11.8,12.0,11.26,11.3,22763900.0
1997-12-04,11.15,11.99,11.1,11.62,8058400.0
1997-12-05,11.7,11.8,11.45,11.71,5535700.0
1997-12-08,11.81,11.88,11.45,11.51,2256500.0
1997-12-09,11.6,11.98,11.5,11.9,4639700.0
1997-12-10,12.01,12.36,11.9,12.05,6127200.0
1997-12-11,12.08,12.2,11.76,12.08,2882700.0
1997-12-12,12.08,12.1,11.83,11.91,2192500.0
1997-12-15,11.81,12.12,11.66,12.06,2467800.0
1997-12-16,11.96,12.25,11.9,12.18,3295700.0
1997-12-17,11.99,11.99,11.6,11.67,2971800.0
1997-12-18,11.55,11.73,11.48,11.6,1439200.0
1997-12-19,11.6,11.7,11.36,11.61,1657700.0
1997-12-22,11.65,11.69,11.33,11.55,1561000.0
1997-12-23,11.5,11.55,11.38,11.55,1021500.0
1997-12-24,11.68,11.93,11.57,11.7,1506800.0
1997-12-25,11.65,11.75,11.5,11.73,1431900.0
1997-12-26,11.78,12.9,11.7,12.5,9987000.0
1997-12-29,12.4,13.01,12.3,12.35,4346100.0
1997-12-30,12.4,12.65,12.35,12.45,2143300.0
1997-12-31,12.51,12.75,12.46,12.66,2873500.0
1998-01-05,12.88,13.38,12.81,13.14,4658100.0
1998-01-06,13.14,13.3,12.9,13.1,2887700.0
1998-01-07,13.1,13.15,12.7,12.9,3044300.0
1998-01-08,12.86,12.9,12.54,12.63,2026700.0
1998-01-09,12.5,12.89,12.45,12.77,2535600.0
1998-01-12,12.8,12.9,12.4,12.48,1606000.0
1998-01-13,12.0,12.4,11.23,11.65,2761100.0
1998-01-14,11.65,12.1,11.6,11.92,2523900.0
1998-01-15,11.98,12.05,11.7,11.96,1310900.0
1998-01-16,11.8,11.93,11.8,11.84,731800.0
1998-01-19,11.85,11.85,11.54,11.6,938300.0
1998-01-20,11.5,11.82,11.5,11.7,522900.0
1998-01-21,11.75,12.0,11.6,11.8,808200.0
1998-01-22,11.8,11.91,11.67,11.73,574800.0
1998-01-23,11.8,11.99,11.7,11.89,555800.0
1998-02-09,12.28,12.35,11.85,12.03,974400.0
1998-02-10,12.0,12.03,11.71,11.75,561500.0
1998-02-11,11.73,11.88,11.68,11.79,630800.0
1998-02-12,11.8,11.88,11.58,11.7,979300.0
1998-02-13,11.75,11.98,11.58,11.92,815400.0
1998-02-16,11.85,12.15,11.68,12.14,1449000.0
1998-02-17,12.14,12.28,11.96,11.97,978000.0
1998-02-18,12.0,12.1,11.76,11.81,611100.0
1998-02-19,11.75,11.97,11.75,11.92,343800.0
1998-02-20,12.05,12.05,11.68,11.7,705200.0
1998-02-23,11.68,11.68,11.38,11.48,713500.0
1998-02-24,11.32,11.6,11.3,11.37,582500.0
1998-02-25,11.37,11.37,11.25,11.26,678500.0
1998-02-26,11.24,11.48,11.15,11.37,384400.0
1998-02-27,10.99,11.3,10.8,10.87,1533000.0
1998-03-02,10.8,10.94,10.59,10.63,1059100.0
1998-03-03,10.63,10.85,10.61,10.8,459300.0
1998-03-04,10.85,11.12,10.72,11.0,594000.0
1998-03-05,11.0,11.1,10.8,10.85,342900.0
1998-03-06,10.88,10.88,10.7,10.86,590400.0
1998-03-09,10.8,11.0,10.68,10.85,571100.0
1998-03-10,10.85,11.1,10.81,11.1,502200.0
1998-03-11,11.1,11.42,11.03,11.1,1494000.0
1998-03-12,10.99,11.25,10.98,11.2,772200.0
1998-03-13,11.14,11.52,11.08,11.48,1019600.0
1998-03-16,11.58,11.66,11.48,11.63,1406600.0
1998-03-17,11.66,11.9,11.56,11.82,1801900.0
1998-03-18,11.82,11.88,11.68,11.8,1371100.0
1998-03-19,11.8,12.05,11.74,11.8,1799500.0
1998-03-20,11.79,11.97,11.79,11.86,983200.0
1998-03-23,11.86,11.93,11.7,11.83,1132700.0
1998-03-24,11.85,12.25,11.8,12.2,2368700.0
1998-03-25,12.29,12.3,11.99,12.06,1935900.0
1998-03-26,12.02,12.18,11.8,11.83,1276300.0
1998-03-27,11.83,12.15,11.8,12.07,1623200.0
1998-03-30,12.1,12.53,12.0,12.47,2180000.0
1998-03-31,12.47,12.61,12.3,12.38,1592300.0
1998-04-01,12.33,12.65,12.33,12.52,1769700.0
1998-04-02,12.52,12.95,12.45,12.56,3150500.0
1998-04-03,12.38,13.11,12.38,13.0,4153800.0
1998-04-06,13.0,13.24,12.83,12.9,2343900.0
1998-04-07,12.9,13.08,12.65,12.8,1535100.0
1998-04-08,12.88,13.49,12.81,13.45,3108400.0
1998-04-09,13.45,14.8,13.41,14.0,8319400.0
1998-04-13,14.18,14.51,13.48,13.6,2733000.0
1998-04-14,13.6,14.15,13.4,13.9,2038300.0
1998-04-15,13.8,14.15,13.68,13.78,1107700.0
1998-04-16,13.8,13.97,13.5,13.51,1067200.0
1998-04-17,13.45,13.58,13.35,13.5,1283900.0
1998-04-20,13.52,13.9,13.51,13.68,598600.0
1998-04-21,13.9,13.9,13.65,13.81,665600.0
1998-04-22,13.91,14.15,13.87,14.0,1083300.0
1998-04-23,14.0,14.15,13.52,13.75,824000.0
1998-04-24,13.64,13.75,13.34,13.75,1116800.0
1998-04-27,13.7,13.9,13.68,13.88,895000.0
1998-04-28,13.9,14.5,13.9,14.38,1561200.0
1998-04-29,14.41,14.5,14.1,14.25,601600.0
1998-04-30,14.24,14.58,14.0,14.55,1237500.0
1998-05-04,14.5,14.68,14.28,14.37,877200.0
1998-05-05,14.5,14.79,14.31,14.78,1398900.0
1998-05-06,14.52,15.35,14.4,14.98,2555100.0
1998-05-07,14.95,14.95,14.37,14.6,906900.0
1998-05-08,13.59,14.88,13.59,14.88,2658900.0
1998-05-11,14.88,14.93,14.15,14.46,1345200.0
1998-05-12,14.35,14.38,13.98,14.07,1141500.0
1998-05-13,14.3,14.5,13.88,14.49,2400700.0
1998-05-14,14.55,14.56,14.2,14.4,1089000.0
1998-05-15,14.2,14.2,13.96,14.2,1106100.0
1998-05-18,14.15,14.18,13.85,13.95,552700.0
1998-05-19,13.89,13.89,13.48,13.66,940700.0
1998-05-20,13.6,13.95,13.55,13.79,535700.0
1998-05-21,13.8,14.28,13.8,14.21,819200.0
1998-05-22,14.2,14.75,14.2,14.75,2083600.0
1998-05-25,14.93,14.95,14.42,14.7,1306200.0
1998-05-26,14.7,15.1,14.5,14.86,1615800.0
1998-05-27,14.98,15.1,14.71,14.8,939100.0
1998-05-28,14.91,14.93,14.4,14.47,811000.0
1998-05-29,14.5,14.78,14.4,14.67,937200.0
1998-06-01,14.67,15.3,14.64,15.23,3580800.0
1998-06-02,15.25,15.47,14.95,15.47,1856700.0
1998-06-03,15.18,15.36,14.72,14.97,3052400.0
1998-06-04,14.92,14.92,14.45,14.51,1429500.0
1998-06-05,14.5,14.65,14.3,14.55,1189500.0
1998-06-08,14.56,15.08,14.45,14.88,1327200.0
1998-06-09,14.98,15.25,14.56,14.77,1710800.0
1998-06-10,14.77,15.01,14.62,14.8,766800.0
1998-06-11,14.8,14.9,14.35,14.65,680600.0
1998-06-12,15.0,15.1,14.8,14.97,1380200.0
1998-06-15,15.01,15.35,14.94,15.2,2950800.0
1998-06-16,15.2,15.25,14.77,15.18,1289300.0
1998-06-17,15.21,15.9,15.21,15.59,3182400.0
1998-06-18,15.54,15.75,15.28,15.49,1631800.0
1998-06-19,15.45,15.78,15.4,15.78,1868700.0
1998-06-22,15.78,16.38,15.78,16.2,3442500.0
1998-06-23,15.18,16.3,15.18,16.3,2256400.0
1998-06-24,16.28,16.5,16.0,16.4,1879100.0
1998-06-25,16.3,16.3,15.88,16.27,1241100.0
1998-06-26,16.1,16.2,15.5,15.6,2132600.0
1998-06-29,15.75,15.85,15.18,15.81,3535900.0
1998-06-30,15.8,15.84,15.52,15.57,1485500.0
1998-07-01,15.57,15.79,15.05,15.2,1274800.0
1998-07-02,15.18,15.24,14.78,15.24,912200.0
1998-07-03,15.25,15.38,14.99,15.09,528000.0
1998-07-06,15.05,15.2,14.59,14.59,585000.0
1998-07-07,14.59,16.02,13.16,14.98,846700.0
1998-07-08,15.1,15.4,14.97,15.38,841900.0
1998-07-09,15.9,15.9,15.3,15.55,834600.0
1998-07-10,15.45,15.8,15.31,15.76,1046000.0
1998-07-13,15.75,15.84,15.41,15.65,727600.0
1998-07-14,15.6,15.6,15.0,15.02,677700.0
1998-07-15,15.0,15.1,14.9,15.01,600700.0
1998-07-16,15.2,15.44,14.96,15.36,729100.0
1998-07-17,15.3,15.76,15.3,15.65,2119000.0
1998-07-20,15.65,15.84,15.4,15.6,1103900.0
1998-07-21,15.2,15.9,15.2,15.87,1440100.0
1998-07-22,15.85,15.85,15.57,15.65,686900.0
1998-07-23,15.66,16.0,15.65,15.96,1518600.0
1998-07-24,16.01,16.09,15.73,15.89,1017700.0
1998-07-27,15.89,16.0,15.4,15.99,1208400.0
1998-07-28,16.01,16.29,15.8,16.06,1934900.0
1998-07-29,16.06,16.18,15.9,16.07,1834600.0
1998-07-30,16.45,16.45,15.66,15.84,1088300.0
1998-07-31,15.9,15.98,15.7,15.74,633700.0
1998-08-03,15.72,15.74,15.25,15.3,947700.0
1998-08-04,15.24,15.45,15.0,15.41,798200.0
1998-08-05,15.37,15.49,15.15,15.37,379700.0
1998-08-06,15.34,15.58,15.18,15.2,321300.0
1998-08-07,15.1,15.2,14.76,14.96,656000.0
1998-08-10,14.96,14.96,14.4,14.51,548800.0
1998-08-11,14.51,14.6,14.0,14.1,474900.0
1998-08-12,14.05,14.12,13.35,13.9,641800.0
1998-08-13,13.95,14.22,13.8,14.22,533400.0
1998-08-14,14.28,14.28,13.71,13.88,521200.0
1998-08-17,13.75,13.75,12.58,12.58,772700.0
1998-08-18,12.5,13.09,12.38,12.68,691300.0
1998-08-19,12.98,13.43,12.65,13.38,849800.0
1998-08-20,13.37,13.6,13.2,13.55,789700.0
1998-08-21,13.55,13.98,13.48,13.94,757300.0
1998-08-24,13.9,14.35,13.71,14.25,1269600.0
1998-08-25,14.0,14.33,13.8,14.33,609400.0
1998-08-26,14.2,14.5,13.91,14.4,800500.0
1998-08-27,14.28,14.28,13.9,14.08,272000.0
1998-08-28,13.97,14.15,13.87,14.0,527100.0
1998-09-01,14.43,14.6,14.0,14.21,1159000.0
1998-09-02,14.18,14.25,14.05,14.17,407700.0
1998-09-03,14.58,14.58,14.3,14.42,710200.0
1998-09-04,14.45,14.55,14.36,14.48,660400.0
1998-09-07,14.48,14.56,14.34,14.45,1435600.0
1998-09-08,14.57,14.72,13.81,13.96,1476900.0
1998-09-09,13.92,14.22,13.89,14.18,1244400.0
1998-09-10,14.18,14.91,14.18,14.57,4135400.0
1998-09-11,14.91,14.91,14.39,14.57,2955900.0
1998-09-14,14.57,14.72,14.39,14.56,2049900.0
1998-09-15,14.56,14.66,14.21,14.6,2047200.0
1998-09-16,14.88,15.64,14.75,15.44,14690700.0
1998-09-17,15.58,16.2,15.07,15.23,7890400.0
1998-09-18,15.21,15.21,14.45,14.6,2788100.0
1998-09-21,14.59,14.94,14.3,14.89,1306800.0
1998-09-22,14.89,14.98,14.53,14.69,1036500.0
1998-09-23,14.68,14.83,14.39,14.51,1024900.0
1998-09-24,14.43,14.45,14.08,14.13,1254200.0
1998-09-25,14.12,14.5,14.01,14.42,590400.0
1998-09-28,14.42,14.72,14.39,14.53,907300.0
1998-09-29,14.54,14.6,14.3,14.39,535100.0
1998-09-30,14.3,14.48,14.24,14.34,684000.0
1998-10-05,14.27,14.31,14.08,14.15,810000.0
1998-10-06,14.18,14.19,13.89,13.9,791700.0
1998-10-07,13.99,14.3,13.99,14.13,452100.0
1998-10-08,14.13,14.43,13.99,14.19,545200.0
1998-10-09,14.19,14.19,13.93,14.02,841700.0
1998-10-12,13.99,14.04,13.66,14.04,2656800.0
1998-10-13,14.07,14.45,14.02,14.05,998000.0
1998-10-14,14.01,14.15,13.77,13.81,945400.0
1998-10-15,13.84,13.98,13.69,13.83,858600.0
1998-10-16,13.83,14.15,13.83,13.84,779800.0
1998-10-19,13.84,14.02,13.7,13.9,693800.0
1998-10-20,13.96,13.96,13.75,13.78,478900.0
1998-10-21,13.78,13.78,13.31,13.31,1262600.0
1998-10-22,13.29,13.46,13.08,13.35,758100.0
1998-10-23,13.39,13.77,13.1,13.77,1070000.0
1998-10-26,13.92,13.92,13.39,13.75,1303900.0
1998-10-27,13.77,14.75,13.69,14.54,6861000.0
1998-10-28,14.45,14.88,14.42,14.65,3798300.0
1998-10-29,14.75,14.75,14.3,14.34,1762300.0
1998-10-30,14.3,14.53,14.16,14.4,1003000.0
1998-11-02,14.28,14.42,13.87,14.33,1036000.0
1998-11-03,14.3,14.75,14.15,14.68,1737000.0
1998-11-04,14.83,15.42,14.45,14.6,2516900.0
1998-11-05,14.6,14.83,14.33,14.62,1572200.0
1998-11-06,14.68,15.7,14.65,15.38,7887500.0
1998-11-09,15.67,16.69,15.67,16.5,10471200.0
1998-11-10,16.49,16.66,16.05,16.53,5389900.0
1998-11-11,16.43,16.88,16.31,16.7,4751000.0
1998-11-12,16.76,17.43,16.7,16.94,5657800.0
1998-11-13,17.04,17.22,16.44,16.69,3469300.0
1998-11-16,16.66,16.91,16.28,16.73,2627100.0
1998-11-17,16.76,16.94,16.43,16.52,1873600.0
1998-11-18,16.5,16.5,16.09,16.14,2017800.0
1998-11-19,16.05,16.23,15.91,15.93,1818000.0
1998-11-20,15.83,16.12,15.8,16.0,1653400.0
1998-11-23,15.94,15.99,15.51,15.64,1587700.0
1998-11-24,15.64,16.58,15.64,16.56,3065500.0
1998-11-25,16.66,16.73,16.14,16.23,1891700.0
1998-11-26,16.11,16.18,15.82,15.96,1170500.0
1998-11-27,15.94,16.28,15.82,16.06,1275200.0
1998-11-30,16.0,16.41,15.82,16.08,1512200.0
1998-12-01,16.14,16.38,15.8,15.8,1234700.0
1998-12-02,15.82,15.97,15.51,15.97,1107000.0
1998-12-03,15.99,16.26,15.74,15.82,592400.0
1998-12-07,15.97,16.23,15.12,15.16,1536100.0
1998-12-08,15.16,15.16,14.75,14.98,1253000.0
1998-12-09,15.03,15.16,14.92,15.1,411500.0
1998-12-10,15.23,15.29,14.85,14.86,728300.0
1998-12-11,14.75,15.13,14.68,15.04,517700.0
1998-12-14,15.06,15.06,14.65,14.72,444000.0
1998-12-15,14.68,14.88,14.42,14.75,802000.0
1998-12-16,14.75,15.03,14.62,14.68,460200.0
1998-12-17,14.6,14.6,14.1,14.16,702900.0
1998-12-18,14.07,14.36,13.95,14.24,583000.0
1998-12-21,14.22,14.45,13.96,14.22,427800.0
1998-12-22,14.22,14.71,14.12,14.6,828100.0
1998-12-23,14.57,14.88,14.3,14.83,1357200.0
1998-12-24,14.86,15.04,14.68,14.94,691600.0
1998-12-25,14.91,15.06,14.85,15.06,817400.0
1998-12-28,15.06,15.13,14.75,14.83,775000.0
1998-12-29,14.68,14.94,14.45,14.48,706600.0
1998-12-30,14.42,15.67,14.42,15.67,1183600.0
1998-12-31,15.21,15.48,14.98,15.44,1375900.0
1999-01-04,15.21,15.23,14.78,14.86,563400.0
1999-01-05,14.63,14.78,14.24,14.57,475000.0
1999-01-06,14.57,14.97,14.53,14.63,378900.0
1999-01-07,14.6,15.0,14.59,14.78,417300.0
1999-01-08,14.98,15.33,14.75,15.26,1256700.0
1999-01-11,15.29,15.74,15.06,15.58,1183900.0
1999-01-12,15.56,15.73,15.33,15.33,1096600.0
1999-01-13,15.2,15.97,15.06,15.74,2237100.0
1999-01-14,15.77,16.24,15.62,15.85,1980100.0
1999-01-15,15.89,15.97,15.33,15.33,1187400.0
1999-01-18,15.29,15.89,15.29,15.83,749400.0
1999-01-19,15.94,16.12,15.74,15.82,994900.0
1999-01-20,15.82,15.94,15.51,15.59,899600.0
1999-01-21,15.59,15.79,15.44,15.71,589200.0
1999-01-22,15.74,15.96,15.51,15.64,827900.0
1999-01-25,15.67,15.7,15.29,15.29,1219600.0
1999-01-26,15.21,15.35,15.03,15.29,746200.0
1999-01-27,15.29,15.44,14.94,15.24,524600.0
1999-01-28,15.97,15.97,15.15,15.36,410000.0
1999-01-29,15.29,15.36,15.01,15.13,567400.0
1999-02-01,15.0,15.04,14.62,14.69,615700.0
1999-02-02,14.6,14.95,14.47,14.91,445300.0
1999-02-03,14.92,15.04,14.6,14.75,375900.0
1999-02-04,14.78,14.83,14.47,14.72,469900.0
1999-02-05,14.56,15.03,14.27,15.03,811400.0
1999-02-08,14.45,14.83,14.42,14.6,395000.0
1999-02-09,14.6,14.75,14.43,14.71,605600.0
1999-03-01,14.6,14.6,14.15,14.19,567800.0
1999-03-02,14.22,14.27,14.08,14.18,437700.0
1999-03-03,14.15,14.6,14.01,14.6,925600.0
1999-03-04,14.6,14.62,14.24,14.42,493400.0
1999-03-05,14.37,14.72,14.33,14.47,346900.0
1999-03-08,14.48,14.6,14.15,14.5,671400.0
1999-03-09,14.6,14.98,14.47,14.75,895100.0
1999-03-10,14.62,14.72,14.37,14.51,549400.0
1999-03-11,14.48,14.88,14.37,14.62,836300.0
1999-03-12,14.65,14.68,14.39,14.6,968700.0
1999-03-15,14.62,14.88,14.31,14.8,1249000.0
1999-03-16,14.75,14.75,14.53,14.63,429900.0
1999-03-17,14.63,14.63,14.42,14.45,736900.0
1999-03-18,14.39,14.66,14.27,14.42,669300.0
1999-03-19,14.37,14.71,14.21,14.71,1107000.0
1999-03-22,14.72,14.72,14.3,14.45,1019600.0
1999-03-23,14.45,14.57,14.21,14.28,1216900.0
1999-03-24,14.3,14.56,14.19,14.42,891900.0
1999-03-25,14.42,14.68,14.15,14.19,531700.0
1999-03-26,14.25,14.39,14.15,14.19,442700.0
1999-03-29,14.22,14.33,14.04,14.07,719000.0
1999-03-30,14.12,14.27,14.07,14.1,422300.0
1999-03-31,14.1,14.1,13.81,13.86,833900.0
1999-04-01,13.86,14.1,13.69,13.89,891700.0
1999-04-02,13.92,14.12,13.75,14.07,1081100.0
1999-04-05,14.07,14.15,13.84,14.13,841100.0
1999-04-06,14.13,14.43,14.07,14.4,992800.0
1999-04-07,14.53,14.53,14.15,14.3,418300.0
1999-04-08,14.3,14.42,13.99,14.04,602900.0
1999-04-09,14.04,14.15,13.92,14.02,641600.0
1999-04-12,13.96,13.96,13.77,13.8,806900.0
1999-04-13,13.81,14.12,13.77,13.86,518200.0
1999-04-14,14.45,14.45,13.84,13.93,378400.0
1999-04-15,13.9,13.93,13.77,13.81,419500.0
1999-04-16,13.81,13.87,13.72,13.84,432900.0
1999-04-19,13.78,13.78,13.69,13.69,432800.0
1999-04-20,14.3,14.3,13.72,13.96,439700.0
1999-04-21,13.99,13.99,13.58,13.6,449800.0
1999-04-22,13.54,13.75,13.16,13.66,748300.0
1999-04-23,13.77,13.77,13.39,13.46,379800.0
1999-04-26,13.39,13.39,13.02,13.02,537200.0
1999-04-27,13.0,13.0,12.7,12.72,461400.0
1999-04-28,12.72,13.69,12.72,13.31,928700.0
1999-04-29,13.31,13.72,13.31,13.63,665100.0
1999-04-30,13.77,14.15,13.42,13.86,1184500.0
1999-05-04,13.84,14.45,13.84,14.36,1837900.0
1999-05-05,14.33,14.91,14.22,14.77,3759400.0
1999-05-06,14.72,14.91,14.63,14.75,2237100.0
1999-05-07,14.8,15.2,14.5,15.04,3847400.0
1999-05-10,14.88,14.91,14.45,14.69,2138900.0
1999-05-11,14.6,14.82,14.56,14.75,721900.0
1999-05-12,14.78,15.36,14.72,15.06,2062000.0
1999-05-13,15.06,15.13,14.85,14.85,615800.0
1999-05-14,14.75,14.78,14.01,14.37,1316800.0
1999-05-17,14.07,14.85,13.92,14.83,1014300.0
1999-05-19,15.06,15.36,14.8,15.29,1586700.0
1999-05-20,15.29,15.5,15.06,15.39,2085200.0
1999-05-21,15.44,15.58,15.23,15.47,2859600.0
1999-05-24,15.48,17.02,15.41,17.02,11957000.0
1999-05-25,17.42,18.56,16.31,16.5,8295200.0
1999-05-26,16.43,16.88,16.28,16.81,3316200.0
1999-05-27,16.88,17.25,16.7,17.16,3237700.0
1999-05-28,17.14,17.45,16.59,17.45,4269300.0
1999-05-31,17.57,18.4,17.42,17.8,6264000.0
1999-06-01,18.25,19.58,17.95,19.58,5544500.0
1999-06-02,19.86,20.23,19.01,19.61,7089900.0
1999-06-03,19.24,19.62,18.53,19.59,2961900.0
1999-06-04,19.47,21.55,19.01,21.55,8833400.0
1999-06-07,21.23,21.55,20.67,21.11,2645600.0
1999-06-08,20.99,21.64,20.88,21.6,2380900.0
1999-06-09,21.58,21.75,20.99,21.67,2111500.0
1999-06-10,21.52,21.83,20.53,21.07,2722900.0
1999-06-11,20.67,21.84,20.53,21.84,6223400.0
1999-06-14,21.75,21.75,21.08,21.37,1718200.0
1999-06-15,21.52,21.75,20.38,20.69,3663700.0
1999-06-16,20.76,22.75,20.73,22.6,9471200.0
1999-06-17,22.66,23.45,21.75,23.35,7629400.0
1999-06-18,23.27,23.73,22.51,23.65,6219500.0
1999-06-21,23.58,23.65,22.89,23.1,1063900.0
1999-06-22,23.12,23.12,22.44,22.79,1156900.0
1999-06-23,22.82,23.73,22.66,23.55,3209800.0
1999-06-24,23.61,24.64,22.82,23.61,3159400.0
1999-06-25,23.65,25.71,23.12,23.65,4678400.0
1999-06-28,23.7,25.25,23.7,25.17,4109600.0
1999-06-29,25.33,27.63,24.25,27.61,4686100.0
1999-06-30,27.32,27.58,25.63,26.77,2773100.0
1999-07-01,25.94,25.94,24.1,24.1,1250500.0
1999-07-02,24.02,25.02,22.72,24.77,1652500.0
1999-07-05,24.56,24.56,23.18,24.18,783200.0
1999-07-06,23.41,23.79,22.26,22.99,648500.0
1999-07-07,22.5,24.34,22.5,23.78,1445800.0
1999-07-08,23.88,24.99,23.73,24.53,2607100.0
1999-07-09,24.99,25.14,24.25,25.14,1652700.0
1999-07-12,24.54,24.94,24.1,24.53,1826300.0
1999-07-13,24.41,24.41,23.3,24.02,624200.0
1999-07-14,24.02,25.02,23.48,25.0,2728000.0
1999-07-15,25.02,25.02,24.33,24.7,827600.0
1999-07-16,24.56,24.84,23.79,24.39,1739100.0
1999-07-19,23.82,24.38,23.48,23.95,1207764.0
1999-07-20,24.02,26.34,23.81,26.34,3879600.0
1999-07-21,26.85,28.98,26.85,28.98,5056400.0
1999-07-22,28.93,30.19,28.37,29.55,6853700.0
1999-07-23,29.95,32.39,29.64,31.77,5619500.0
1999-07-26,32.08,32.88,30.81,32.2,7691500.0
1999-07-27,31.47,32.94,30.39,32.23,7080600.0
1999-07-28,33.74,33.83,32.23,33.08,4216900.0
1999-07-29,33.08,33.08,31.01,31.47,2429300.0
1999-07-30,31.16,31.31,30.39,31.08,1133500.0
1999-08-02,31.01,31.82,30.7,31.27,1437000.0
1999-08-03,31.24,31.44,30.41,31.25,1107000.0
1999-08-04,32.2,32.2,31.31,31.8,1143400.0
1999-08-05,31.93,31.93,31.3,31.59,780100.0
1999-08-06,31.54,31.54,28.55,30.68,1343900.0
1999-08-09,30.55,30.55,29.16,29.3,665500.0
1999-08-10,28.86,29.93,28.64,29.32,506900.0
1999-08-11,29.35,29.47,28.67,29.16,306300.0
1999-08-12,29.16,30.55,28.95,30.07,1084100.0
1999-08-13,30.09,30.61,29.33,29.33,759900.0
1999-08-16,29.33,29.7,28.69,28.93,417200.0
1999-08-17,29.01,30.09,29.01,29.32,536200.0
1999-08-18,29.47,29.73,29.26,29.59,291900.0
1999-08-19,29.62,31.59,29.35,31.01,1725800.0
1999-08-20,30.85,31.47,30.41,31.01,1062000.0
1999-08-23,31.44,31.44,30.39,30.52,502700.0
1999-08-24,30.38,31.05,29.93,30.32,884000.0
1999-08-25,30.32,30.52,29.33,29.7,370700.0
1999-08-26,29.7,29.93,29.01,29.72,739200.0
1999-08-27,29.78,30.55,29.24,30.53,390800.0
1999-08-31,30.53,30.53,29.33,29.39,311500.0
1999-09-01,29.24,29.7,28.41,28.55,299200.0
1999-09-02,28.57,29.16,27.86,28.78,388200.0
1999-09-03,28.78,28.98,27.77,27.78,302600.0
1999-09-06,27.63,28.09,27.03,27.55,163900.0
1999-09-07,27.55,28.24,27.18,27.32,244600.0
1999-09-08,27.74,27.78,27.35,27.58,187600.0
1999-09-09,28.49,29.69,27.94,29.46,1534800.0
1999-09-10,29.9,29.9,27.91,29.1,1354500.0
1999-09-13,28.01,28.86,28.01,28.15,987800.0
1999-09-14,28.17,28.52,27.48,27.63,1002000.0
1999-09-15,27.63,28.09,27.6,28.01,308200.0
1999-09-16,28.01,28.32,27.48,27.55,257400.0
1999-09-17,27.18,27.94,27.17,27.66,406200.0
1999-09-20,27.78,27.78,27.18,27.34,149900.0
1999-09-21,27.11,27.55,27.11,27.55,165100.0
1999-09-22,30.01,30.01,27.52,27.81,500500.0
1999-09-23,27.78,28.04,26.71,27.43,213400.0
1999-09-24,27.48,27.68,26.11,27.14,188800.0
1999-09-27,27.41,27.41,26.06,26.86,2125000.0
1999-09-28,26.4,26.69,25.94,26.17,235700.0
1999-09-29,26.09,26.66,26.09,26.11,168700.0
1999-09-30,26.4,26.4,26.02,26.13,162300.0
1999-10-08,26.09,26.09,25.34,25.83,144800.0
1999-10-11,25.63,25.63,25.02,25.48,197800.0
1999-10-12,25.33,25.73,24.56,25.42,142000.0
1999-10-13,25.6,25.6,24.68,24.71,86300.0
1999-10-14,24.74,26.48,24.71,26.0,1646800.0
1999-10-15,26.09,26.86,25.94,26.37,1925900.0
1999-10-18,26.4,26.68,25.17,25.19,530600.0
1999-10-19,24.99,24.99,24.1,24.48,1711600.0
1999-10-20,24.57,25.13,23.95,24.64,1631700.0
1999-10-21,24.65,24.65,23.41,23.73,650900.0
1999-10-22,23.75,25.82,23.75,25.79,3740800.0
1999-10-25,25.79,26.0,24.39,25.16,2219200.0
1999-10-26,25.33,25.85,24.99,25.56,1201500.0
1999-10-27,26.32,26.77,25.63,26.55,2721100.0
1999-10-28,26.4,26.4,25.34,25.89,807200.0
1999-10-29,25.76,26.09,25.17,25.48,696600.0
1999-11-01,25.17,25.28,23.56,24.54,958800.0
1999-11-02,24.51,24.82,23.81,24.18,571200.0
1999-11-03,24.18,24.56,23.76,23.93,218900.0
1999-11-04,23.93,25.6,23.61,25.6,431400.0
1999-11-05,24.1,25.1,24.1,24.41,664000.0
1999-11-08,24.22,24.41,23.02,24.38,2046200.0
1999-11-09,24.21,24.21,23.33,23.72,421200.0
1999-11-10,23.36,23.56,23.02,23.02,320100.0
1999-11-11,23.1,23.42,23.02,23.15,454900.0
1999-11-12,23.04,23.45,23.02,23.15,231700.0
1999-11-15,23.18,23.18,22.29,22.66,152400.0
1999-11-16,23.02,23.42,22.03,22.04,204700.0
1999-11-17,22.06,23.02,21.77,22.79,486300.0
1999-11-18,22.72,23.39,22.26,23.18,933200.0
1999-11-19,23.25,23.33,22.18,22.64,470200.0
1999-11-22,22.53,22.63,21.87,22.63,307700.0
1999-11-23,22.46,22.84,22.16,22.53,538500.0
1999-11-24,22.52,22.53,21.95,22.18,251700.0
1999-11-25,22.03,22.13,21.95,22.06,91400.0
1999-11-26,22.18,23.22,22.04,22.72,1642200.0
1999-11-29,22.72,22.72,22.43,22.64,2278500.0
1999-11-30,22.7,22.73,22.4,22.44,2207100.0
1999-12-01,22.5,23.04,22.26,22.99,1322100.0
1999-12-02,22.99,22.99,22.26,22.38,250200.0
1999-12-03,22.29,22.63,22.24,22.36,341800.0
1999-12-06,22.26,22.72,22.13,22.36,510500.0
1999-12-07,22.72,22.72,22.21,22.47,222000.0
1999-12-08,22.46,22.64,22.26,22.38,268600.0
1999-12-09,22.38,22.38,21.89,21.9,212600.0
1999-12-10,21.9,22.09,21.34,21.78,476515.0
1999-12-13,21.78,22.2,21.32,21.84,1861900.0
1999-12-14,21.78,21.93,21.18,21.18,1329600.0
1999-12-15,21.46,22.13,21.2,21.84,2090900.0
1999-12-16,21.98,22.56,21.77,21.84,632500.0
1999-12-17,22.18,22.18,21.26,21.31,474900.0
1999-12-21,21.18,21.18,20.34,20.45,570100.0
1999-12-22,20.69,20.69,20.03,20.15,1256200.0
1999-12-23,20.18,20.42,19.62,20.35,1954220.0
1999-12-24,20.35,20.49,19.94,20.34,264400.0
1999-12-27,19.95,20.8,19.95,20.4,242600.0
1999-12-28,20.42,20.78,19.92,20.25,628100.0
1999-12-29,20.11,22.26,19.49,22.26,1402800.0
1999-12-30,21.31,21.81,20.74,21.4,1310800.0
2000-01-04,21.34,21.97,20.65,21.8,1437500.0
2000-01-05,21.64,22.96,21.34,22.44,2393100.0
2000-01-06,22.41,23.76,22.09,23.44,3937900.0
2000-01-07,23.78,25.02,23.41,24.25,5986000.0
2000-01-10,24.91,24.91,23.64,24.71,4130800.0
2000-01-11,24.67,24.67,22.87,23.18,2781700.0
2000-01-12,23.02,23.19,21.97,22.03,1723400.0
2000-01-13,21.95,22.47,21.54,22.33,1468000.0
2000-01-14,22.41,24.33,22.41,24.11,4652400.0
2000-01-17,25.02,26.22,24.38,25.63,7580200.0
2000-01-18,25.63,26.06,24.99,25.6,3820500.0
2000-01-19,25.34,25.85,25.04,25.4,1840000.0
2000-01-20,25.4,26.86,25.4,26.85,3596400.0
2000-01-21,27.17,27.94,26.86,27.25,5026200.0
2000-01-24,27.63,29.98,27.49,29.98,7663400.0
2000-01-25,29.93,32.97,27.78,28.37,2760200.0
2000-01-26,28.34,29.86,28.09,29.13,2633700.0
2000-01-27,29.47,32.05,28.86,32.05,6911500.0
2000-01-28,32.69,35.26,32.69,35.26,7548600.0
2000-02-14,38.79,38.79,37.02,38.79,2090500.0
2000-02-15,42.67,42.67,40.68,42.67,3417300.0
2000-02-16,42.98,45.74,40.98,43.29,5350300.0
2000-02-17,44.51,46.36,38.96,38.96,8207100.0
2000-02-18,36.64,39.91,35.06,39.88,5445900.0
2000-02-21,40.06,40.32,37.61,37.62,3966900.0
2000-02-22,35.99,41.38,35.99,39.14,5520100.0
2000-02-23,38.68,40.37,36.07,39.42,3725700.0
2000-02-24,38.99,43.36,38.87,43.36,4990800.0
2000-02-25,44.51,47.71,43.29,46.36,8032400.0
2000-02-29,50.62,50.99,45.25,45.88,5559700.0
2000-03-01,45.2,45.57,41.29,41.9,4432100.0
2000-03-02,41.75,44.51,41.44,43.29,2488500.0
2000-03-03,43.29,44.51,42.67,43.42,1798200.0
2000-03-06,42.67,42.98,39.08,39.08,2493500.0
2000-03-07,37.88,39.45,36.87,38.37,1255300.0
2000-03-08,38.37,41.21,38.37,40.52,1752600.0
2000-03-09,40.52,44.58,40.37,43.44,2770400.0
2000-03-10,43.59,45.74,42.49,42.52,2961400.0
2000-03-13,42.5,42.93,39.92,42.06,1464200.0
2000-03-14,37.85,40.83,37.85,40.22,2709300.0
2000-03-15,39.91,40.68,39.22,39.6,854700.0
2000-03-16,38.99,39.85,37.3,37.9,878600.0
2000-03-17,37.62,39.91,37.62,39.42,975800.0
2000-03-20,38.37,40.83,38.07,40.68,1337600.0
2000-03-21,40.8,41.14,39.62,40.06,693900.0
2000-03-22,40.06,42.52,39.79,40.98,1235800.0
2000-03-23,40.98,44.51,40.66,43.78,2118200.0
2000-03-24,44.51,44.82,41.44,41.75,1194000.0
2000-03-27,41.29,42.5,41.15,41.75,799800.0
2000-03-28,42.21,42.52,40.69,41.29,956300.0
2000-03-29,41.29,43.13,41.28,42.06,629100.0
2000-03-30,42.21,42.81,41.21,41.9,393200.0
2000-03-31,41.9,42.06,40.38,40.83,961900.0
2000-04-03,40.52,40.52,39.3,39.68,789900.0
2000-04-04,38.85,40.19,38.53,38.99,777500.0
2000-04-05,38.99,40.83,38.83,39.14,458300.0
2000-04-06,38.99,39.6,38.99,39.53,404400.0
2000-04-07,39.53,39.91,39.3,39.3,287000.0
2000-04-10,39.3,39.91,38.37,38.96,476000.0
2000-04-11,38.83,39.89,38.37,39.6,1012600.0
2000-04-13,39.6,39.89,38.37,38.91,974100.0
2000-04-14,38.91,38.91,37.12,37.85,1801400.0
2000-04-17,36.76,37.15,34.84,35.0,1223700.0
2000-04-18,34.54,35.93,33.0,35.3,683900.0
2000-04-19,35.76,35.83,35.0,35.24,529000.0
2000-04-20,35.47,36.07,34.95,35.14,518800.0
2000-04-21,34.61,36.29,34.61,36.04,1070100.0
2000-04-24,35.92,36.3,34.94,35.15,325600.0
2000-04-25,35.15,35.58,34.97,35.58,258900.0
2000-04-26,35.58,36.04,35.32,35.61,314600.0
2000-04-27,35.3,37.73,35.3,36.84,2286900.0
2000-04-28,36.82,37.91,36.23,37.82,1029000.0
2000-05-08,38.3,38.3,36.96,37.3,396400.0
2000-05-09,37.21,37.3,35.69,35.84,312300.0
2000-05-10,35.3,35.58,34.26,34.77,318000.0
2000-05-11,34.37,35.3,34.08,35.29,223700.0
2000-05-12,35.0,35.46,34.69,35.32,217600.0
2000-05-15,35.3,35.84,34.54,35.84,172200.0
2000-05-16,35.3,36.64,35.15,36.64,374400.0
2000-05-17,36.19,37.04,36.19,36.82,524900.0
2000-05-18,36.84,37.44,36.09,37.28,593600.0
2000-05-19,38.93,38.93,36.89,37.53,499000.0
2000-05-22,37.96,38.53,36.65,37.62,708100.0
2000-05-23,38.14,38.37,37.01,37.3,271000.0
2000-05-24,37.53,38.65,36.84,37.98,1054400.0
2000-05-25,38.36,38.53,37.68,37.94,684300.0
2000-05-26,37.94,38.19,36.69,36.84,881900.0
2000-05-29,36.99,37.22,36.21,36.53,814600.0
2000-05-30,36.84,37.87,36.53,36.76,727400.0
2000-05-31,36.96,37.59,36.53,37.58,1048100.0
2000-06-01,37.73,37.84,36.53,36.92,1003900.0
2000-06-02,37.3,37.3,35.89,35.92,2261300.0
2000-06-05,35.99,36.23,35.18,36.04,1354900.0
2000-06-06,36.35,36.81,35.55,36.47,1230800.0
2000-06-07,37.95,38.73,37.13,37.57,1547700.0
2000-06-08,37.92,37.92,37.2,37.57,681400.0
2000-06-09,37.48,37.98,36.96,36.96,416100.0
2000-06-12,36.61,36.8,36.35,36.64,286200.0
2000-06-13,36.61,36.96,36.43,36.64,541200.0
2000-06-14,36.69,37.18,36.61,36.75,574000.0
2000-06-15,36.78,37.79,36.75,37.44,1023800.0
2000-06-16,37.48,37.57,36.56,36.61,706200.0
2000-06-19,36.61,36.94,34.86,35.37,837900.0
2000-06-20,35.39,35.74,34.66,35.04,993300.0
2000-06-21,35.21,37.62,35.04,36.75,1024300.0
2000-06-22,36.9,37.44,36.57,36.78,529400.0
2000-06-23,37.27,37.31,36.56,37.04,565800.0
2000-06-26,37.04,38.49,37.04,38.26,1302100.0
2000-06-27,38.35,39.31,38.09,38.87,1542800.0
2000-06-28,38.87,39.12,38.18,38.7,909500.0
2000-06-29,38.61,38.7,37.29,37.5,669300.0
2000-06-30,37.48,38.51,37.29,38.0,1518600.0
2000-07-03,37.65,38.33,36.26,37.06,488200.0
2000-07-04,36.61,37.31,36.28,36.52,506000.0
2000-07-05,37.44,37.48,36.52,37.11,374600.0
2000-07-06,37.04,37.04,36.35,36.49,224300.0
2000-07-07,36.61,36.96,36.4,36.61,271600.0
2000-07-10,36.66,36.66,36.08,36.26,550600.0
2000-07-11,36.43,37.48,36.15,37.48,693100.0
2000-07-12,37.79,37.81,37.04,37.22,374200.0
2000-07-13,37.27,38.32,36.56,38.07,964500.0
2000-07-14,38.35,39.19,38.07,38.26,1749700.0
2000-07-17,38.32,38.32,37.44,37.67,275200.0
2000-07-18,37.62,38.18,37.32,37.88,180400.0
2000-07-19,37.55,37.92,37.11,37.31,1015500.0
2000-07-20,37.65,37.69,36.96,37.08,456500.0
2000-07-21,37.18,37.22,36.52,36.64,567100.0
2000-07-24,36.61,36.64,36.22,36.33,685300.0
2000-07-25,36.26,37.22,36.08,36.75,851700.0
2000-07-26,36.78,37.31,36.75,37.04,311800.0
2000-07-27,37.04,37.65,36.78,37.48,1119900.0
2000-07-28,37.48,37.98,37.31,37.48,383200.0
2000-07-31,37.48,37.83,36.61,37.24,461200.0
2000-08-01,37.27,37.65,36.96,37.29,422700.0
2000-08-02,37.27,37.76,37.27,37.37,518800.0
2000-08-03,37.48,39.22,37.48,39.12,1848800.0
2000-08-04,39.12,40.22,38.7,39.54,2026400.0
2000-08-07,39.71,39.92,38.87,39.12,998600.0
2000-08-08,39.22,40.13,39.22,40.06,1839700.0
2000-08-09,40.18,40.46,39.92,40.06,1151000.0
2000-08-10,40.36,40.44,39.05,39.33,962300.0
2000-08-11,39.22,41.49,38.96,40.48,2043700.0
2000-08-14,40.79,41.7,40.09,40.69,1381700.0
2000-08-15,40.7,40.79,40.2,40.58,434100.0
2000-08-16,40.08,40.58,39.03,39.21,1063100.0
2000-08-17,39.21,39.57,38.44,38.58,1673500.0
2000-08-18,38.6,39.17,38.18,38.98,937300.0
2000-08-21,39.01,39.14,37.83,38.0,914000.0
2000-08-22,38.0,38.44,36.75,36.96,1034700.0
2000-08-23,36.9,37.46,35.6,36.43,1340300.0
2000-08-24,36.47,37.18,36.1,36.61,1049900.0
2000-08-25,36.61,37.13,36.17,36.59,815500.0
2000-08-28,36.52,37.11,35.74,36.35,806700.0
2000-08-29,36.43,36.52,35.91,36.29,806900.0
2000-08-30,36.43,36.43,35.88,35.89,569900.0
2000-08-31,35.82,35.88,34.6,34.69,1433300.0
2000-09-01,34.73,35.47,33.64,33.75,1562300.0
2000-09-04,33.68,34.13,32.7,33.12,778600.0
2000-09-05,33.47,33.64,32.53,32.62,515300.0
2000-09-06,32.6,32.95,31.47,31.73,539036.0
2000-09-07,31.73,32.25,31.38,31.69,518400.0
2000-09-08,32.08,32.77,31.87,32.74,540700.0
2000-09-11,32.77,33.09,32.51,32.95,316800.0
2000-09-12,32.96,33.03,32.08,32.08,938700.0
2000-09-13,32.25,32.77,32.21,32.53,238900.0
2000-09-14,32.6,33.3,32.6,33.05,716900.0
2000-09-15,33.23,33.73,32.91,33.03,402100.0
2000-09-18,33.03,33.12,31.99,31.99,194500.0
2000-09-19,31.99,31.99,30.47,31.73,814500.0
2000-09-20,31.29,32.16,30.94,31.03,655100.0
2000-09-21,31.36,31.73,31.03,31.38,273600.0
2000-09-22,31.38,31.47,30.99,31.38,245100.0
2000-09-25,31.38,32.23,31.05,32.06,624100.0
2000-09-26,32.42,32.46,31.73,32.21,358800.0
2000-09-27,33.82,33.82,32.25,32.77,556700.0
2000-09-28,32.77,33.03,32.09,32.82,422500.0
2000-09-29,32.77,33.45,32.55,32.95,991100.0
2000-10-09,32.95,33.21,31.38,33.21,656300.0
2000-10-10,33.96,33.96,32.6,33.28,573700.0
2000-10-11,33.1,33.12,32.53,32.95,556200.0
2000-10-12,32.77,32.93,32.02,32.21,340800.0
2000-10-13,31.87,32.42,31.76,31.8,507200.0
2000-10-16,31.47,31.67,30.94,31.03,488300.0
2000-10-17,31.03,31.38,30.77,30.84,237100.0
2000-10-18,30.84,31.55,30.68,31.55,647900.0
2000-10-19,32.08,32.08,31.15,31.64,425500.0
2000-10-20,31.69,33.99,31.2,33.12,1274100.0
2000-10-23,33.44,33.47,32.48,32.76,507000.0
2000-10-24,32.58,32.58,32.16,32.32,310200.0
2000-10-25,32.3,32.55,31.99,32.01,586900.0
2000-10-26,31.9,32.51,31.9,32.01,316500.0
2000-10-27,32.08,32.23,31.69,31.73,450100.0
2000-10-30,31.54,31.88,31.27,31.55,366300.0
2000-10-31,31.57,32.39,31.47,32.25,735800.0
2000-11-01,32.25,32.93,32.25,32.74,611300.0
2000-11-02,32.6,33.26,32.51,33.02,1120200.0
2000-11-03,33.02,33.02,32.77,32.81,270600.0
2000-11-06,32.77,33.02,32.28,32.62,548300.0
2000-11-07,32.95,33.12,32.49,32.81,409400.0
2000-11-08,32.96,33.09,32.63,32.86,262400.0
2000-11-09,32.77,33.61,32.65,33.59,879700.0
2000-11-10,33.82,34.6,33.59,33.96,1373900.0
2000-11-13,33.99,34.69,33.44,34.34,1180200.0
2000-11-14,34.34,36.08,33.64,36.02,1693500.0
2000-11-15,36.02,36.96,35.88,35.95,2058600.0
2000-11-16,35.74,36.35,35.42,36.19,985500.0
2000-11-17,36.08,36.19,35.4,35.4,569800.0
2000-11-20,35.06,35.47,33.99,35.39,1223583.0
2000-11-21,35.39,35.63,34.86,35.18,844020.0
2000-11-22,34.86,35.09,34.01,34.86,623439.0
2000-11-23,35.53,35.65,34.52,34.95,495955.0
2000-11-24,34.86,35.0,33.82,33.87,919392.0
2000-11-27,33.12,33.82,32.95,33.3,497235.0
2000-11-28,33.26,34.15,33.12,33.47,897705.0
2000-11-29,33.82,33.91,32.91,33.38,631350.0
2000-11-30,33.37,33.64,32.95,33.03,398100.0
2000-12-01,32.95,33.16,32.86,33.09,522546.0
2000-12-04,33.1,33.3,32.39,32.58,554140.0
2000-12-05,32.53,33.47,32.25,33.47,1159046.0
2000-12-06,33.35,34.08,33.35,33.59,1345000.0
2000-12-07,33.5,33.82,32.69,33.12,523140.0
2000-12-08,33.16,33.99,32.79,33.99,1129250.0
2000-12-11,33.99,34.95,33.26,34.9,2166525.0
2000-12-12,34.9,35.28,34.52,34.76,674930.0
2000-12-13,34.86,35.21,34.78,35.02,708892.0
2000-12-14,35.04,35.56,34.74,34.86,963380.0
2000-12-15,34.86,35.21,34.13,34.85,911868.0
2000-12-18,34.36,35.65,34.36,35.11,632124.0
2000-12-19,35.35,35.39,34.45,34.85,359130.0
2000-12-20,34.69,35.72,34.69,35.63,1171448.0
2000-12-21,35.65,36.0,35.56,36.0,1141780.0
2000-12-22,36.08,36.94,36.0,36.92,2204645.0
2000-12-26,36.96,37.83,36.26,37.79,2569739.0
2000-12-27,37.79,37.97,36.28,36.61,4341035.0
2000-12-28,36.4,37.62,35.56,36.8,1903719.0
2000-12-29,37.1,38.44,36.87,38.18,3711833.0
2001-01-02,38.18,38.35,37.39,38.18,721445.0
2001-01-03,38.18,38.18,37.48,37.58,504780.0
2001-01-04,37.58,37.65,36.26,36.4,674760.0
2001-01-05,36.28,36.96,36.0,36.43,469596.0
2001-01-08,36.76,36.76,35.21,35.4,1272580.0
2001-01-09,35.42,35.91,34.52,34.69,1420988.0
2001-01-10,34.69,35.39,34.67,35.21,992871.0
2001-01-11,35.25,35.39,34.99,35.21,487142.0
2001-01-12,35.21,35.39,34.69,34.74,564312.0
2001-01-15,34.69,34.69,32.95,33.14,637650.0
2001-01-16,32.86,33.47,32.42,33.12,679638.0
2001-01-17,33.12,33.28,32.39,32.95,854037.0
2001-01-18,32.95,33.12,32.34,32.42,1139520.0
2001-01-19,32.63,32.95,32.42,32.56,961220.0
2001-02-05,32.91,33.3,31.73,32.56,626820.0
2001-02-06,32.42,32.42,31.08,31.55,526300.0
2001-02-07,31.59,31.59,30.94,31.24,513600.0
2001-02-08,31.05,31.38,29.77,30.4,466946.0
2001-02-09,30.16,31.13,29.37,29.81,1504319.0
2001-02-12,30.07,30.07,28.68,29.29,1637220.0
2001-02-13,29.46,31.34,29.11,31.24,6199039.0
2001-02-14,30.52,31.31,30.42,31.2,3655812.0
2001-02-15,31.03,31.03,29.74,30.31,1783572.0
2001-02-16,29.98,30.12,29.08,29.62,940983.0
2001-02-19,29.65,29.98,29.43,29.6,1019290.0
2001-02-20,29.95,30.02,29.25,29.29,904500.0
2001-02-21,29.11,29.11,28.38,28.38,668200.0
2001-02-22,28.21,28.89,28.07,28.4,431879.0
2001-02-23,28.36,29.41,28.07,29.3,531069.0
2001-02-26,29.25,29.25,28.45,29.25,829820.0
2001-02-27,29.29,29.44,28.94,29.29,427850.0
2001-02-28,29.25,29.29,28.94,29.22,208000.0
2001-03-01,29.27,29.58,29.11,29.32,825550.0
2001-03-02,29.55,29.6,29.23,29.53,812360.0
2001-03-05,29.72,29.81,29.29,29.76,473050.0
2001-03-06,30.12,30.58,29.77,29.81,854140.0
2001-03-07,30.25,30.25,29.55,29.7,933090.0
2001-03-08,29.72,30.79,29.63,30.77,1451746.0
2001-03-09,30.82,31.55,30.42,31.15,2464111.0
2001-03-12,31.2,32.74,31.2,31.81,2546109.0
2001-03-13,32.08,32.08,30.86,31.12,1040911.0
2001-03-14,31.13,31.47,30.94,31.41,627783.0
2001-03-15,31.55,31.9,31.13,31.2,527050.0
2001-03-16,31.2,31.2,30.77,30.99,460679.0
2001-03-19,30.92,31.03,30.37,30.84,638680.0
2001-03-20,30.84,31.19,30.54,30.65,635650.0
2001-03-21,30.73,31.29,30.58,30.87,683388.0
2001-03-22,30.92,31.99,30.92,31.73,1188072.0
2001-03-23,31.73,32.04,30.96,31.06,665720.0
2001-03-26,31.06,31.74,31.06,31.74,1003042.0
2001-03-27,31.9,32.56,31.52,32.21,926889.0
2001-03-28,32.39,32.69,32.16,32.48,819750.0
2001-03-29,32.51,32.69,31.38,32.08,748620.0
2001-03-30,32.04,32.32,31.99,32.25,567619.0
2001-04-02,32.23,32.6,31.99,32.41,468979.0
2001-04-03,32.42,32.6,31.9,31.95,719900.0
2001-04-04,31.94,32.25,31.38,31.48,704240.0
2001-04-05,31.47,31.55,31.13,31.55,347571.0
2001-04-06,31.55,31.99,31.38,31.52,233680.0
2001-04-09,31.47,31.47,30.94,31.05,510535.0
2001-04-10,31.12,31.64,31.12,31.34,368550.0
2001-04-11,31.45,31.6,31.13,31.26,415223.0
2001-04-12,31.2,32.08,31.13,31.55,967885.0
2001-04-13,31.74,31.99,31.26,31.43,718939.0
2001-04-16,31.55,32.13,31.52,31.99,1471690.0
2001-04-17,32.09,33.3,32.09,33.09,2402335.0
2001-04-18,33.3,33.38,32.34,32.42,941813.0
2001-04-19,32.27,32.6,31.38,32.15,1276180.0
2001-04-20,32.25,32.49,31.41,31.52,1197794.0
2001-04-23,31.4,31.52,30.66,30.75,1351989.0
2001-04-24,30.77,31.2,30.51,30.68,1176163.0
2001-04-26,30.3,30.54,30.12,30.21,406592.0
2001-04-27,30.21,30.59,30.21,30.52,404691.0
2001-04-30,30.59,30.68,29.63,30.16,477405.0
2001-05-08,30.33,30.7,30.11,30.7,494163.0
2001-05-09,30.72,30.72,30.19,30.59,313550.0
2001-05-10,30.58,30.72,29.98,30.68,476429.0
2001-05-11,30.68,30.68,30.18,30.65,382554.0
2001-05-14,30.65,30.65,30.23,30.42,478610.0
2001-05-15,30.51,31.34,30.42,31.03,813412.0
2001-05-16,31.03,31.12,30.47,30.86,775778.0
2001-05-17,30.86,31.31,30.68,30.79,596778.0
2001-05-18,30.86,31.03,30.25,30.4,759756.0
2001-05-21,30.47,30.47,29.84,30.37,1221840.0
2001-05-22,30.38,30.59,30.19,30.25,533598.0
2001-05-23,30.33,30.33,29.65,29.77,675403.0
2001-05-24,29.77,30.16,29.65,29.7,614332.0
2001-05-25,29.77,29.81,29.08,29.23,1121737.0
2001-05-28,29.23,29.23,28.55,28.59,889984.0
2001-05-29,28.59,29.6,28.55,29.41,1020092.0
2001-05-30,29.44,29.72,28.85,29.63,1675657.0
2001-05-31,29.98,29.98,28.94,29.09,980345.0
2001-06-01,29.11,29.37,28.73,29.11,1518882.0
2001-06-04,29.2,30.3,29.11,29.62,2050455.0
2001-06-05,30.02,30.09,29.62,29.98,1729875.0
2001-06-06,29.98,29.98,29.55,29.81,868711.0
2001-06-07,29.81,30.28,29.65,30.12,1631458.0
2001-06-08,30.3,31.01,30.25,30.91,3611457.0
2001-06-11,31.12,31.15,30.3,30.33,1579093.0
2001-06-12,30.3,30.56,30.12,30.42,1113045.0
2001-06-13,30.44,30.51,30.24,30.4,661380.0
2001-06-14,30.4,30.42,29.65,29.79,1076471.0
2001-06-15,29.72,30.68,29.56,30.31,1377900.0
2001-06-18,30.31,30.54,29.89,30.1,630090.0
2001-06-19,30.03,32.32,29.8,31.07,4981023.0
2001-06-20,31.07,31.79,31.05,31.35,4575315.0
2001-06-21,31.49,32.04,31.21,31.65,2343130.0
2001-06-22,31.69,32.35,31.56,32.09,2943847.0
2001-06-25,32.32,32.88,31.48,32.28,4031520.0
2001-06-26,32.35,32.71,31.65,31.83,2366068.0
2001-06-27,31.88,32.07,31.44,31.6,1123998.0
2001-06-28,31.6,31.9,31.48,31.56,939650.0
2001-06-29,31.56,32.44,31.56,32.16,1364179.0
2001-07-02,32.28,33.06,32.28,32.51,2516145.0
2001-07-03,32.51,32.85,32.02,32.71,1209669.0
2001-07-04,32.71,32.88,32.35,32.42,910596.0
2001-07-05,32.6,33.02,32.35,32.53,1964123.0
2001-07-06,32.58,32.71,31.65,31.7,1300911.0
2001-07-09,31.65,32.6,31.51,32.32,1166861.0
2001-07-10,32.53,32.58,31.99,32.21,811078.0
2001-07-11,32.34,32.49,31.74,32.0,1026600.0
2001-07-12,31.83,32.49,31.74,32.42,1236850.0
2001-07-13,32.53,32.79,32.0,32.27,1600379.0
2001-07-16,33.64,34.02,32.27,32.55,4590335.0
2001-07-17,32.53,32.64,31.65,31.91,1611712.0
2001-07-18,31.91,32.53,31.76,32.16,780491.0
2001-07-19,31.91,32.41,31.62,31.77,785312.0
2001-07-20,31.91,32.27,31.67,32.07,726635.0
2001-07-23,32.07,32.35,31.79,32.0,499029.0
2001-07-24,32.0,32.34,30.6,30.74,2140970.0
2001-07-25,30.6,30.74,29.72,30.16,1186071.0
2001-07-26,30.14,30.3,29.54,29.91,947050.0
2001-07-27,29.88,30.58,29.4,29.77,640092.0
2001-07-30,29.72,29.72,28.08,28.13,889200.0
2001-07-31,28.05,28.75,26.39,26.89,954431.0
2001-08-01,26.9,28.08,26.73,28.03,1029397.0
2001-08-02,28.06,28.1,26.73,27.26,595280.0
2001-08-03,27.33,27.34,26.82,26.87,565820.0
2001-08-06,26.82,26.82,24.79,25.06,1158840.0
2001-08-07,25.06,25.46,23.54,24.62,1454392.0
2001-08-08,24.79,25.09,23.74,24.28,823449.0
2001-08-09,24.53,25.13,24.28,24.97,745778.0
2001-08-10,25.14,26.11,25.11,25.74,1222720.0
2001-08-13,26.02,26.11,25.6,25.9,702136.0
2001-08-14,25.92,26.16,25.22,25.5,589285.0
2001-08-15,25.5,25.51,24.79,25.23,448160.0
2001-08-16,24.53,24.99,23.97,24.62,1247199.0
2001-08-17,24.62,24.97,24.23,24.79,414299.0
2001-08-20,24.79,24.79,24.28,24.72,444603.0
2001-08-21,24.76,25.06,24.72,24.83,381790.0
2001-08-22,24.81,24.81,23.77,24.05,899390.0
2001-08-23,23.91,23.95,23.42,23.9,567767.0
2001-08-24,23.88,24.18,23.44,23.47,600660.0
2001-08-27,23.74,23.74,22.68,22.75,823540.0
2001-08-28,22.6,22.89,22.16,22.89,637231.0
2001-08-29,22.91,24.05,22.7,23.02,875509.0
2001-08-30,23.02,23.03,22.42,22.67,578081.0
2001-08-31,22.67,22.95,22.51,22.86,243320.0
2001-09-03,22.68,23.12,22.56,23.03,201177.0
2001-09-04,23.14,24.18,23.05,24.13,1327058.0
2001-09-05,24.27,24.79,24.05,24.27,1257241.0
2001-09-06,24.18,24.53,23.9,24.21,342100.0
2001-09-07,24.09,24.18,23.03,23.07,636440.0
2001-09-10,22.84,24.44,22.51,24.35,748712.0
2001-09-11,24.37,25.67,24.18,24.95,4041652.0
2001-09-12,23.91,24.93,23.74,24.79,1675000.0
2001-09-13,24.85,25.2,24.44,24.46,789055.0
2001-09-14,24.42,24.58,23.74,23.76,742617.0
2001-09-18,25.14,25.5,24.35,24.79,1779890.0
2001-09-19,24.97,25.13,24.39,25.06,978078.0
2001-09-20,25.14,25.58,24.76,25.14,1796807.0
2001-09-21,24.97,25.14,24.46,24.69,587830.0
2001-09-24,24.79,24.88,24.41,24.44,509350.0
2001-09-25,24.64,24.88,24.09,24.16,464400.0
2001-09-26,24.09,24.25,23.3,23.35,727473.0
2001-09-27,23.21,23.81,22.88,23.46,465026.0
2001-09-28,23.56,23.7,23.03,23.44,267700.0
2001-10-08,23.47,23.74,22.95,23.0,265951.0
2001-10-09,23.0,23.47,22.89,23.21,243580.0
2001-10-10,23.21,23.21,22.07,22.16,967152.0
2001-10-11,22.16,22.51,20.89,20.92,941310.0
2001-10-12,20.92,21.98,20.41,21.68,785151.0
2001-10-15,21.79,22.28,21.45,21.82,527449.0
2001-10-16,21.72,21.98,21.28,21.31,276860.0
2001-10-17,21.31,21.4,20.57,20.68,544589.0
2001-10-18,20.59,20.92,20.26,20.31,415200.0
2001-10-19,20.31,20.45,19.34,19.66,658600.0
2001-10-22,19.52,20.01,19.36,19.36,481300.0
2001-10-23,21.29,21.29,21.29,21.29,906720.0
2001-10-24,22.91,23.21,21.77,22.47,4194397.0
2001-10-25,22.07,22.82,21.65,22.14,930868.0
2001-10-26,21.89,22.28,21.63,21.82,494950.0
2001-10-29,21.84,22.16,21.82,22.02,402680.0
2001-10-30,22.16,22.16,21.65,21.72,228330.0
2001-10-31,21.66,21.66,21.15,21.45,377120.0
2001-11-01,21.63,22.12,21.45,21.8,574660.0
2001-11-02,21.73,21.96,21.35,21.45,341468.0
2001-11-05,21.1,21.36,21.01,21.07,414407.0
2001-11-06,20.98,21.08,20.57,20.7,465120.0
2001-11-07,20.7,20.84,19.52,19.66,622950.0
2001-11-08,19.34,19.82,18.97,19.78,675676.0
2001-11-09,19.69,21.31,19.34,20.57,743712.0
2001-11-12,20.61,20.82,19.98,20.19,225400.0
2001-11-13,19.85,20.08,19.48,19.85,172839.0
2001-11-14,19.83,20.19,19.83,20.08,123450.0
2001-11-15,20.13,20.15,19.83,19.87,172370.0
2001-11-16,21.42,21.45,20.22,20.49,1259950.0
2001-11-20,20.92,22.54,20.92,22.54,3152114.0
2001-11-21,22.65,22.84,22.31,22.81,2772326.0
2001-11-22,22.79,22.79,22.38,22.67,1038147.0
2001-11-23,22.65,23.32,22.33,23.09,2110548.0
2001-11-26,23.05,23.18,22.6,22.95,744781.0
2001-11-27,22.95,23.12,22.68,23.0,771846.0
2001-11-28,23.12,23.33,22.95,23.18,1306800.0
2001-11-29,23.26,23.3,22.82,22.86,891500.0
2001-11-30,22.82,23.12,22.77,23.12,669705.0
2001-12-04,23.21,23.63,22.96,23.4,1350133.0
2001-12-05,23.4,23.56,22.79,22.84,1045372.0
2001-12-06,22.84,23.0,22.51,22.81,721356.0
2001-12-07,22.86,22.95,22.7,22.81,489228.0
2001-12-10,22.68,23.3,22.51,23.16,374389.0
2001-12-11,22.98,23.18,22.58,22.6,495400.0
2001-12-12,22.6,22.6,22.07,22.1,420760.0
2001-12-13,22.12,22.77,21.86,21.91,440100.0
2001-12-14,21.8,22.07,21.51,21.58,420023.0
2001-12-18,21.65,22.1,21.42,21.89,514488.0
2001-12-19,21.91,21.93,21.56,21.72,384623.0
2001-12-20,21.72,21.72,20.89,20.94,648097.0
2001-12-21,20.84,21.07,20.68,21.05,419826.0
2001-12-25,20.22,20.68,20.13,20.61,391475.0
2001-12-26,20.52,20.92,20.26,20.87,207682.0
2001-12-27,20.92,21.66,20.71,21.15,440200.0
2001-12-28,21.12,21.43,20.91,21.21,182184.0
2001-12-31,21.26,21.61,21.1,21.14,211460.0
2002-01-04,21.1,21.1,20.54,20.57,324094.0
2002-01-07,20.47,20.54,20.19,20.31,227600.0
2002-01-08,20.31,20.66,20.22,20.24,139300.0
2002-01-09,20.24,20.43,19.89,20.03,190030.0
2002-01-10,19.92,19.92,18.96,19.64,1306655.0
2002-01-11,19.64,19.87,19.18,19.25,598228.0
2002-01-14,18.9,19.1,18.45,18.92,681776.0
2002-01-15,18.73,19.34,18.55,19.17,769030.0
2002-01-16,19.2,20.19,19.01,19.99,765686.0
2002-01-17,19.89,20.1,19.03,19.15,653570.0
2002-01-18,18.85,20.01,18.78,19.75,957434.0
2002-01-21,19.54,19.85,19.17,19.29,698740.0
2002-01-22,19.18,20.17,19.18,19.71,769473.0
2002-01-23,19.75,21.14,19.66,21.12,1599399.0
2002-01-24,20.92,21.4,20.26,20.85,1614110.0
2002-01-25,20.85,21.21,20.66,20.85,658915.0
2002-01-28,20.54,20.92,19.34,19.47,1465572.0
2002-01-29,19.18,20.17,19.08,19.87,493060.0
2002-01-30,19.87,20.1,19.75,19.98,321000.0
2002-01-31,20.22,21.98,20.22,21.82,3260528.0
2002-02-01,21.8,22.26,21.49,21.82,1862989.0
2002-02-04,21.63,22.33,21.56,22.02,855996.0
2002-02-05,22.0,22.12,21.51,21.89,653870.0
2002-02-06,21.87,21.96,21.1,21.26,681826.0
2002-02-07,21.24,22.07,21.24,21.75,711416.0
2002-02-08,21.86,22.19,21.63,22.14,969166.0
2002-02-25,22.86,23.09,22.35,22.93,2054170.0
2002-02-26,22.86,23.05,22.24,22.93,602120.0
2002-02-27,22.93,22.95,22.6,22.81,712123.0
2002-02-28,22.86,22.86,22.31,22.37,584900.0
2002-03-01,22.33,22.81,22.17,22.38,598361.0
2002-03-04,22.3,22.68,22.16,22.61,232438.0
2002-03-05,22.68,23.65,22.6,23.32,1677811.0
2002-03-06,23.39,23.77,23.07,23.23,1535179.0
2002-03-07,23.05,24.79,23.05,24.53,2142242.0
2002-03-08,24.48,24.99,24.02,24.16,2311159.0
2002-03-11,24.23,24.53,23.81,24.35,1985874.0
2002-03-12,23.74,23.98,23.35,23.72,1943550.0
2002-03-13,23.53,23.65,22.81,22.82,1549822.0
2002-03-14,22.75,23.54,22.65,23.47,858001.0
2002-03-15,23.44,23.7,22.6,22.63,1036120.0
2002-03-18,22.86,23.21,22.61,22.81,972340.0
2002-03-19,22.79,23.47,22.79,23.44,815035.0
2002-03-20,23.49,23.93,23.39,23.72,1137674.0
2002-03-21,23.91,23.91,23.54,23.76,903083.0
2002-03-22,23.74,23.83,22.96,23.03,520549.0
2002-03-25,23.03,23.19,22.84,23.19,389965.0
2002-03-26,23.19,23.19,22.65,22.68,669428.0
2002-03-27,22.51,22.95,22.51,22.84,422380.0
2002-03-28,22.86,23.83,22.86,23.21,738010.0
2002-03-29,23.12,23.25,22.6,22.72,560024.0
2002-04-01,22.68,23.02,22.6,22.7,301850.0
2002-04-02,22.72,22.86,22.24,22.31,412370.0
2002-04-03,22.24,22.65,22.24,22.37,190550.0
2002-04-04,22.68,23.16,22.23,23.0,355935.0
2002-04-05,23.35,23.63,22.95,23.09,635260.0
2002-04-08,23.09,23.39,23.09,23.14,213000.0
2002-04-09,23.16,23.69,23.03,23.63,673722.0
2002-04-10,23.74,23.88,23.54,23.74,858788.0
2002-04-11,23.74,23.91,23.25,23.26,586480.0
2002-04-12,23.18,23.49,23.05,23.16,491868.0
2002-04-16,22.72,23.21,22.72,22.91,369516.0
2002-04-17,22.95,23.09,22.54,22.86,306454.0
2002-04-18,22.86,22.89,22.51,22.68,380675.0
2002-04-19,22.68,22.86,22.33,22.86,431650.0
2002-04-22,23.21,23.35,22.77,22.86,250880.0
2002-04-23,23.09,23.09,22.54,22.6,218600.0
2002-04-24,22.58,22.65,22.45,22.49,165850.0
2002-04-25,22.49,23.3,22.37,22.86,842140.0
2002-04-26,24.44,24.44,22.74,23.05,589389.0
2002-04-29,23.07,23.28,22.91,23.21,497121.0
2002-04-30,23.21,23.3,23.11,23.19,429281.0
2002-05-08,23.18,23.18,22.72,22.77,228190.0
2002-05-09,22.68,22.77,22.61,22.74,266920.0
2002-05-10,22.72,22.72,22.42,22.49,335329.0
2002-05-13,22.51,22.51,22.07,22.1,414794.0
2002-05-14,21.98,22.28,21.63,21.89,401980.0
2002-05-15,21.75,21.98,20.96,21.05,1120586.0
2002-05-16,20.89,21.03,20.5,20.54,483395.0
2002-05-17,20.56,21.1,20.47,20.87,468375.0
2002-05-20,20.87,20.94,20.41,20.73,276360.0
2002-05-21,21.28,21.61,20.92,21.08,1281374.0
2002-05-22,21.1,21.21,20.75,20.77,223660.0
2002-05-23,20.75,21.22,20.68,20.92,463655.0
2002-05-24,21.28,21.28,20.4,20.75,259889.0
2002-05-27,20.87,20.94,20.2,20.45,402350.0
2002-05-28,20.49,20.92,20.38,20.8,292120.0
2002-05-29,20.75,20.75,20.22,20.27,213370.0
2002-05-30,20.36,20.49,20.03,20.29,329759.0
2002-05-31,20.27,20.96,20.27,20.52,1018095.0
2002-06-03,20.26,20.33,19.98,20.05,279631.0
2002-06-04,20.05,20.31,19.98,20.06,270520.0
2002-06-05,20.08,20.08,19.52,19.55,231219.0
2002-06-06,19.43,20.75,19.43,20.41,338258.0
2002-06-07,20.82,20.82,20.04,20.58,471065.0
2002-06-10,20.75,20.81,20.15,20.4,186700.0
2002-06-11,20.4,20.7,20.2,20.7,232781.0
2002-06-12,20.61,20.75,20.4,20.65,273225.0
2002-06-13,20.63,20.79,20.45,20.5,239560.0
2002-06-14,20.33,20.45,20.04,20.08,103900.0
2002-06-17,19.95,20.04,19.79,20.04,56460.0
2002-06-18,20.27,20.81,20.27,20.49,118730.0
2002-06-19,20.33,20.5,20.09,20.13,148900.0
2002-06-20,20.22,20.58,20.09,20.2,113308.0
2002-06-21,20.43,21.16,20.22,21.0,595620.0
2002-06-24,23.1,23.1,22.09,23.1,4027056.0
2002-06-25,23.16,23.44,22.27,22.41,1836167.0
2002-06-26,22.27,23.09,22.09,22.75,1537604.0
2002-06-27,22.78,22.84,22.46,22.64,535769.0
2002-06-28,22.64,23.39,22.37,23.3,2259669.0
2002-07-01,23.66,24.37,23.66,24.05,7473470.0
2002-07-02,24.0,24.26,23.66,24.23,3247937.0
2002-07-03,24.24,24.41,23.84,24.17,1330045.0
2002-07-04,24.19,24.19,23.75,23.75,942210.0
2002-07-05,23.69,23.85,23.51,23.82,813300.0
2002-07-08,23.82,23.96,23.43,23.73,811966.0
2002-07-09,23.73,23.87,23.5,23.62,503880.0
2002-07-10,23.87,24.33,23.44,23.53,1135717.0
2002-07-11,23.48,23.66,23.18,23.3,626206.0
2002-07-12,23.3,23.51,23.23,23.27,329882.0
2002-07-15,23.16,23.34,22.68,22.7,677600.0
2002-07-16,22.71,22.94,22.59,22.62,439680.0
2002-07-17,22.62,23.05,22.62,23.05,496994.0
2002-07-18,23.07,23.16,22.84,23.07,275040.0
2002-07-19,23.14,23.14,22.93,23.02,174750.0
2002-07-22,23.09,25.31,22.94,23.34,1397151.0
2002-07-23,23.3,23.51,23.18,23.32,423325.0
2002-07-24,23.25,23.59,23.25,23.39,291681.0
2002-07-25,23.39,23.59,22.89,22.91,551515.0
2002-07-26,22.91,23.14,22.8,22.91,247913.0
2002-07-29,22.91,22.98,22.84,22.98,176295.0
2002-07-30,22.98,23.12,22.84,22.98,150550.0
2002-07-31,23.07,23.07,22.53,22.59,329730.0
2002-08-01,22.29,22.59,22.18,22.45,226787.0
2002-08-02,22.52,22.55,22.0,22.23,444761.0
2002-08-05,22.23,22.27,22.0,22.04,153450.0
2002-08-06,22.04,22.41,22.0,22.32,421209.0
2002-08-07,22.27,22.27,22.02,22.05,305160.0
2002-08-08,22.07,22.23,22.05,22.11,251670.0
2002-08-09,22.09,22.37,22.0,22.18,156947.0
2002-08-12,22.05,22.09,21.72,21.72,333113.0
2002-08-13,21.64,21.93,21.64,21.77,170065.0
2002-08-14,21.88,22.23,21.86,22.0,109720.0
2002-08-15,22.0,22.07,21.88,21.91,110285.0
2002-08-16,22.0,22.36,21.82,22.25,178280.0
2002-08-19,22.04,22.43,21.93,22.23,133426.0
2002-08-20,22.43,22.5,22.13,22.37,295800.0
2002-08-21,22.45,22.45,22.23,22.36,137307.0
2002-08-22,22.36,22.89,22.23,22.71,570363.0
2002-08-23,22.62,22.62,22.36,22.46,210745.0
2002-08-26,22.46,22.62,22.27,22.27,236467.0
2002-08-27,22.27,22.59,22.27,22.55,224432.0
2002-08-28,22.73,22.73,22.48,22.59,215525.0
2002-08-29,22.41,22.62,22.29,22.46,316900.0
2002-08-30,22.41,22.55,22.37,22.43,162290.0
2002-09-02,22.37,22.52,22.36,22.46,122079.0
2002-09-03,22.45,22.75,22.45,22.53,300800.0
2002-09-04,22.53,22.53,22.13,22.27,308315.0
2002-09-05,22.18,22.23,22.07,22.14,266923.0
2002-09-06,22.13,22.18,21.91,21.98,215440.0
2002-09-09,21.84,21.89,21.66,21.73,218104.0
2002-09-10,21.73,22.2,21.73,22.04,317115.0
2002-09-11,22.0,22.11,21.7,21.86,170870.0
2002-09-12,21.82,21.88,21.72,21.8,216520.0
2002-09-13,21.91,22.07,21.77,21.8,97279.0
2002-09-16,22.0,22.0,21.64,21.66,194340.0
2002-09-17,21.66,21.73,21.47,21.66,165759.0
2002-09-18,21.93,21.93,21.5,21.61,122400.0
2002-09-19,21.39,21.91,21.16,21.79,272699.0
2002-09-20,21.73,21.77,21.48,21.64,107325.0
2002-09-23,21.7,21.7,21.38,21.57,60694.0
2002-09-24,21.38,21.73,21.38,21.39,140050.0
2002-09-25,21.39,21.47,21.22,21.36,208355.0
2002-09-26,21.2,21.34,21.13,21.15,173000.0
2002-10-08,20.84,20.98,20.66,20.91,110335.0
2002-10-09,20.7,21.02,20.7,20.7,231000.0
2002-10-10,20.66,20.77,20.33,20.38,223900.0
2002-10-11,20.38,20.58,20.31,20.31,275280.0
2002-10-14,20.31,20.79,20.31,20.58,142963.0
2002-10-15,20.56,20.77,20.52,20.66,208820.0
2002-10-16,20.72,20.81,20.66,20.72,169560.0
2002-10-17,20.72,20.74,20.31,20.34,178590.0
2002-10-18,20.25,20.52,20.22,20.36,117662.0
2002-10-21,20.36,20.49,20.33,20.45,96753.0
2002-10-22,20.45,20.82,20.45,20.75,123598.0
2002-10-23,20.81,20.82,20.59,20.66,273500.0
2002-10-24,20.66,20.66,20.31,20.38,251802.0
2002-10-25,20.49,20.49,20.31,20.43,130800.0
2002-10-28,20.31,20.31,19.79,19.86,200365.0
2002-10-29,20.13,20.13,19.63,19.93,124697.0
2002-10-30,19.86,20.02,19.77,19.99,141500.0
2002-10-31,19.95,20.09,19.92,19.93,160500.0
2002-11-01,19.92,19.95,19.6,19.95,176635.0
2002-11-04,20.08,20.18,19.81,20.08,312183.0
2002-11-05,20.08,20.59,19.97,20.47,860543.0
2002-11-06,20.66,20.91,20.58,20.66,624526.0
2002-11-07,20.66,20.66,20.33,20.45,276833.0
2002-11-08,20.77,20.88,20.04,20.04,347770.0
2002-11-11,20.04,20.06,19.67,19.67,180600.0
2002-11-12,19.77,19.86,18.72,18.95,628463.0
2002-11-13,18.99,19.2,18.46,19.04,544442.0
2002-11-14,19.04,19.04,18.7,18.72,386669.0
2002-11-15,18.69,19.04,18.62,18.74,212750.0
2002-11-18,19.03,19.06,18.56,18.65,94823.0
2002-11-19,18.67,18.67,18.38,18.62,157669.0
2002-11-20,18.62,18.63,17.89,18.1,284579.0
2002-11-21,17.9,17.92,17.55,17.74,548940.0
2002-11-22,17.65,17.99,17.48,17.81,258490.0
2002-11-25,17.62,17.81,17.42,17.58,247460.0
2002-11-26,17.48,17.81,17.32,17.42,218361.0
2002-11-27,17.33,17.72,17.1,17.56,271243.0
2002-11-28,17.56,18.08,17.35,18.03,259125.0
2002-11-29,18.13,18.44,17.87,18.13,452390.0
2002-12-02,18.13,18.13,17.12,17.26,212773.0
2002-12-03,17.28,17.53,17.26,17.32,253925.0
2002-12-04,17.48,17.96,17.28,17.55,218273.0
2002-12-05,17.28,17.6,17.28,17.48,91149.0
2002-12-06,17.48,17.64,17.37,17.46,122700.0
2002-12-09,17.37,17.56,17.28,17.4,146209.0
2002-12-10,17.39,17.51,17.19,17.37,139514.0
2002-12-11,17.32,17.37,17.19,17.35,140450.0
2002-12-12,17.4,18.08,17.37,17.6,246039.0
2002-12-13,17.46,17.99,17.19,17.83,301547.0
2002-12-16,17.81,18.21,17.64,18.15,534685.0
2002-12-17,18.08,18.21,17.99,18.12,278941.0
2002-12-18,18.17,18.42,18.05,18.13,247140.0
2002-12-19,18.24,18.24,17.96,18.1,145575.0
2002-12-20,18.17,18.44,18.1,18.44,389722.0
2002-12-23,18.4,18.46,18.17,18.3,198351.0
2002-12-24,18.26,18.26,18.08,18.22,184346.0
2002-12-25,18.26,18.38,17.99,18.24,238022.0
2002-12-26,18.17,18.17,17.55,17.69,353315.0
2002-12-27,17.64,17.81,17.33,17.72,364515.0
2002-12-30,17.42,17.42,16.75,16.91,365225.0
2002-12-31,16.89,17.6,16.57,16.94,366805.0
2003-01-02,16.71,16.71,16.32,16.46,245239.0
2003-01-03,16.12,16.41,16.12,16.21,132773.0
2003-01-06,16.21,16.48,16.14,16.44,204220.0
2003-01-07,16.48,16.83,16.37,16.64,188365.0
2003-01-08,16.57,17.07,16.57,17.05,189498.0
2003-01-09,17.05,17.42,16.76,17.28,354986.0
2003-01-10,17.42,17.42,17.03,17.07,537204.0
2003-01-13,16.94,17.42,16.94,17.23,358233.0
2003-01-14,17.19,18.13,17.12,17.8,988379.0
2003-01-15,17.99,18.53,17.76,18.15,1998178.0
2003-01-16,18.13,18.44,18.06,18.35,580890.0
2003-01-17,18.35,18.44,17.89,17.99,493520.0
2003-01-20,18.08,18.08,17.9,18.05,289250.0
2003-01-21,18.17,18.26,17.69,17.74,266700.0
2003-01-22,17.64,17.81,17.55,17.81,272910.0
2003-01-23,17.67,17.96,17.48,17.48,180800.0
2003-01-24,17.46,17.9,17.46,17.83,238209.0
2003-01-27,17.85,18.24,17.83,18.15,352230.0
2003-01-28,18.26,18.26,18.08,18.21,193944.0
2003-01-29,18.21,18.49,18.21,18.26,449495.0
2003-02-10,18.26,18.26,17.9,17.9,168900.0
2003-02-11,17.94,18.08,17.85,17.99,92600.0
2003-02-12,17.99,18.35,17.94,18.31,233115.0
2003-02-13,18.31,18.6,18.21,18.26,387932.0
2003-02-14,18.17,18.85,17.9,18.62,472280.0
2003-02-17,18.62,18.72,17.99,18.35,470556.0
2003-02-18,18.35,18.46,18.13,18.35,149621.0
2003-02-19,18.35,18.7,18.35,18.7,361655.0
2003-02-20,18.7,18.7,18.53,18.6,286400.0
2003-02-21,18.44,18.49,18.03,18.08,331100.0
2003-02-24,17.9,18.26,17.9,18.08,175190.0
2003-02-25,18.08,18.46,17.99,18.42,360310.0
2003-02-26,18.44,18.53,18.35,18.4,210163.0
2003-02-27,18.4,18.74,18.35,18.69,936597.0
2003-02-28,18.74,18.81,18.46,18.56,388731.0
2003-03-03,18.7,18.7,18.47,18.69,208295.0
2003-03-04,18.79,18.85,18.51,18.62,268720.0
2003-03-05,18.62,18.62,18.3,18.37,266820.0
2003-03-06,18.33,18.37,18.05,18.08,411600.0
2003-03-07,18.15,18.21,17.85,17.94,263281.0
2003-03-10,17.83,18.17,17.56,17.62,262850.0
2003-03-11,17.62,17.65,17.42,17.44,484093.0
2003-03-12,17.46,17.55,17.46,17.53,301688.0
2003-03-13,17.53,17.53,17.07,17.17,414463.0
2003-03-14,17.1,17.32,17.07,17.26,428551.0
2003-03-17,17.28,17.37,17.08,17.33,266073.0
2003-03-18,17.53,17.55,17.26,17.28,461900.0
2003-03-19,17.28,17.42,17.23,17.35,499010.0
2003-03-20,17.39,17.4,17.19,17.39,239668.0
2003-03-21,17.33,17.49,16.32,17.44,184536.0
2003-03-24,17.19,17.44,17.1,17.28,90400.0
2003-03-25,17.28,17.3,16.83,16.92,243350.0
2003-03-26,16.91,16.91,16.62,16.71,257679.0
2003-03-27,16.71,17.21,16.51,17.17,259441.0
2003-03-28,17.15,17.28,16.87,16.87,386700.0
2003-03-31,16.87,17.08,16.76,16.89,535581.0
2003-04-01,16.96,17.42,16.89,17.33,1058660.0
2003-04-02,17.37,17.39,17.19,17.23,336204.0
2003-04-03,17.23,17.33,17.12,17.32,391823.0
2003-04-04,17.19,17.28,17.07,17.15,616780.0
2003-04-07,17.1,17.21,16.67,16.87,767610.0
2003-04-08,16.87,16.87,16.53,16.66,487280.0
2003-04-09,16.64,16.64,16.12,16.48,1380294.0
2003-04-10,16.66,17.1,16.39,17.07,1154857.0
2003-04-11,17.1,18.44,17.01,18.19,3525498.0
2003-04-14,18.21,18.26,17.85,18.17,2999813.0
2003-04-16,18.31,18.51,17.3,17.53,2771041.0
2003-04-17,17.48,17.55,16.71,16.75,4314600.0
2003-04-18,16.75,17.08,16.64,16.87,2386429.0
2003-04-21,16.71,16.71,15.36,15.46,6078764.0
2003-04-22,15.14,15.73,15.14,15.61,1690254.0
2003-04-23,15.61,15.68,15.14,15.2,1817783.0
2003-04-24,15.16,15.5,14.96,15.0,1558709.0
2003-04-25,15.11,15.28,14.43,14.5,1062616.0
2003-04-28,13.93,14.27,13.56,14.14,2578599.0
2003-04-29,14.04,14.57,13.88,14.2,3427557.0
2003-04-30,14.27,15.09,14.27,14.79,4737042.0
2003-05-12,14.93,15.09,13.89,13.95,2039073.0
2003-05-13,13.81,14.59,13.61,14.27,3062601.0
2003-05-14,14.25,14.61,13.91,14.61,1855373.0
2003-05-15,14.61,15.14,14.25,14.96,3464900.0
2003-05-16,14.96,15.91,14.68,15.62,8412265.0
2003-05-19,15.68,15.94,15.61,15.85,5396077.0
2003-05-20,15.93,16.19,15.46,16.14,4419523.0
2003-05-21,16.12,16.16,15.84,15.91,3142588.0
2003-05-22,15.85,16.26,15.48,16.16,3343587.0
2003-05-23,16.16,16.19,15.85,15.93,2956439.0
2003-05-26,16.03,16.83,16.03,16.8,6848005.0
2003-05-27,16.92,17.07,16.57,16.76,4602741.0
2003-05-28,16.83,16.83,16.3,16.32,3285114.0
2003-05-29,16.26,16.64,16.1,16.39,2305878.0
2003-05-30,16.39,16.83,16.32,16.73,2971798.0
2003-06-02,16.75,17.28,16.75,16.94,2999599.0
2003-06-03,17.19,17.28,16.92,16.96,3542270.0
2003-06-04,16.92,16.92,16.39,16.64,1817326.0
2003-06-05,16.71,18.08,16.5,17.69,9268410.0
2003-06-06,17.65,17.76,17.31,17.45,3172969.0
2003-06-09,17.27,17.27,16.43,16.95,2636422.0
2003-06-10,16.88,17.76,16.77,17.49,4858568.0
2003-06-11,17.67,17.74,17.42,17.64,2311640.0
2003-06-12,17.64,17.64,17.24,17.36,1401744.0
2003-06-13,17.4,17.51,17.18,17.26,1423395.0
2003-06-16,17.27,17.83,17.27,17.8,3398581.0
2003-06-17,17.82,17.91,17.44,17.6,1559708.0
2003-06-18,17.53,17.94,17.53,17.64,1668379.0
2003-06-19,17.55,17.67,17.09,17.38,1759948.0
2003-06-20,17.35,17.36,16.86,16.93,1193760.0
2003-06-23,16.79,16.93,16.32,16.39,2136748.0
2003-06-24,16.32,17.04,16.07,16.9,2521167.0
2003-06-25,16.99,17.09,16.59,16.59,1809555.0
2003-06-26,16.41,16.95,16.41,16.77,1271470.0
2003-06-30,16.25,16.81,16.23,16.75,1168653.0
2003-07-01,16.7,16.99,16.55,16.61,1200199.0
2003-07-02,16.55,16.77,16.37,16.64,585450.0
2003-07-03,16.68,16.84,16.52,16.79,526788.0
2003-07-04,16.77,16.86,16.5,16.7,534202.0
2003-07-07,16.73,16.73,16.23,16.7,1087416.0
2003-07-08,16.77,17.31,16.75,17.22,3188796.0
2003-07-09,17.31,17.42,17.11,17.36,2711796.0
2003-07-10,17.4,17.85,17.04,17.67,3612868.0
2003-07-11,17.73,17.92,17.49,17.69,3313476.0
2003-07-14,17.85,18.18,17.78,18.09,5576831.0
2003-07-15,18.12,18.28,17.92,18.12,3990728.0
2003-07-16,18.16,18.19,17.67,17.87,2359438.0
2003-07-17,17.8,18.0,17.51,17.89,3078769.0
2003-07-18,17.85,17.85,17.29,17.29,1922465.0
2003-07-21,17.13,17.4,16.99,17.35,1551243.0
2003-07-22,17.4,17.67,16.86,17.09,1139039.0
2003-07-23,17.04,17.35,16.86,17.2,1090760.0
2003-07-24,17.31,17.33,16.95,16.97,441162.0
2003-07-25,17.0,17.09,16.7,16.75,861279.0
2003-07-28,16.68,16.68,16.45,16.54,785100.0
2003-07-29,16.54,16.68,16.23,16.35,1403421.0
2003-07-30,16.35,16.54,16.35,16.5,596455.0
2003-07-31,16.3,16.68,16.3,16.59,383162.0
2003-08-01,16.59,16.75,16.46,16.66,449392.0
2003-08-04,16.73,16.93,16.59,16.9,719384.0
2003-08-05,16.86,16.9,16.59,16.7,642040.0
2003-08-06,16.81,16.81,16.46,16.5,589200.0
2003-08-07,16.59,16.59,16.41,16.45,489861.0
2003-08-08,16.41,16.5,16.28,16.32,558021.0
2003-08-11,16.35,16.59,16.1,16.57,534372.0
2003-08-12,16.63,16.7,16.43,16.52,518716.0
2003-08-13,16.59,16.59,16.23,16.35,683568.0
2003-08-14,16.26,16.41,16.12,16.14,925660.0
2003-08-15,16.14,16.37,15.45,16.35,2406268.0
2003-08-18,16.26,16.34,15.99,16.21,756709.0
2003-08-19,16.3,16.32,15.99,16.28,614470.0
2003-08-20,16.23,16.26,15.92,16.03,459884.0
2003-08-21,15.87,16.23,15.8,16.16,621524.0
2003-08-22,16.23,16.23,15.96,16.12,309200.0
2003-08-25,16.23,16.23,15.6,15.63,616050.0
2003-08-26,15.69,15.69,15.22,15.4,862990.0
2003-08-27,15.44,15.44,15.11,15.15,447950.0
2003-08-28,15.09,15.56,15.09,15.18,468392.0
2003-08-29,15.15,15.33,15.11,15.33,326990.0
2003-09-01,15.36,15.85,15.36,15.81,731993.0
2003-09-02,15.87,16.05,15.78,15.94,620940.0
2003-09-03,16.14,16.7,16.14,16.41,2179951.0
2003-09-04,16.41,16.59,16.3,16.35,906701.0
2003-09-05,16.34,16.64,16.01,16.63,1142713.0
2003-09-08,16.59,16.95,16.55,16.77,2016469.0
2003-09-09,16.75,16.93,16.34,16.37,1220712.0
2003-09-10,16.21,16.23,15.76,15.89,1601999.0
2003-09-11,15.83,15.83,15.6,15.63,775215.0
2003-09-12,15.69,16.05,15.69,15.72,661000.0
2003-09-15,15.74,16.03,15.35,15.4,637937.0
2003-09-16,15.29,15.67,15.18,15.63,538000.0
2003-09-17,15.67,15.78,15.2,15.26,594000.0
2003-09-18,15.26,15.44,15.24,15.31,786299.0
2003-09-19,15.6,15.6,15.24,15.51,351150.0
2003-09-22,15.69,15.96,15.53,15.92,612792.0
2003-09-23,15.96,16.03,15.71,15.92,431916.0
2003-09-24,15.87,15.96,15.29,15.42,1063988.0
2003-09-25,15.35,15.51,15.27,15.35,488222.0
2003-09-26,15.29,15.29,14.75,14.84,902051.0
2003-09-29,14.97,15.09,14.53,14.55,579744.0
2003-09-30,14.68,14.97,14.53,14.77,401612.0
2003-10-08,14.86,14.86,14.25,14.55,489080.0
2003-10-09,14.34,14.48,14.3,14.39,499910.0
2003-10-10,14.26,14.61,14.1,14.61,1115688.0
2003-10-13,14.43,14.43,14.06,14.06,1034945.0
2003-10-14,14.06,14.06,13.74,13.92,701171.0
2003-10-15,13.92,14.16,13.9,13.97,380886.0
2003-10-16,13.97,14.03,13.43,13.47,1007500.0
2003-10-17,13.43,13.51,12.53,12.64,1899775.0
2003-10-20,12.64,12.77,12.35,12.55,998728.0
2003-10-21,12.59,12.71,12.48,12.69,468310.0
2003-10-22,12.69,12.91,12.5,12.87,974135.0
2003-10-23,12.87,12.91,12.59,12.69,803273.0
2003-10-24,12.59,12.87,12.44,12.78,321409.0
2003-10-27,12.66,12.77,12.5,12.66,407991.0
2003-10-28,12.66,12.66,12.48,12.5,625983.0
2003-10-29,12.5,12.51,11.25,11.47,1617657.0
2003-10-30,11.32,11.68,11.18,11.4,589684.0
2003-10-31,11.4,11.76,11.36,11.54,556983.0
2003-11-03,11.5,11.9,11.5,11.7,727655.0
2003-11-04,11.7,12.01,11.63,11.79,946767.0
2003-11-05,11.79,11.83,11.52,11.68,689451.0
2003-11-06,11.63,11.63,11.09,11.29,993331.0
2003-11-07,11.18,11.34,11.05,11.2,456141.0
2003-11-10,11.18,11.18,10.78,10.86,709081.0
2003-11-11,11.09,11.23,10.86,11.2,628154.0
2003-11-12,11.2,11.25,11.02,11.11,390892.0
2003-11-13,11.04,11.45,11.0,11.34,573579.0
2003-11-14,11.36,11.45,11.18,11.4,319686.0
2003-11-17,11.41,11.43,11.04,11.13,360550.0
2003-11-18,11.13,11.16,10.96,10.98,278930.0
2003-11-19,11.18,11.63,10.96,11.45,900535.0
2003-11-20,11.47,12.17,11.47,12.08,1678843.0
2003-11-21,12.08,12.51,11.61,11.67,1711311.0
2003-11-24,11.79,12.84,11.79,12.84,3455437.0
2003-11-25,13.16,14.01,12.89,13.11,7203490.0
2003-11-26,13.0,13.02,12.59,12.78,2489355.0
2003-11-27,12.77,12.78,12.32,12.57,2610268.0
2003-12-01,12.59,12.96,12.35,12.89,1889568.0
2003-12-02,12.95,13.49,12.71,13.07,4074068.0
2003-12-03,13.04,13.04,12.62,13.0,2085005.0
2003-12-04,13.0,13.0,12.77,12.84,1177949.0
2003-12-05,12.89,13.16,12.87,12.93,787390.0
2003-12-08,12.93,13.16,12.8,12.98,941146.0
2003-12-09,12.98,13.07,12.62,13.0,1200849.0
2003-12-10,12.98,13.29,12.84,13.22,1540328.0
2003-12-11,13.22,13.38,13.06,13.38,1339925.0
2003-12-12,13.4,13.58,13.34,13.42,1589993.0
2003-12-15,13.45,13.58,13.11,13.25,1658253.0
2003-12-16,13.27,13.34,12.77,13.34,1212582.0
2003-12-17,13.52,14.53,13.42,13.78,5862799.0
2003-12-18,13.69,13.69,13.07,13.43,2394569.0
2003-12-19,13.43,13.74,12.42,12.78,2837790.0
2003-12-22,12.62,13.25,12.08,13.07,2806969.0
2003-12-23,13.16,13.16,12.8,12.84,1121881.0
2003-12-24,12.89,13.2,12.62,13.16,1386930.0
2003-12-25,13.2,13.2,12.8,12.82,879680.0
2003-12-26,12.82,12.98,12.77,12.95,774002.0
2003-12-29,12.71,12.71,12.26,12.44,1679987.0
2003-12-30,12.44,12.57,12.28,12.39,636427.0
2003-12-31,12.39,12.51,12.26,12.33,540255.0
2004-01-02,12.33,12.84,12.32,12.69,786579.0
2004-01-05,12.62,12.8,12.44,12.53,1227951.0
2004-01-06,12.44,12.86,12.08,12.5,2146296.0
2004-01-07,12.5,13.18,12.5,13.15,2688698.0
2004-01-08,13.15,13.47,12.86,13.29,2220630.0
2004-01-09,13.2,13.67,13.09,13.15,1864504.0
2004-01-12,13.11,13.49,12.89,13.42,1259095.0
2004-01-13,13.25,13.65,13.16,13.58,1472836.0
2004-01-14,13.52,13.58,13.16,13.54,1039330.0
2004-01-15,13.49,14.34,13.22,14.21,3891309.0
2004-01-16,14.16,14.8,13.79,14.57,4272327.0
2004-01-29,14.41,16.03,14.39,16.03,5387793.0
2004-01-30,16.05,17.24,16.05,16.77,7309939.0
2004-02-02,18.03,18.39,16.59,16.95,6502273.0
2004-02-03,16.86,17.09,16.23,16.91,3809494.0
2004-02-04,16.91,18.07,16.59,17.71,4444239.0
2004-02-05,17.8,18.01,17.4,17.87,2117145.0
2004-02-06,17.71,18.0,17.49,17.65,2085001.0
2004-02-09,17.45,18.32,17.31,18.14,2572535.0
2004-02-10,18.12,18.48,17.76,18.28,2296501.0
2004-02-11,18.21,18.27,17.85,17.92,1043639.0
2004-02-12,17.89,18.93,17.76,18.54,2333317.0
2004-02-13,18.52,18.93,18.14,18.57,1694307.0
2004-02-16,18.39,19.42,18.32,19.2,3135123.0
2004-02-17,19.29,20.11,19.11,19.74,2853587.0
2004-02-18,19.8,20.48,19.65,20.02,2899261.0
2004-02-19,20.02,20.29,19.47,19.58,1174800.0
2004-02-20,19.84,19.98,19.31,19.8,1632780.0
2004-02-23,19.84,21.13,19.84,20.54,2846132.0
2004-02-24,20.07,22.27,20.07,22.13,5266876.0
2004-02-25,21.64,22.86,21.64,22.61,4359455.0
2004-02-26,22.68,22.99,20.74,21.24,4969597.0
2004-02-27,21.26,22.36,21.24,22.32,2381861.0
2004-03-01,22.36,22.54,21.42,22.13,1511629.0
2004-03-02,22.14,22.18,21.06,21.42,1487289.0
2004-03-03,21.46,21.78,20.7,21.22,1892537.0
2004-03-04,21.28,21.64,20.74,21.13,2251690.0
2004-03-05,21.13,21.37,20.29,20.74,1206353.0
2004-03-08,20.38,20.77,20.02,20.2,1006251.0
2004-03-09,20.11,20.25,19.38,19.71,2098021.0
2004-03-10,19.71,20.57,19.65,20.39,1705862.0
2004-03-11,20.45,20.79,19.87,20.52,1446827.0
2004-03-12,20.38,20.68,20.11,20.57,1455880.0
2004-03-15,20.56,21.64,20.38,21.31,5891450.0
2004-03-16,21.08,21.55,20.83,21.19,4954040.0
2004-03-17,20.95,21.28,20.88,20.88,1415500.0
2004-03-18,20.9,21.22,19.85,20.05,1114430.0
2004-03-19,20.11,20.95,20.05,20.72,1306619.0
2004-03-22,20.72,21.13,20.11,20.95,1898874.0
2004-03-23,20.75,21.39,20.65,21.24,2518825.0
2004-03-24,21.42,21.53,21.06,21.26,1763145.0
2004-03-25,21.19,22.49,21.19,22.22,5918186.0
2004-03-26,22.05,22.22,21.64,21.87,1999823.0
2004-03-29,22.0,22.9,21.87,22.31,2520020.0
2004-03-30,22.18,22.45,21.87,22.18,854410.0
2004-03-31,22.0,22.68,21.96,22.45,3466592.0
2004-04-01,22.34,22.81,21.87,22.2,1994550.0
2004-04-02,22.14,22.32,21.62,21.94,1253799.0
2004-04-05,21.91,22.0,21.28,21.48,2326123.0
2004-04-06,21.44,22.05,21.4,21.87,1625738.0
2004-04-07,21.91,23.89,21.78,22.79,19505066.0
2004-04-08,22.11,22.68,21.91,22.25,6400858.0
2004-04-09,22.18,22.54,21.58,21.76,2463487.0
2004-04-12,21.78,22.38,21.73,22.11,3213428.0
2004-04-13,22.14,22.72,22.0,22.31,7016140.0
2004-04-14,22.31,22.5,21.73,22.0,2085910.0
2004-04-15,22.0,22.45,21.76,22.05,2096562.0
2004-04-16,22.05,22.41,21.82,22.11,2926596.0
2004-04-19,22.13,22.9,22.04,22.41,4443563.0
2004-04-20,22.45,22.68,22.09,22.27,2039370.0
2004-04-21,22.23,22.34,20.05,20.23,2708905.0
2004-04-22,20.23,21.01,20.2,20.41,1827781.0
2004-04-23,20.38,20.38,18.37,18.37,3039000.0
2004-04-27,18.3,19.84,18.14,18.43,1136329.0
2004-04-28,18.43,18.84,18.3,18.57,657399.0
2004-04-29,18.5,18.88,18.03,18.12,573090.0
2004-04-30,18.21,18.81,18.18,18.52,1175984.0
2004-05-10,18.66,19.02,18.48,18.52,402354.0
2004-05-11,18.57,18.9,18.45,18.5,487052.0
2004-05-12,18.59,19.11,18.59,18.88,1695910.0
2004-05-13,18.84,19.02,18.61,18.68,536130.0
2004-05-14,18.7,18.97,18.01,18.86,2194494.0
2004-05-17,18.66,18.75,18.23,18.32,612000.0
2004-05-18,18.36,20.16,18.36,18.65,2514801.0
2004-05-19,18.57,19.02,18.21,18.65,1788430.0
2004-05-20,18.59,19.24,18.48,18.81,7412608.0
2004-05-21,18.63,18.79,18.36,18.59,1077396.0
2004-05-24,18.57,18.9,18.39,18.55,374794.0
2004-05-25,18.54,18.65,18.19,18.27,369944.0
2004-05-26,18.27,18.57,18.12,18.32,422701.0
2004-05-27,18.36,18.83,18.3,18.55,3433881.0
2004-05-28,18.48,18.68,18.3,18.52,2644173.0
2004-05-31,18.5,18.75,18.39,18.59,1581263.0
2004-06-01,18.57,18.84,18.48,18.68,2817174.0
2004-06-02,18.65,18.79,18.61,18.66,1655300.0
2004-06-03,18.63,18.93,18.63,18.75,2420828.0
2004-06-04,18.79,19.08,18.57,18.84,1947800.0
2004-06-07,18.75,18.84,18.36,18.54,977655.0
2004-06-08,18.52,18.66,18.28,18.46,861500.0
2004-06-09,18.43,18.72,17.04,17.38,1110500.0
2004-06-10,17.29,17.67,17.22,17.65,1497309.0
2004-06-11,17.47,18.57,17.45,17.83,2757809.0
2004-06-14,17.82,17.92,17.51,17.67,370496.0
2004-06-15,17.64,17.98,17.47,17.85,921805.0
2004-06-16,17.82,18.1,17.65,17.85,4592940.0
2004-06-17,17.74,17.8,17.13,17.31,505255.0
2004-06-18,17.13,17.45,15.58,15.74,1328400.0
2004-06-21,15.69,16.21,15.54,15.8,3382550.0
2004-06-22,15.83,16.75,15.51,15.99,6858590.0
2004-06-23,15.72,15.74,14.61,15.22,2094805.0
2004-06-24,15.09,15.26,14.75,14.91,1254414.0
2004-06-25,14.89,15.24,14.64,14.97,797730.0
2004-06-29,15.06,15.47,14.84,14.98,824250.0
2004-06-30,15.02,15.24,14.75,14.88,1435800.0
2004-07-01,14.89,15.16,14.77,14.93,7750951.0
2004-07-02,14.8,14.97,13.7,14.17,8798457.0
2004-07-05,13.99,14.06,13.58,13.72,1932633.0
2004-07-06,13.7,14.64,13.67,13.96,5872985.0
2004-07-07,14.01,14.32,13.96,14.12,1778583.0
2004-07-08,14.12,14.43,13.92,14.25,2093803.0
2004-07-09,14.28,15.09,14.16,14.75,5989039.0
2004-07-12,14.66,14.8,14.43,14.52,1665739.0
2004-07-13,14.52,14.75,14.1,14.52,2035140.0
2004-07-14,14.46,14.97,14.21,14.52,1772271.0
2004-07-15,14.57,14.88,14.43,14.57,4127326.0
2004-07-16,14.57,15.87,14.46,14.64,13712746.0
2004-07-19,14.7,14.75,13.97,14.01,4942898.0
2004-07-20,14.06,14.06,13.25,13.42,5621450.0
2004-07-21,13.4,13.69,13.4,13.63,2131989.0
2004-07-22,13.56,13.67,13.0,13.11,1845087.0
2004-07-23,13.02,13.07,12.69,12.73,1957392.0
2004-07-26,12.77,13.2,12.6,12.95,1713535.0
2004-07-27,12.95,12.98,12.71,12.89,821570.0
2004-07-28,13.04,13.04,12.66,12.87,595045.0
2004-07-29,12.87,13.43,12.86,13.29,2129840.0
2004-07-30,13.31,13.34,12.98,13.07,1282199.0
2004-08-02,13.07,13.15,12.82,12.98,583167.0
2004-08-03,12.95,13.07,12.84,13.0,659162.0
2004-08-04,13.07,13.83,13.07,13.69,4132985.0
2004-08-05,13.67,13.88,13.38,13.47,1823350.0
2004-08-06,13.52,13.78,13.43,13.56,1136210.0
2004-08-09,13.56,14.01,13.43,13.9,1981445.0
2004-08-10,13.97,14.03,13.67,13.88,1733195.0
2004-08-11,13.88,14.19,13.67,13.9,2885663.0
2004-08-12,14.06,14.14,13.7,14.03,2949705.0
2004-08-13,14.03,14.37,13.88,14.08,3216806.0
2004-08-16,14.16,14.43,13.97,14.16,2689595.0
2004-08-17,14.16,14.52,13.9,13.97,2340595.0
2004-08-18,13.99,14.25,13.9,13.99,2102973.0
2004-08-19,14.06,14.34,13.97,14.14,3734718.0
2004-08-20,14.17,14.25,13.74,14.03,2572753.0
2004-08-23,14.03,14.12,13.79,13.81,1370310.0
2004-08-24,13.81,14.16,13.76,13.87,2230022.0
2004-08-25,13.88,14.1,13.76,13.87,1223873.0
2004-08-26,13.88,13.88,13.7,13.83,993047.0
2004-08-27,13.83,13.92,13.6,13.67,960570.0
2004-08-30,13.54,13.54,12.8,12.93,2379700.0
2004-08-31,13.34,13.67,13.09,13.34,4550478.0
2004-09-01,13.33,13.33,13.06,13.16,638950.0
2004-09-02,13.13,13.92,13.13,13.78,6039287.0
2004-09-03,13.69,13.79,13.47,13.72,3458160.0
2004-09-06,13.78,14.16,13.72,14.1,3540969.0
2004-09-07,14.16,14.28,13.88,14.26,2840735.0
2004-09-08,14.26,14.43,14.16,14.21,3160787.0
2004-09-09,14.21,14.23,13.7,13.88,1875452.0
2004-09-10,13.7,13.99,13.58,13.97,1296578.0
2004-09-13,13.88,14.03,13.13,13.24,2192732.0
2004-09-14,13.49,13.96,13.43,13.72,1991024.0
2004-09-15,13.74,14.95,13.7,14.61,7845724.0
2004-09-16,14.75,15.51,14.48,15.4,7974482.0
2004-09-17,15.4,15.96,15.16,15.76,8509654.0
2004-09-20,16.01,16.55,15.76,16.46,6327732.0
2004-09-21,16.5,17.67,16.01,17.17,7936222.0
2004-09-22,17.04,17.15,16.35,16.52,5643370.0
2004-09-23,16.48,17.09,16.41,17.08,3661600.0
2004-09-24,17.15,17.56,16.05,16.23,5941198.0
2004-09-27,16.41,16.84,15.71,15.83,4271653.0
2004-09-28,15.87,16.19,15.42,16.16,3318859.0
2004-09-29,15.96,16.68,15.96,16.3,2263307.0
2004-09-30,16.23,16.41,15.56,15.85,2168247.0
2004-10-08,15.85,16.59,15.47,16.57,2259601.0
2004-10-11,16.59,17.13,16.41,16.5,4344495.0
2004-10-12,16.41,16.68,16.08,16.12,1693405.0
2004-10-13,16.05,16.59,16.05,16.45,1332018.0
2004-10-14,16.59,16.59,14.8,15.36,2703525.0
2004-10-15,15.33,15.42,14.59,14.91,1988423.0
2004-10-18,14.82,15.33,14.7,15.16,1239081.0
2004-10-19,15.18,15.58,14.88,14.95,1274216.0
2004-10-20,15.06,15.26,14.61,15.24,1090043.0
2004-10-21,15.31,15.36,14.77,14.88,980155.0
2004-10-22,14.88,15.35,14.46,15.33,2240933.0
2004-10-25,15.38,15.71,15.26,15.67,2375462.0
2004-10-26,15.42,15.72,14.79,15.31,1872670.0
2004-10-27,15.47,15.47,14.82,15.4,2068977.0
2004-10-28,15.47,16.32,15.27,15.89,4381620.0
2004-10-29,15.31,16.25,14.93,15.83,2614318.0
2004-11-01,15.83,16.23,15.51,15.6,1520577.0
2004-11-02,15.51,15.67,14.97,15.11,1490091.0
2004-11-03,15.15,15.4,15.02,15.33,1059125.0
2004-11-04,15.47,15.69,15.07,15.13,956056.0
2004-11-05,15.15,15.42,14.88,15.06,949726.0
2004-11-08,15.04,15.07,14.64,14.79,891844.0
2004-11-09,14.79,14.97,14.66,14.84,1177361.0
2004-11-10,15.16,15.83,14.84,15.72,2277802.0
2004-11-11,15.87,16.35,15.44,15.54,2954067.0
2004-11-12,15.49,15.98,15.42,15.62,1294383.0
2004-11-15,15.87,16.1,15.65,16.08,1290961.0
2004-11-16,16.23,16.34,15.9,15.98,997260.0
2004-11-17,15.98,15.98,15.53,15.72,1033450.0
2004-11-18,15.65,16.21,15.65,16.16,1173688.0
2004-11-19,16.16,16.23,15.9,16.08,917841.0
2004-11-22,16.14,16.21,15.89,15.96,1371540.0
2004-11-23,15.94,16.28,15.87,16.23,1338373.0
2004-11-24,16.23,16.54,15.78,15.78,1829762.0
2004-11-25,15.69,16.12,15.63,15.81,1207340.0
2004-11-26,15.9,16.21,15.87,16.05,1313340.0
2004-11-29,16.05,16.28,15.72,15.81,1389804.0
2004-11-30,15.8,16.05,15.56,15.92,962629.0
2004-12-01,15.89,15.96,15.62,15.71,431980.0
2004-12-02,15.69,15.72,15.15,15.67,1481716.0
2004-12-03,15.72,16.01,15.6,15.8,721335.0
2004-12-06,15.87,16.01,15.69,15.98,657383.0
2004-12-07,15.9,16.01,15.6,15.63,553440.0
2004-12-08,15.85,15.87,15.24,15.4,578180.0
2004-12-09,15.51,15.71,15.18,15.49,535419.0
2004-12-10,15.42,15.42,14.93,14.98,1096409.0
2004-12-13,14.88,14.98,14.52,14.64,1108310.0
2004-12-14,14.66,14.75,14.57,14.59,524200.0
2004-12-15,14.59,14.77,14.44,14.62,902597.0
2004-12-16,14.75,14.75,13.97,14.14,1318228.0
2004-12-17,14.12,14.32,13.97,14.06,576054.0
2004-12-20,13.94,13.96,13.58,13.72,985742.0
2004-12-21,13.88,13.88,13.7,13.74,537481.0
2004-12-22,13.79,14.57,13.74,14.23,1846399.0
2004-12-23,14.25,14.34,13.9,14.08,1286457.0
2004-12-24,14.06,14.8,14.06,14.62,3514578.0
2004-12-27,14.66,14.79,14.25,14.57,1503313.0
2004-12-28,14.39,14.77,14.06,14.14,1803264.0
2004-12-29,13.97,14.12,13.33,13.61,3241906.0
2004-12-30,13.49,13.85,13.27,13.83,1601251.0
2004-12-31,13.74,14.32,13.61,13.61,1167605.0
2005-01-04,13.63,13.63,13.31,13.51,334743.0
2005-01-05,13.43,13.87,13.43,13.74,471545.0
2005-01-06,13.7,13.7,13.4,13.45,681086.0
2005-01-07,13.52,13.88,13.43,13.79,677359.0
2005-01-10,13.78,13.97,13.67,13.94,655165.0
2005-01-11,13.99,14.03,13.78,13.9,456800.0
2005-01-12,13.9,13.92,13.63,13.79,473050.0
2005-01-13,13.88,14.05,13.74,13.92,789612.0
2005-01-14,13.83,14.01,13.45,13.52,702534.0
2005-01-17,13.34,13.49,13.04,13.09,688400.0
2005-01-18,13.15,13.38,13.09,13.36,403350.0
2005-01-19,13.38,13.38,13.0,13.04,502500.0
2005-01-20,12.98,13.04,12.68,12.69,991400.0
2005-01-21,12.69,13.27,12.55,13.25,1000877.0
2005-01-24,13.52,13.7,13.36,13.49,1164450.0
2005-01-25,13.43,13.43,13.13,13.18,807871.0
2005-01-26,13.2,13.22,12.86,12.87,1058685.0
2005-01-27,12.82,13.22,12.8,13.06,745849.0
2005-01-28,13.0,13.06,12.86,12.86,497400.0
2005-01-31,12.84,12.84,12.41,12.44,839027.0
2005-02-01,12.48,12.71,12.26,12.3,714250.0
2005-02-02,12.32,13.18,12.3,13.16,1777517.0
2005-02-03,13.13,13.2,12.69,12.71,1733700.0
2005-02-04,12.69,13.02,12.66,12.87,1156462.0
2005-02-16,13.07,13.25,12.93,13.04,1015254.0
2005-02-17,13.06,13.25,12.95,13.24,564516.0
2005-02-18,13.16,13.16,12.91,13.0,471149.0
2005-02-21,13.07,13.25,12.95,13.15,893757.0
2005-02-22,13.15,13.61,13.13,13.54,1945834.0
2005-02-23,13.54,14.06,13.43,13.78,2336688.0
2005-02-24,13.76,13.85,13.58,13.7,1277628.0
2005-02-25,13.72,13.96,13.63,13.67,1416550.0
2005-02-28,13.7,13.76,13.33,13.43,1794318.0
2005-03-01,13.36,13.52,13.34,13.47,897093.0
2005-03-02,13.51,13.69,13.45,13.45,1556500.0
2005-03-03,13.4,13.6,13.27,13.49,1399235.0
2005-03-04,13.49,13.49,13.24,13.29,839989.0
2005-03-07,13.34,13.47,13.25,13.43,618795.0
2005-03-08,13.45,13.83,13.43,13.76,1452048.0
2005-03-09,13.79,13.94,13.65,13.83,1494377.0
2005-03-10,13.83,13.83,13.31,13.34,1088752.0
2005-03-11,13.34,13.51,12.62,13.0,2355765.0
2005-03-14,12.98,13.0,12.69,12.8,2653385.0
2005-03-15,12.8,12.95,12.35,12.51,2962834.0
2005-03-16,12.51,12.62,12.39,12.48,1437449.0
2005-03-17,12.48,12.82,12.46,12.69,1489767.0
2005-03-18,12.8,12.89,12.41,12.55,951684.0
2005-03-21,12.53,12.62,11.29,11.29,4174290.0
2005-03-22,11.11,11.18,10.91,11.02,2810806.0
2005-03-23,10.96,11.25,10.62,11.05,2211445.0
2005-03-24,11.0,11.2,10.73,11.14,1088734.0
2005-03-25,11.16,11.16,10.98,11.09,834809.0
2005-03-28,11.09,11.11,10.73,10.93,948298.0
2005-03-29,10.87,11.05,10.67,10.67,939575.0
2005-03-30,10.62,10.67,10.28,10.3,1314862.0
2005-03-31,10.3,10.64,10.13,10.62,1258002.0
2005-04-01,10.64,11.32,10.44,11.14,1571536.0
2005-04-04,11.0,11.34,10.75,11.13,1585174.0
2005-04-05,11.0,11.54,11.0,11.5,2610722.0
2005-04-06,11.43,11.68,11.2,11.59,2200722.0
2005-04-07,11.5,11.74,11.4,11.49,2484624.0
2005-04-08,11.49,11.58,11.18,11.49,1773846.0
2005-04-11,11.63,12.24,11.63,11.7,4076350.0
2005-04-12,11.63,11.72,11.38,11.41,1462022.0
2005-04-13,11.43,11.87,11.43,11.83,2092664.0
2005-04-14,11.92,11.97,11.52,11.59,1128082.0
2005-04-15,11.54,11.54,11.2,11.36,1157114.0
2005-04-18,11.36,11.47,11.23,11.29,810221.0
2005-04-19,11.29,11.59,11.29,11.54,1193063.0
2005-04-20,11.45,11.5,10.39,10.66,3332603.0
2005-04-21,10.58,10.71,10.42,10.62,1090029.0
2005-04-22,10.57,10.73,10.08,10.35,1294504.0
2005-04-25,10.26,10.26,9.97,10.1,1059699.0
2005-04-26,10.13,10.37,10.01,10.33,847634.0
2005-04-28,9.92,10.06,9.3,10.03,3550594.0
2005-04-29,9.92,9.92,9.39,9.45,1647623.0
2005-05-09,9.45,9.56,8.62,8.67,1457374.0
2005-05-10,8.66,8.67,8.02,8.51,1742890.0
2005-05-11,8.53,8.6,8.29,8.33,806310.0
2005-05-12,8.33,8.62,8.28,8.44,694235.0
2005-05-13,8.38,8.75,8.35,8.69,1034279.0
2005-05-16,8.75,8.76,8.55,8.73,757851.0
2005-05-17,8.73,8.94,8.66,8.85,955920.0
2005-05-18,8.85,8.93,8.67,8.93,783841.0
2005-05-19,8.94,9.11,8.84,8.94,836895.0
2005-05-20,8.94,9.0,8.66,8.69,775600.0
2005-05-23,8.6,8.6,8.26,8.37,971040.0
2005-05-24,8.35,8.71,8.31,8.6,678399.0
2005-05-25,8.6,9.09,8.55,8.93,2002019.0
2005-05-26,8.84,9.16,8.84,9.14,2149564.0
2005-05-27,9.2,10.06,9.11,10.06,4914248.0
2005-05-30,10.4,10.58,10.1,10.26,11955599.0
2005-05-31,10.28,11.07,10.28,10.84,11609547.0
2005-06-01,10.84,11.92,10.84,11.87,14810762.0
2005-06-02,11.85,11.85,10.87,11.2,10632636.0
2005-06-03,11.18,11.56,10.62,10.66,8215131.0
2005-06-06,10.49,10.89,10.42,10.77,5568344.0
2005-06-07,10.75,11.7,10.69,10.8,9838766.0
2005-06-08,10.78,11.59,10.64,11.41,10097137.0
2005-06-09,11.34,12.55,11.04,12.15,13758047.0
2005-06-10,12.1,12.8,11.76,12.1,9932183.0
2005-06-13,12.15,12.53,11.83,12.23,5049767.0
2005-06-14,12.24,12.35,11.0,11.0,7842820.0
2005-06-15,10.73,10.93,10.44,10.53,4734957.0
2005-06-16,10.44,11.04,10.1,11.04,5009976.0
2005-06-17,11.0,11.04,10.57,10.69,2732161.0
2005-06-20,10.97,11.57,10.6,11.44,3804435.0
2005-06-21,11.44,11.44,11.16,11.23,2130014.0
2005-06-22,11.16,11.16,10.82,11.01,2073833.0
2005-06-23,11.01,11.34,10.88,11.03,2369372.0
2005-06-24,11.01,11.01,10.56,10.84,3482951.0
2005-06-27,11.03,11.38,10.97,11.23,3959737.0
2005-06-28,11.1,11.16,10.88,10.92,1912044.0
2005-06-29,10.9,11.12,10.88,10.92,1452175.0
2005-06-30,10.92,10.92,10.32,10.34,2724714.0
2005-07-01,10.28,10.28,9.35,9.45,4523307.0
2005-07-04,9.35,9.76,9.28,9.69,2375143.0
2005-07-05,9.71,9.74,9.43,9.48,1166104.0
2005-07-06,9.45,9.65,9.41,9.47,1063219.0
2005-07-07,9.45,9.6,9.24,9.43,1340891.0
2005-07-08,9.32,9.32,8.81,8.94,2312168.0
2005-07-11,9.41,9.48,8.89,8.98,3141046.0
2005-07-12,8.87,9.43,8.5,9.26,4687049.0
2005-07-13,9.26,9.89,9.09,9.76,6762027.0
2005-07-14,9.76,9.82,9.47,9.71,3240366.0
2005-07-15,9.69,9.69,9.08,9.11,2994476.0
2005-07-18,9.08,9.3,8.89,9.24,1705279.0
2005-07-19,9.17,9.37,9.11,9.32,1326231.0
2005-07-20,9.3,9.65,9.24,9.56,2457019.0
2005-07-21,9.6,9.63,9.22,9.35,2025951.0
2005-07-22,9.58,9.95,9.43,9.76,4972513.0
2005-07-25,9.76,9.78,9.54,9.65,1993451.0
2005-07-26,9.63,9.95,9.56,9.84,3653773.0
2005-07-27,9.84,10.0,9.63,9.97,3606804.0
2005-07-28,9.99,10.3,9.84,9.97,4499092.0
2005-07-29,9.97,9.97,9.56,9.73,3128344.0
2005-08-01,9.71,10.1,9.6,10.0,3379896.0
2005-08-02,10.0,10.06,9.8,10.04,2814082.0
2005-08-03,10.06,10.32,10.0,10.08,4488592.0
2005-08-04,10.04,10.06,9.76,9.82,2741932.0
2005-08-05,9.82,10.75,9.76,10.54,6920565.0
2005-08-08,10.56,10.84,10.45,10.64,5809254.0
2005-08-09,10.6,11.12,10.53,11.12,7261209.0
2005-08-10,11.34,11.66,11.16,11.4,8138372.0
2005-08-11,11.42,11.47,11.03,11.36,4714187.0
2005-08-12,11.36,11.49,10.9,10.93,4544793.0
2005-08-15,10.82,11.62,10.79,11.57,5245918.0
2005-08-16,11.64,11.72,11.18,11.33,3734913.0
2005-08-17,11.33,11.53,11.05,11.46,3223124.0
2005-08-18,11.51,11.83,10.97,11.03,7079517.0
2005-08-19,11.03,11.49,10.73,11.27,5166231.0
2005-08-22,11.27,11.9,11.18,11.88,6910208.0
2005-08-23,11.81,11.81,11.29,11.49,4268750.0
2005-08-24,11.53,11.7,11.23,11.49,3338875.0
2005-08-25,11.51,11.75,11.16,11.68,4387061.0
2005-08-26,11.81,12.18,11.77,11.81,8359730.0
2005-08-29,11.81,11.81,11.34,11.46,2871880.0
2005-08-30,11.36,11.57,11.31,11.38,2236054.0
2005-08-31,11.34,11.55,11.29,11.51,1944873.0
2005-09-01,11.53,11.94,11.36,11.85,4870820.0
2005-09-02,11.86,12.07,11.77,12.01,4501619.0
2005-09-05,12.01,12.14,11.88,12.03,3002799.0
2005-09-06,12.03,12.42,11.66,11.72,4654888.0
2005-09-07,11.72,12.27,11.64,12.24,4258325.0
2005-09-08,12.27,12.39,11.96,12.12,4069267.0
2005-09-09,12.01,12.35,11.99,12.09,2371887.0
2005-09-12,12.18,12.27,11.94,12.22,2182736.0
2005-09-13,12.33,12.76,12.31,12.61,6632553.0
2005-09-14,12.65,12.66,12.44,12.63,3273352.0
2005-09-15,12.63,12.76,12.44,12.61,2476239.0
2005-09-16,12.61,12.72,12.48,12.66,2387565.0
2005-09-19,12.65,12.74,12.52,12.74,2664766.0
2005-09-20,12.76,12.78,12.2,12.48,4345428.0
2005-09-21,12.39,12.4,11.99,12.09,4331476.0
2005-09-22,12.07,12.09,11.38,11.55,4452710.0
2005-09-23,11.53,11.7,11.44,11.53,2008845.0
2005-09-26,11.49,11.94,11.46,11.79,1879959.0
2005-09-27,11.81,11.88,11.33,11.46,2688070.0
2005-09-28,11.46,11.55,11.25,11.46,1434183.0
2005-09-29,11.51,11.6,11.34,11.47,2045365.0
2005-09-30,11.49,11.53,11.14,11.18,2661555.0
2005-10-10,11.18,11.21,10.6,10.62,1753400.0
2005-10-11,10.49,10.93,10.23,10.88,2230260.0
2005-10-12,10.9,11.25,10.66,11.18,2804338.0
2005-10-13,11.16,11.29,10.97,10.97,1817950.0
2005-10-14,10.93,11.01,10.56,10.62,1250950.0
2005-10-17,10.6,10.97,10.47,10.93,934388.0
2005-10-18,10.97,11.08,10.71,11.03,1117834.0
2005-10-19,10.93,11.12,10.73,10.8,1005469.0
2005-10-20,10.75,10.75,10.25,10.53,2314359.0
2005-10-21,10.51,10.62,10.4,10.45,1403531.0
2005-10-24,10.54,10.9,10.38,10.75,2171812.0
2005-10-25,10.62,10.79,10.47,10.49,1307269.0
2005-10-26,10.47,10.54,9.87,9.95,2051666.0
2005-10-27,9.95,9.95,9.54,9.61,2048610.0
2005-10-28,9.61,9.97,9.56,9.71,1775793.0
2005-10-31,9.65,9.86,9.58,9.63,948400.0
2005-11-01,9.61,9.73,9.3,9.52,1600606.0
2005-11-02,9.58,9.89,9.56,9.69,2067257.0
2005-11-03,9.71,9.84,9.56,9.6,1005952.0
2005-11-04,9.61,9.93,9.52,9.86,1533738.0
2005-11-07,9.84,9.99,9.63,9.97,1367315.0
2005-11-08,9.99,10.0,9.8,9.95,965964.0
2005-11-09,9.93,9.97,9.71,9.8,1114129.0
2005-11-10,9.76,9.78,9.48,9.54,1332488.0
2005-11-11,9.54,9.73,9.3,9.61,935285.0
2005-11-14,9.61,9.82,9.48,9.71,663090.0
2005-11-16,9.67,9.67,9.34,9.54,1039561.0
2005-11-17,9.54,9.69,9.45,9.56,1041776.0
2005-11-18,9.61,9.91,9.5,9.87,2681555.0
2005-11-21,9.86,9.99,9.8,9.91,1203393.0
2005-11-22,9.86,9.91,9.56,9.58,1422051.0
2005-11-23,9.61,10.14,9.58,10.14,4586950.0
2005-11-24,10.14,10.21,10.0,10.14,3365803.0
2005-11-25,10.19,10.41,10.12,10.23,3486716.0
2005-11-28,10.25,10.32,10.02,10.12,2678307.0
2005-11-29,10.14,10.32,10.06,10.12,2571071.0
2005-11-30,10.1,10.14,9.87,10.0,1726146.0
2005-12-01,9.99,10.1,9.87,9.99,872148.0
2005-12-02,10.04,10.08,9.86,9.95,1059385.0
2005-12-05,9.95,10.02,9.56,9.58,1829247.0
2005-12-06,9.58,9.76,9.45,9.67,826107.0
2005-12-07,9.78,9.78,9.6,9.65,727220.0
2005-12-08,9.69,9.87,9.63,9.76,1263072.0
2005-12-09,9.71,10.19,9.67,10.06,2406785.0
2005-12-12,10.04,10.41,9.95,10.34,4519527.0
2005-12-13,10.34,10.47,10.15,10.43,2907475.0
2005-12-14,10.4,10.64,10.28,10.53,3553492.0
2005-12-15,10.6,10.64,10.32,10.38,3070614.0
2005-12-16,10.36,10.41,10.25,10.4,1259925.0
2005-12-19,10.34,10.53,10.23,10.34,917200.0
2005-12-20,10.34,10.49,10.27,10.47,1190075.0
2005-12-21,10.49,10.49,10.34,10.45,1411938.0
2005-12-22,10.43,10.47,10.27,10.38,714271.0
2006-01-06,11.42,11.42,11.01,11.42,13466306.0
2006-01-09,11.42,12.55,11.42,12.55,13710009.0
2006-01-10,12.55,12.59,12.09,12.39,3618102.0
2006-01-11,12.4,12.46,11.98,12.12,3606669.0
2006-01-12,12.07,12.74,12.01,12.72,6416360.0
2006-01-13,12.65,12.76,12.27,12.46,4250701.0
2006-01-16,12.5,12.63,12.16,12.2,4304005.0
2006-02-16,12.33,12.74,11.51,11.8,12185656.0
2006-02-17,11.8,11.85,11.48,11.51,3797774.0
2006-02-20,11.48,11.85,11.46,11.6,2308496.0
2006-02-21,11.63,11.73,11.31,11.7,2241653.0
2006-02-22,11.73,11.94,11.58,11.75,3200598.0
2006-02-23,11.77,11.8,11.48,11.63,1892482.0
2006-02-24,11.7,11.89,11.65,11.87,2171743.0
2006-02-27,11.89,11.89,11.65,11.68,1611341.0
2006-02-28,11.68,11.89,11.46,11.87,1975366.0
2006-03-01,11.85,11.92,11.73,11.89,2036854.0
2006-03-02,11.89,11.89,11.48,11.63,2421675.0
2006-03-03,11.58,11.63,11.36,11.53,2039635.0
2006-03-06,11.51,11.7,11.51,11.51,1321854.0
2006-03-07,11.53,11.53,11.12,11.14,1820620.0
2006-03-08,11.1,11.39,11.07,11.22,1454824.0
2006-03-09,11.24,11.6,11.17,11.36,1260099.0
2006-03-10,11.36,11.41,11.22,11.34,874175.0
2006-03-13,11.24,11.48,11.24,11.41,801182.0
2006-03-14,11.41,11.56,11.34,11.51,851557.0
2006-03-15,11.56,11.77,11.48,11.7,1829046.0
2006-03-16,11.7,11.73,11.6,11.7,1256679.0
2006-03-17,11.65,12.04,11.65,12.02,4897852.0
2006-03-20,12.06,12.26,11.87,12.16,2946207.0
2006-03-21,12.18,12.21,11.94,11.99,2381401.0
2006-03-22,12.16,12.38,11.97,12.35,4268205.0
2006-03-23,12.33,12.43,12.18,12.35,2625759.0
2006-03-24,12.35,12.38,11.99,11.99,2576029.0
2006-03-27,11.99,12.33,11.82,12.31,2255999.0
2006-03-28,12.26,12.57,12.21,12.47,3456805.0
2006-03-29,12.45,12.62,12.23,12.38,3277212.0
2006-03-30,12.33,12.52,12.09,12.11,2126560.0
2006-03-31,12.06,12.45,11.97,12.35,2452730.0
2006-04-03,12.33,13.59,12.33,13.59,12899515.0
2006-04-04,13.73,14.22,13.73,13.8,13509126.0
2006-04-05,14.22,14.22,13.54,13.9,7407833.0
2006-04-06,13.85,14.38,13.49,13.83,8281913.0
2006-04-07,13.78,14.29,13.68,14.22,8247383.0
2006-04-10,14.22,14.75,14.17,14.51,7966110.0
2006-04-11,14.51,14.51,14.02,14.24,6629934.0
2006-04-12,14.51,14.51,13.9,14.09,4397181.0
2006-04-13,14.0,14.26,13.2,13.25,5859444.0
2006-04-14,13.54,13.83,13.05,13.78,6541515.0
2006-04-17,13.83,14.29,13.71,13.88,6633748.0
2006-04-18,13.95,13.97,13.42,13.59,4462417.0
2006-04-19,13.61,14.36,13.42,14.26,8085004.0
2006-04-21,13.9,14.82,13.88,14.38,9469697.0
2006-04-24,14.43,15.38,14.36,14.96,12209838.0
2006-04-25,14.99,14.99,14.02,14.65,7604417.0
2006-04-26,14.58,15.5,14.51,15.11,11385414.0
2006-04-27,15.23,15.35,14.7,14.92,4665885.0
2006-04-28,14.7,15.52,14.31,14.7,8957455.0
2006-05-08,14.96,15.3,14.53,15.06,8488545.0
2006-05-09,15.06,16.44,14.89,16.03,12073335.0
2006-05-10,16.03,16.32,15.67,16.0,6798484.0
2006-05-11,15.96,16.22,15.11,15.11,7138718.0
2006-05-12,14.99,15.74,14.75,15.57,7345605.0
2006-05-15,15.45,16.63,15.45,16.32,8862136.0
2006-05-16,16.2,16.27,14.96,15.01,6839393.0
2006-05-17,15.23,15.59,14.84,15.16,4233254.0
2006-05-18,15.16,15.23,14.77,15.01,3580387.0
2006-05-19,14.99,15.69,14.94,15.45,4745020.0
2006-05-22,15.45,16.39,15.35,15.98,7450074.0
2006-05-23,15.71,15.71,14.89,14.94,5745486.0
2006-05-24,15.01,15.23,13.9,14.31,3723427.0
2006-05-25,14.31,14.72,14.12,14.43,2446744.0
2006-05-26,14.43,14.84,14.41,14.65,2812415.0
2006-05-29,14.65,15.11,14.55,15.09,3339542.0
2006-05-30,15.11,15.81,14.72,15.54,5840854.0
2006-05-31,15.45,15.52,14.87,14.96,3769382.0
2006-06-01,14.96,15.74,14.84,15.45,7220277.0
2006-06-02,15.59,16.2,15.16,15.91,10056235.0
2006-06-05,15.96,16.87,15.79,16.73,9797470.0
2006-06-06,16.58,16.58,16.08,16.17,5030834.0
2006-06-07,16.2,16.29,14.89,15.04,5456333.0
2006-06-08,14.99,15.04,14.31,14.92,3392001.0
2006-06-09,15.04,15.34,14.74,14.92,2954634.0
2006-06-12,14.82,14.89,14.5,14.84,1460548.0
2006-06-13,14.79,15.19,14.67,14.92,1749159.0
2006-06-14,14.82,15.14,14.5,15.01,1303762.0
2006-06-15,15.04,15.9,15.04,15.53,6777032.0
2006-06-16,15.56,15.9,15.46,15.61,4866930.0
2006-06-19,15.61,16.4,15.41,16.07,6075437.0
2006-06-20,16.05,17.16,15.93,16.81,10973568.0
2006-06-21,16.64,17.26,16.52,16.52,5671267.0
2006-06-22,16.35,17.83,16.2,17.73,8836290.0
2006-06-23,17.6,18.61,17.38,18.24,11891823.0
2006-06-26,18.27,19.23,18.07,18.42,8541992.0
2006-06-27,18.39,18.66,18.17,18.37,4721147.0
2006-06-28,18.32,19.13,18.2,18.44,5053047.0
2006-06-29,18.37,18.71,18.24,18.42,4483025.0
2006-06-30,18.49,19.33,18.34,18.86,7271036.0
2006-07-03,18.86,19.21,18.52,18.96,5115249.0
2006-07-04,18.98,19.33,18.49,18.86,5916730.0
2006-07-05,18.76,18.86,17.87,17.97,5688790.0
2006-07-06,17.9,18.61,17.83,18.29,3482214.0
2006-07-07,18.27,18.96,18.24,18.61,4406717.0
2006-07-10,18.59,19.03,18.27,18.66,4944172.0
2006-07-11,18.74,20.54,18.59,20.34,13703529.0
2006-07-12,20.14,21.45,19.85,21.01,10769171.0
2006-07-13,20.88,21.67,19.23,19.35,13239955.0
2006-07-14,19.35,21.3,19.33,21.3,9104511.0
2006-07-17,21.94,22.39,21.3,21.77,12863178.0
2006-07-18,21.45,21.89,20.59,21.65,7792335.0
2006-07-19,21.5,22.78,21.23,21.52,12462688.0
2006-07-20,21.4,21.67,20.66,21.01,6249576.0
2006-07-21,20.96,21.92,20.78,21.55,6324412.0
2006-07-24,21.1,22.24,20.73,21.87,7126804.0
2006-07-25,21.87,22.93,21.65,21.94,9378390.0
2006-07-26,21.94,22.46,21.45,21.75,5330118.0
2006-07-27,21.75,21.99,21.18,21.35,4856156.0
2006-07-28,21.45,21.57,20.41,20.98,4968143.0
2006-07-31,20.93,21.18,19.7,19.85,5014453.0
2006-08-01,19.8,20.17,19.28,19.75,4178510.0
2006-08-02,19.8,20.12,19.55,20.0,4229179.0
2006-08-03,20.04,20.41,19.72,19.97,2314757.0
2006-08-04,20.09,20.22,18.49,18.57,4599695.0
2006-08-07,18.44,19.23,18.37,18.59,3196749.0
2006-08-08,18.74,19.65,18.74,19.63,3352151.0
2006-08-09,19.72,20.04,19.48,19.85,3474327.0
2006-08-10,19.95,20.34,19.87,19.95,3198226.0
2006-08-11,19.97,20.17,19.48,19.65,3171211.0
2006-08-14,19.72,19.87,18.66,18.86,2860646.0
2006-08-15,18.86,19.3,18.52,19.28,1962188.0
2006-08-16,19.18,19.85,19.13,19.72,3052768.0
2006-08-17,19.6,19.6,19.13,19.35,1818972.0
2006-08-18,19.21,19.63,19.21,19.45,2086257.0
2006-08-21,18.37,20.02,18.24,19.85,4378782.0
2006-08-22,19.9,20.73,19.67,20.59,6826768.0
2006-08-23,20.49,21.33,20.41,20.66,6182558.0
2006-08-24,20.46,21.2,20.46,21.08,4274215.0
2006-08-25,21.08,21.67,20.91,21.06,5546812.0
2006-08-28,21.1,22.88,21.1,22.51,8234865.0
2006-08-29,22.63,22.98,21.99,22.39,10076254.0
2006-08-30,22.19,22.95,22.07,22.86,6420001.0
2006-08-31,23.0,25.0,22.61,24.51,13544059.0
2006-09-01,24.36,24.65,23.5,23.99,9537745.0
2006-09-04,24.21,25.76,24.21,24.61,21221572.0
2006-09-05,24.68,25.05,24.26,24.65,12510617.0
2006-09-06,24.65,24.65,23.64,24.16,8556532.0
2006-09-07,24.16,24.21,23.35,23.47,5008391.0
2006-09-11,23.79,23.87,22.19,23.79,6153653.0
2006-09-12,23.64,24.29,23.3,23.74,5311175.0
2006-09-13,23.92,24.16,22.93,23.08,4482938.0
2006-09-14,22.93,23.84,22.93,23.82,5189569.0
2006-09-15,23.87,24.53,23.84,24.11,5311237.0
2006-09-18,24.16,25.02,24.01,24.83,5581470.0
2006-09-19,24.83,24.95,24.26,24.58,4197568.0
2006-09-20,24.38,24.85,24.21,24.53,3299202.0
2006-09-21,24.7,25.02,24.43,24.53,4180029.0
2006-09-22,24.56,24.65,23.79,24.01,4980602.0
2006-09-25,23.96,24.06,23.27,23.45,4134842.0
2006-09-27,23.32,23.89,23.2,23.57,2101852.0
2006-09-28,23.57,23.79,23.3,23.57,2936304.0
2006-09-29,23.45,24.09,23.45,23.77,3102766.0
2006-10-09,24.01,24.09,23.42,23.64,3746245.0
2006-10-10,23.67,24.16,23.32,23.92,3912663.0
2006-10-11,23.84,24.78,23.82,24.43,4350007.0
2006-10-12,24.53,24.61,23.03,23.08,5619399.0
2006-10-13,23.08,23.35,22.9,23.1,2847460.0
2006-10-16,22.93,23.25,22.58,22.61,2448273.0
2006-10-17,22.61,22.95,22.31,22.76,1875771.0
2006-10-18,22.63,23.03,22.56,22.95,2061091.0
2006-10-19,22.98,23.37,22.95,23.1,2027175.0
2006-10-20,23.1,23.3,22.44,22.61,2663426.0
2006-10-23,22.66,22.83,22.07,22.12,2194940.0
2006-10-24,22.19,22.93,22.19,22.78,2155118.0
2006-10-25,23.08,23.22,22.68,22.95,4737156.0
2006-10-26,22.95,23.72,22.73,23.27,4395368.0
2006-10-27,23.27,23.77,23.25,23.57,4426061.0
2006-10-30,23.62,24.09,23.42,23.74,2575634.0
2006-10-31,23.79,23.79,23.08,23.62,2414226.0
2006-11-01,23.52,23.52,22.9,23.2,1777195.0
2006-11-02,23.2,23.79,22.93,23.74,2357680.0
2006-11-03,23.74,23.79,23.22,23.35,1744096.0
2006-11-06,23.18,23.22,22.63,22.73,3308171.0
2006-11-07,22.71,22.73,22.07,22.56,3037564.0
2006-11-08,22.44,22.9,22.31,22.63,1428162.0
2006-11-09,22.58,23.62,22.56,23.18,3085197.0
2006-11-10,23.18,23.32,22.56,22.63,2432648.0
2006-11-13,22.53,22.78,21.25,21.35,3377335.0
2006-11-14,21.33,21.92,21.13,21.82,2213803.0
2006-11-15,21.89,22.56,21.57,22.46,2714732.0
2006-11-16,22.56,22.56,21.87,21.89,2127246.0
2006-11-17,21.7,22.29,21.65,21.89,1777682.0
2006-11-20,22.14,22.21,21.57,22.09,2447043.0
2006-11-21,21.87,22.56,21.87,22.36,2925193.0
2006-11-22,22.51,23.77,22.44,23.13,6650743.0
2006-11-23,22.9,23.77,22.86,23.55,6054098.0
2006-11-24,23.62,24.26,23.4,24.01,5979860.0
2006-11-27,23.99,24.58,23.74,24.16,4404970.0
2006-11-28,24.26,25.35,24.26,25.22,7976683.0
2006-11-29,24.65,26.06,24.36,25.44,8798297.0
2006-11-30,25.54,26.23,25.39,25.96,6968963.0
2006-12-01,26.13,26.16,25.42,25.79,5890501.0
2006-12-04,25.79,27.17,25.79,27.12,7089798.0
2006-12-05,27.34,28.35,26.68,27.49,7229445.0
2006-12-06,27.49,27.49,25.44,26.31,8369199.0
2006-12-07,26.04,27.27,25.69,25.74,6431373.0
2006-12-08,25.35,26.04,24.8,24.9,5876694.0
2006-12-11,24.93,27.1,24.93,26.92,6113770.0
2006-12-12,27.0,29.34,27.0,28.65,13979557.0
2006-12-13,28.6,29.34,27.91,28.55,5441669.0
2006-12-14,28.6,29.09,28.06,28.85,4604805.0
2006-12-15,28.87,29.46,28.6,29.02,4573971.0
2006-12-19,30.84,31.19,29.59,30.55,9229915.0
2006-12-20,30.28,32.0,29.61,31.83,6179956.0
2006-12-21,31.8,32.37,30.57,30.97,5401317.0
2006-12-22,30.67,31.16,29.46,29.64,6670317.0
2006-12-25,29.76,32.05,29.61,30.79,6982593.0
2006-12-26,30.82,31.04,30.08,30.45,2763994.0
2006-12-27,30.33,31.53,30.08,31.21,3059212.0
2006-12-28,31.34,31.73,30.08,30.52,2830619.0
2006-12-29,30.7,32.2,30.7,31.58,5816880.0
2007-01-04,32.3,34.74,32.3,33.46,8800320.0
2007-01-08,34.27,36.69,34.27,35.23,6058908.0
2007-01-09,35.06,36.09,34.76,36.0,4462963.0
2007-01-10,35.75,36.98,35.65,36.37,4009491.0
2007-01-11,36.24,37.8,35.5,36.0,4863886.0
2007-01-12,35.75,36.37,33.78,33.83,5698205.0
2007-01-15,33.53,37.2,33.53,37.2,5984586.0
2007-01-16,37.97,38.22,37.2,38.19,4979702.0
2007-01-17,38.22,40.68,37.48,39.37,8411347.0
2007-01-18,38.44,39.99,37.97,39.42,7376647.0
2007-01-19,40.06,42.48,40.06,41.32,7538048.0
2007-01-22,42.6,45.27,41.91,45.24,6452058.0
2007-01-23,45.76,45.81,42.06,44.58,6014351.0
2007-01-24,44.38,44.38,43.15,44.06,3397704.0
2007-01-25,43.59,44.95,40.38,42.28,7321551.0
2007-01-26,41.79,44.38,41.0,44.01,7193426.0
2007-01-29,44.38,44.87,43.27,44.48,5025354.0
2007-01-30,44.5,44.82,43.59,43.74,3460205.0
2007-01-31,43.79,43.89,40.68,40.68,4918601.0
2007-02-01,40.01,41.54,39.79,40.88,3774998.0
2007-02-02,40.93,41.3,38.22,38.44,3437312.0
2007-02-05,37.75,40.24,37.75,39.55,3778307.0
2007-02-06,39.69,41.84,39.57,41.79,2856416.0
2007-02-07,42.16,43.66,42.16,42.68,3245975.0
2007-02-08,42.78,43.81,42.26,42.92,2720746.0
2007-02-09,42.9,44.26,42.43,43.59,3287388.0
2007-02-12,43.96,43.98,42.65,43.54,2744314.0
2007-02-13,43.93,43.93,42.65,43.44,2602689.0
2007-02-14,43.34,46.43,42.9,45.61,4101985.0
2007-02-15,45.61,46.35,45.24,45.86,3220380.0
2007-02-16,45.98,49.06,45.96,48.82,4302852.0
2007-02-26,48.08,49.06,48.0,48.77,2954019.0
2007-02-27,48.62,48.72,43.89,43.89,5239096.0
2007-02-28,41.99,44.38,41.42,44.33,4664107.0
2007-03-01,44.03,44.03,40.19,40.8,4381569.0
2007-03-02,40.38,42.36,40.19,41.15,3003674.0
2007-03-05,41.42,43.34,40.73,42.8,4003923.0
2007-03-06,42.6,42.78,41.84,42.16,1956255.0
2007-03-07,42.73,44.01,42.18,43.32,3420644.0
2007-03-08,43.49,44.58,43.0,44.38,2786341.0
2007-03-09,44.58,46.47,42.41,45.51,6619237.0
2007-03-12,45.24,46.08,43.91,44.82,4026196.0
2007-03-13,44.82,45.24,43.89,44.23,3087002.0
2007-03-14,43.39,45.17,41.99,43.69,3675267.0
2007-03-15,43.42,44.63,43.29,44.35,3489140.0
2007-03-16,44.82,44.82,42.28,43.05,3921615.0
2007-03-19,41.42,44.3,40.93,42.75,3128801.0
2007-03-20,42.8,44.87,42.65,44.06,5008742.0
2007-03-21,44.08,44.7,43.89,44.16,3159797.0
2007-03-22,44.55,45.81,44.26,44.75,4546312.0
2007-03-23,44.4,46.6,44.16,46.52,5444609.0
2007-03-26,47.86,51.18,47.34,51.18,7805891.0
2007-03-27,51.55,54.22,50.17,50.37,11031579.0
2007-03-28,50.37,50.42,46.35,49.16,9265924.0
2007-03-29,48.5,48.5,46.55,47.26,6941440.0
2007-03-30,47.04,48.05,46.47,47.29,4799879.0
2007-04-02,47.61,48.08,46.6,47.49,4819686.0
2007-04-03,47.53,48.05,46.79,47.83,7052148.0
2007-04-04,48.03,49.04,47.34,48.94,6954092.0
2007-04-05,48.62,50.0,48.32,49.53,5063501.0
2007-04-06,48.32,50.07,48.32,48.94,4882033.0
2007-04-09,48.82,50.42,48.77,50.35,6732714.0
2007-04-10,50.3,50.74,47.36,49.11,5247200.0
2007-04-11,48.94,48.94,47.71,48.45,5936206.0
2007-04-12,48.27,50.3,47.88,49.85,6881856.0
2007-04-13,49.95,51.26,49.31,50.0,7679290.0
2007-04-17,53.21,53.21,50.07,51.68,10031679.0
2007-04-18,51.78,52.86,50.57,52.49,8220374.0
2007-04-19,52.22,52.22,48.13,50.3,7224428.0
2007-04-20,50.32,53.65,50.32,53.13,9168326.0
2007-04-23,53.82,57.86,53.82,57.57,10878795.0
2007-04-24,58.38,58.38,55.5,56.19,9372106.0
2007-04-25,56.24,56.71,53.75,56.51,6582962.0
2007-04-26,56.73,57.72,55.97,56.19,5261668.0
2007-04-27,55.67,55.7,53.94,54.41,5860367.0
2007-04-30,54.24,54.24,52.29,53.45,6104103.0
2007-05-08,54.49,55.1,52.88,54.07,6816353.0
2007-05-09,53.99,53.99,50.91,52.61,8320549.0
2007-05-10,52.54,54.24,52.54,53.8,6145603.0
2007-05-11,52.51,53.13,51.45,52.07,5668267.0
2007-05-14,51.41,51.53,50.57,51.11,6041474.0
2007-05-15,51.28,52.17,50.74,51.82,6831231.0
2007-05-16,51.82,52.81,50.81,52.76,7291720.0
2007-05-17,53.13,54.34,52.76,53.72,9133050.0
2007-05-18,53.33,53.45,52.32,52.49,5973141.0
2007-05-21,50.54,53.94,49.8,52.79,6870853.0
2007-05-22,52.81,53.75,52.71,53.23,7266249.0
2007-05-23,53.28,55.6,52.56,55.18,11575438.0
2007-05-24,55.4,55.4,52.1,53.06,8499883.0
2007-05-25,52.98,53.38,52.27,52.81,6188924.0
2007-05-28,52.84,55.47,52.51,54.83,14880521.0
2007-05-29,55.35,59.17,54.83,58.46,18189444.0
2007-05-30,54.36,61.88,53.75,57.4,26616513.0
2007-05-31,57.94,61.51,53.01,60.21,20373672.0
2007-06-01,61.05,66.22,60.8,62.55,26420134.0
2007-06-04,61.14,61.27,56.29,56.29,16724133.0
2007-06-05,51.82,55.72,50.67,54.41,12653575.0
2007-06-06,54.98,58.43,53.38,56.48,7862988.0
2007-06-07,56.61,59.64,55.97,58.75,7362721.0
2007-06-08,58.8,60.02,58.18,58.53,6113525.0
2007-06-11,59.55,64.38,58.8,64.38,10244225.0
2007-06-12,65.23,66.47,61.28,65.9,12059229.0
2007-06-13,66.15,71.9,64.51,68.43,8803713.0
2007-06-14,67.93,71.06,65.75,67.26,6138992.0
2007-06-15,66.49,69.42,65.77,68.33,5914022.0
2007-06-18,70.71,71.16,68.13,68.35,5803312.0
2007-06-19,68.3,68.3,65.75,67.01,5531009.0
2007-06-20,67.01,70.93,65.87,66.82,6603825.0
2007-06-21,66.37,70.84,66.25,70.26,6630666.0
2007-06-22,69.82,73.64,67.44,70.31,10418833.0
2007-06-25,71.46,72.08,66.25,67.14,9286348.0
2007-06-26,64.51,66.99,60.51,66.87,7893846.0
2007-06-27,66.74,69.97,65.5,68.9,5803235.0
2007-06-28,68.93,69.72,63.52,65.08,6441781.0
2007-06-29,62.52,64.71,59.05,61.01,6116484.0
2007-07-02,59.55,62.72,57.07,60.99,4782894.0
2007-07-03,61.04,61.98,58.73,60.79,3318894.0
2007-07-04,61.28,63.27,59.87,60.69,4345873.0
2007-07-05,59.55,60.19,55.73,56.02,4680711.0
2007-07-06,55.82,58.31,52.23,58.21,6074931.0
2007-07-09,57.81,61.01,57.81,60.02,5245095.0
2007-07-10,59.99,59.99,56.82,57.49,3570729.0
2007-07-11,57.07,58.06,56.35,57.81,1523197.0
2007-07-12,57.76,59.42,57.26,58.03,1862757.0
2007-07-13,58.18,58.18,55.82,57.44,2314227.0
2007-07-16,57.02,57.41,54.11,55.78,2507120.0
2007-07-17,55.4,56.72,54.53,56.0,1970207.0
2007-07-18,55.82,58.45,55.33,57.07,2987041.0
2007-07-19,56.59,58.28,55.95,56.87,1617077.0
2007-07-20,56.57,59.35,56.57,58.98,5330914.0
2007-07-23,59.6,62.3,59.55,62.0,7124669.0
2007-07-24,62.65,66.96,61.01,63.81,9620198.0
2007-07-26,67.49,67.51,65.0,65.6,7056238.0
2007-07-27,65.13,66.49,63.89,65.72,3974137.0
2007-07-30,65.25,69.42,65.25,68.01,6092260.0
2007-07-31,67.51,68.63,66.64,67.63,3689012.0
2007-08-01,68.18,68.97,63.52,64.53,5001450.0
2007-08-02,65.75,68.68,65.0,68.63,7156826.0
2007-08-03,69.22,72.2,68.73,71.51,11119984.0
2007-08-06,73.64,76.54,70.96,72.8,11175180.0
2007-08-07,72.8,75.92,69.47,74.41,11242673.0
2007-08-08,74.16,76.07,68.23,70.61,14682328.0
2007-08-09,70.76,71.65,68.43,69.02,9803147.0
2007-08-10,68.97,68.97,64.71,67.73,8536638.0
2007-08-13,67.24,68.23,65.87,66.47,3769830.0
2007-08-14,66.27,68.4,66.12,67.51,4424787.0
2007-08-15,68.23,68.65,65.25,66.47,4404809.0
2007-08-16,66.67,67.11,65.33,66.99,4455024.0
2007-08-17,67.26,68.68,66.44,66.84,3940347.0
2007-08-20,68.35,71.51,67.73,71.31,8445969.0
2007-08-21,71.95,73.37,71.08,72.35,9962576.0
2007-08-22,70.84,73.37,70.59,71.75,6342319.0
2007-08-23,72.57,72.94,70.71,71.13,6373645.0
2007-08-24,70.96,71.65,69.4,70.17,5865862.0
2007-08-27,70.22,72.35,69.47,71.01,6425865.0
2007-08-28,70.22,70.84,68.68,69.59,6207312.0
2007-08-29,68.35,71.21,67.73,69.99,7329317.0
2007-08-30,70.34,71.13,68.73,70.54,5924911.0
2007-08-31,70.71,72.67,70.71,71.06,5488227.0
2007-09-03,71.36,72.32,70.29,72.0,6345480.0
2007-09-04,72.2,75.13,70.98,73.37,10723194.0
2007-09-05,73.69,74.18,69.97,71.68,7124715.0
2007-09-06,71.9,73.17,71.06,72.15,6274188.0
2007-09-07,71.88,75.55,70.91,73.59,13389222.0
2007-09-10,73.19,79.4,72.45,78.4,13070076.0
2007-09-11,78.4,78.4,70.56,70.69,9935899.0
2007-09-12,70.69,72.42,67.51,70.31,6864238.0
2007-09-13,69.97,71.11,68.23,70.91,4160946.0
2007-09-14,70.86,71.03,68.43,70.69,4127902.0
2007-09-17,70.22,72.42,69.52,71.93,4358853.0
2007-09-18,73.19,75.43,72.0,73.89,5917221.0
2007-09-19,74.09,75.18,70.74,73.02,3840715.0
2007-09-20,71.7,73.39,71.11,72.0,4686785.0
2007-09-21,72.2,72.94,69.5,71.01,3569909.0
2007-09-24,71.01,73.14,68.68,71.18,4548223.0
2007-09-25,71.26,71.95,68.97,70.09,3771644.0
2007-09-26,69.47,70.41,68.03,68.33,2949559.0
2007-09-27,68.08,69.35,66.99,68.45,2519472.0
2007-09-28,69.17,69.72,67.61,69.45,5487276.0
2007-10-08,69.97,70.44,67.49,67.54,3854634.0
2007-10-09,66.99,68.21,66.0,67.41,3453500.0
2007-10-10,67.49,68.55,64.51,65.3,8439713.0
2007-10-11,65.53,66.25,63.89,64.38,5326650.0
2007-10-12,64.26,64.38,59.55,61.95,6568694.0
2007-10-15,62.03,63.52,61.63,62.5,4717343.0
2007-10-16,62.52,63.99,61.78,63.84,4271361.0
2007-10-17,63.52,65.18,62.77,63.81,3766269.0
2007-10-18,64.24,64.24,61.46,62.52,2525291.0
2007-10-19,62.03,63.89,62.03,62.4,2087138.0
2007-10-22,60.54,61.98,60.04,60.07,2242779.0
2007-10-23,60.29,60.79,58.33,59.2,2216514.0
2007-10-24,59.55,59.99,57.26,57.96,2746971.0
2007-10-25,57.56,59.55,55.23,58.28,4328837.0
2007-10-26,57.31,59.0,56.57,56.67,3071230.0
2007-10-29,58.31,58.45,54.86,56.89,2523269.0
2007-10-30,57.04,59.17,56.72,59.03,2028058.0
2007-10-31,59.55,61.95,59.55,60.76,4592942.0
2007-11-01,60.84,61.28,58.63,59.55,3363322.0
2007-11-02,59.05,59.05,56.69,57.07,2882712.0
2007-11-05,57.04,58.55,55.78,57.64,1784746.0
2007-11-06,58.31,59.52,57.91,58.5,1898640.0
2007-11-07,58.55,59.5,56.32,57.29,1795872.0
2007-11-08,57.44,57.51,55.03,55.33,2393230.0
2007-11-09,54.83,55.8,53.59,54.51,1989248.0
2007-11-12,54.01,55.45,53.34,54.86,1839240.0
2007-11-13,55.92,56.32,54.11,54.81,1113646.0
2007-11-14,55.13,56.62,55.13,56.59,2618510.0
2007-11-15,56.45,57.39,55.53,55.55,1842281.0
2007-11-16,54.78,56.32,54.39,56.05,1200176.0
2007-11-19,56.59,61.53,56.07,61.26,7534065.0
2007-11-20,60.04,62.4,59.82,60.99,6082972.0
2007-11-21,61.04,63.71,60.29,62.97,8285027.0
2007-11-22,61.53,63.49,59.55,60.19,3828877.0
2007-11-23,59.55,63.52,59.25,63.09,4768221.0
2007-11-26,64.29,64.56,61.53,61.85,5931545.0
2007-11-27,60.99,63.02,60.79,61.51,2087731.0
2007-11-28,61.51,63.52,60.79,61.51,1919437.0
2007-11-29,62.65,63.96,61.58,63.47,2878301.0
2007-11-30,63.39,64.21,62.65,62.85,2611643.0
2007-12-03,62.97,66.22,62.4,65.18,4836724.0
2007-12-04,65.5,65.95,64.33,64.73,2323291.0
2007-12-05,65.0,66.79,64.63,66.12,3655319.0
2007-12-06,66.49,67.73,65.63,67.36,3207762.0
2007-12-07,67.21,68.8,66.54,67.39,4966834.0
2007-12-10,66.74,71.46,66.49,71.31,8918520.0
2007-12-11,71.18,71.95,69.5,70.66,7085854.0
2007-12-12,70.22,72.2,69.67,71.41,5019400.0
2007-12-13,70.89,71.83,66.62,66.77,5452197.0
2007-12-14,66.0,73.44,65.5,73.14,8541888.0
2007-12-17,73.69,77.63,71.9,71.95,14274674.0
2007-12-18,71.21,75.18,70.46,73.14,6504779.0
2007-12-19,73.32,76.89,73.27,75.03,7757533.0
2007-12-20,75.65,76.37,74.43,74.9,4812098.0
2007-12-21,74.88,76.29,74.18,75.43,4825698.0
2007-12-24,75.48,76.86,75.18,76.72,5702608.0
2007-12-25,76.74,77.48,75.48,75.8,3481440.0
2007-12-26,76.42,80.88,76.05,79.62,8225763.0
2007-12-27,79.82,81.88,79.1,79.74,5797029.0
2007-12-28,79.74,83.59,79.74,82.72,7562634.0
2008-01-02,84.95,90.96,84.36,90.59,14046998.0
2008-01-03,90.78,93.86,88.7,90.04,11726676.0
2008-01-04,89.05,91.68,86.34,89.25,9705273.0
2008-01-07,86.96,90.56,86.96,88.15,6476466.0
2008-01-08,88.03,88.03,83.89,86.54,13174719.0
2008-01-09,85.35,87.31,84.9,86.99,6777719.0
2008-01-10,86.99,90.56,84.98,86.17,6956087.0
2008-01-11,86.19,87.41,83.12,83.71,7908488.0
2008-01-14,83.37,88.08,83.07,86.89,6458977.0
2008-01-15,86.71,86.81,84.73,85.55,4434515.0
2008-01-16,84.58,87.33,84.11,84.93,6246530.0
2008-01-17,84.38,86.89,79.94,82.1,6535711.0
2008-01-18,81.63,84.16,81.26,82.97,4017744.0
2008-01-21,83.12,83.74,75.92,76.1,4990874.0
2008-01-22,71.95,74.18,68.48,68.48,13769761.0
2008-01-23,68.97,75.33,68.97,75.33,12516365.0
2008-01-24,76.86,80.59,75.92,79.89,11395358.0
2008-01-28,78.13,78.13,72.7,72.99,6408231.0
2008-01-29,75.43,80.19,75.43,78.97,8014465.0
2008-01-30,80.86,81.33,75.2,78.53,6398348.0
2008-01-31,77.16,80.64,77.14,77.86,5733087.0
2008-02-01,77.16,78.4,70.49,74.18,5614239.0
2008-02-04,78.15,81.6,75.65,81.6,6227604.0
2008-02-05,81.75,86.54,79.89,84.56,8071131.0
2008-02-13,84.36,86.17,81.63,82.25,5500756.0
2008-02-14,83.32,84.36,82.07,83.17,2903992.0
2008-02-15,81.93,82.62,76.91,79.94,5983886.0
2008-02-18,80.26,82.62,79.89,80.81,6046679.0
2008-02-19,80.39,82.79,78.18,82.07,8020629.0
2008-02-20,82.2,82.27,79.4,79.4,4757185.0
2008-02-21,79.4,80.39,76.57,79.37,4183129.0
2008-02-22,77.66,80.11,77.41,78.73,4193713.0
2008-02-25,78.73,79.4,72.4,72.87,6256431.0
2008-02-26,75.43,76.42,70.46,73.34,5434372.0
2008-02-27,74.38,75.05,72.62,74.76,3292267.0
2008-02-28,75.38,76.42,72.97,75.18,3416150.0
2008-02-29,75.38,80.86,74.95,79.82,7351432.0
2008-03-03,79.4,82.72,78.15,81.75,5759568.0
2008-03-04,81.38,83.86,80.64,81.13,6849373.0
2008-03-05,80.11,81.58,77.19,79.62,4009197.0
2008-03-06,79.4,86.66,79.27,83.94,9870226.0
2008-03-07,82.57,85.13,81.38,82.97,5899961.0
2008-03-10,82.5,82.62,78.4,79.94,3024493.0
2008-03-11,78.38,82.0,77.36,81.88,4047153.0
2008-03-12,83.37,84.43,80.98,81.65,7492263.0
2008-03-13,79.89,79.89,75.18,76.91,6037000.0
2008-03-14,75.18,78.4,75.18,76.77,2608129.0
2008-03-17,75.72,75.72,69.1,70.31,5734238.0
2008-03-18,68.43,69.97,63.29,64.16,5822548.0
2008-03-19,66.74,69.12,65.0,68.73,6605068.0
2008-03-20,66.74,75.6,65.5,75.6,14394917.0
2008-03-21,82.92,83.17,75.6,75.75,16470516.0
2008-03-24,76.91,79.4,73.94,74.16,8627325.0
2008-03-25,70.81,75.85,70.17,75.65,5545912.0
2008-03-26,75.92,76.32,71.46,72.3,5268886.0
2008-03-27,70.84,71.7,66.0,66.39,8523718.0
2008-03-28,65.25,70.34,63.71,70.26,8512319.0
2008-03-31,67.98,71.38,66.2,66.39,6705184.0
2008-04-01,65.5,66.99,59.74,59.74,9353501.0
2008-04-02,59.79,61.28,54.29,55.82,7720366.0
2008-04-03,54.61,59.03,53.42,57.81,5117846.0
2008-04-07,56.07,61.53,55.35,61.51,6265543.0
2008-04-08,61.78,66.49,60.79,64.53,8791818.0
2008-04-09,63.52,64.68,58.08,58.08,6282372.0
2008-04-10,56.82,60.79,56.57,60.46,4185267.0
2008-04-11,61.04,64.98,61.04,62.37,5397125.0
2008-04-14,60.49,61.51,57.07,58.13,4244367.0
2008-04-16,60.99,61.53,58.8,58.98,6048690.0
2008-04-17,60.24,60.79,57.31,59.0,3556840.0
2008-04-18,58.55,59.3,55.53,56.37,3948515.0
2008-04-21,61.51,61.51,55.7,56.77,5956549.0
2008-04-22,54.71,55.43,51.61,54.58,5567793.0
2008-04-23,54.29,57.44,53.37,56.89,4879034.0
2008-04-24,62.4,62.57,60.79,62.57,12827873.0
2008-04-25,62.52,66.99,61.56,64.04,11383869.0
2008-04-28,63.22,67.88,62.67,65.8,9714949.0
2008-04-29,65.28,67.41,64.71,65.63,7299051.0
2008-04-30,65.82,70.71,65.82,70.29,12073574.0
2008-05-05,71.95,73.81,70.71,71.65,11441424.0
2008-05-06,70.84,73.81,68.93,71.78,9450393.0
2008-05-07,70.96,71.95,67.24,67.44,6468981.0
2008-05-08,66.99,70.34,66.52,70.24,6560053.0
2008-05-09,71.64,74.12,70.31,72.83,7849431.0
2008-05-12,70.57,73.8,69.35,72.73,8920807.0
2008-05-13,68.06,71.86,67.99,68.38,10733663.0
2008-05-14,67.73,70.93,67.25,70.7,6162565.0
2008-05-15,71.28,72.54,68.83,69.02,8436864.0
2008-05-16,69.12,70.38,66.44,67.96,5389506.0
2008-05-19,67.64,68.86,65.15,68.25,4656656.0
2008-05-20,68.31,69.67,63.9,64.73,5524949.0
2008-05-21,63.7,68.06,61.28,67.25,7249747.0
2008-05-22,65.96,69.67,64.51,65.7,7020252.0
2008-05-23,65.32,66.57,62.41,63.93,4836411.0
2008-05-26,62.9,63.15,59.9,59.93,5798626.0
2008-05-27,60.03,61.22,59.35,60.61,2830700.0
2008-05-28,60.96,66.54,60.32,65.28,7404836.0
2008-05-29,65.35,66.06,61.83,61.93,6631700.0
2008-05-30,62.09,63.9,62.03,63.51,4674214.0
2008-06-02,63.7,66.09,63.57,65.25,5330281.0
2008-06-03,65.32,67.7,63.54,66.64,7019150.0
2008-06-04,65.99,66.06,64.51,64.99,3613441.0
2008-06-05,64.86,65.54,63.86,64.12,3003188.0
2008-06-06,64.12,65.38,63.86,64.61,2778328.0
2008-06-10,61.28,62.54,58.15,58.15,4751058.0
2008-06-11,56.12,57.67,54.93,56.19,4783498.0
2008-06-12,56.19,57.06,50.57,51.77,6656821.0
2008-06-13,52.74,53.48,47.03,47.22,6738609.0
2008-06-16,46.61,48.38,42.58,43.54,10860790.0
2008-06-17,43.51,44.12,39.19,39.19,10683386.0
2008-06-18,39.22,43.12,37.09,43.12,14973457.0
2008-06-19,42.9,45.67,39.03,39.29,17821723.0
2008-06-20,40.35,43.22,37.16,43.16,15774786.0
2008-06-23,41.93,45.41,41.51,44.54,16587192.0
2008-06-24,44.19,48.99,43.54,48.99,26509020.0
2008-06-25,51.64,53.9,49.83,53.9,33895596.0
2008-06-26,54.45,56.7,52.96,54.28,40015816.0
2008-06-27,51.8,52.86,48.87,49.7,30710647.0
2008-06-30,48.7,54.67,48.7,54.67,32189608.0
2008-07-01,55.32,59.99,54.03,56.86,47586700.0
2008-07-02,55.77,58.7,53.7,55.51,34512247.0
2008-07-03,53.74,60.64,52.93,59.03,41777264.0
2008-07-04,58.35,64.19,57.41,62.38,42124867.0
2008-07-07,62.9,67.73,61.54,62.38,57391028.0
2008-07-08,61.28,63.54,58.15,61.86,39500736.0
2008-07-09,60.9,62.57,59.03,60.28,33314314.0
2008-07-10,60.32,63.19,58.41,58.51,31368795.0
2008-07-11,57.74,59.51,56.35,58.57,22731612.0
2008-07-14,58.44,59.9,57.48,58.54,16262217.0
2008-07-15,58.77,62.44,56.45,61.03,36801251.0
2008-07-16,59.67,60.96,54.93,54.93,26111358.0
2008-07-17,55.51,56.19,49.45,49.45,27640608.0
2008-07-18,48.96,51.61,46.19,50.16,29208633.0
2008-07-22,52.67,54.83,52.09,52.96,30499687.0
2008-07-23,53.32,54.8,52.19,52.57,20547955.0
2008-07-24,52.74,53.8,51.93,53.35,16535856.0
2008-07-25,52.83,54.83,52.03,53.9,16785683.0
2008-07-28,54.45,55.35,53.54,54.03,12116716.0
2008-07-29,53.48,53.48,49.99,50.96,15017224.0
2008-07-30,51.93,52.25,49.67,50.64,8417354.0
2008-07-31,50.93,51.28,47.35,47.41,11278826.0
2008-08-01,47.09,52.16,46.45,52.16,26886614.0
2008-08-04,52.74,56.41,51.8,54.38,37013370.0
2008-08-05,53.48,54.19,49.03,49.41,18388605.0
2008-08-06,49.57,52.48,49.03,51.03,17731481.0
2008-08-07,51.09,53.54,47.61,52.86,24318566.0
2008-08-08,52.7,54.19,47.58,47.58,23595804.0
2008-08-11,45.48,45.48,42.83,42.83,2580100.0
2008-08-12,38.54,38.54,38.54,38.54,992300.0
2008-08-13,34.71,37.58,34.71,35.8,25550592.0
2008-08-14,36.12,36.19,32.22,32.45,29183011.0
2008-08-15,32.67,34.45,32.32,32.74,23081447.0
2008-08-18,32.25,32.9,29.48,29.48,23338088.0
2008-08-19,28.71,30.35,28.13,29.8,18651797.0
2008-08-20,29.61,32.74,29.06,32.35,27170664.0
2008-08-21,31.25,32.09,29.13,29.19,25140476.0
2008-08-22,28.38,31.77,26.8,30.51,30233239.0
2008-08-25,29.67,30.45,28.71,29.09,18392756.0
2008-08-26,28.19,29.09,26.29,26.32,13814492.0
2008-08-27,25.96,27.58,25.03,26.67,15980272.0
2008-08-28,26.71,27.64,26.13,26.84,14603024.0
2008-08-29,26.87,28.35,26.51,27.87,16443883.0
2008-09-01,27.74,28.32,26.77,27.55,15671236.0
2008-09-02,27.35,28.09,26.45,27.61,10569902.0
2008-09-03,27.42,29.16,27.32,28.67,17255269.0
2008-09-04,28.71,28.74,27.8,28.32,10617221.0
2008-09-05,27.25,27.87,25.8,25.93,11208905.0
2008-09-08,26.29,26.45,24.67,25.32,9682737.0
2008-09-09,25.64,26.45,25.06,26.29,8513113.0
2008-09-10,26.0,28.93,25.74,28.45,21745978.0
2008-09-11,28.42,30.0,27.25,28.77,17925013.0
2008-09-12,28.58,29.38,28.32,28.48,11437011.0
2008-09-16,28.38,28.9,27.51,28.45,11042934.0
2008-09-17,28.45,29.42,28.13,29.32,15402805.0
2008-09-18,28.71,28.93,26.38,27.42,16225204.0
2008-09-19,30.13,30.16,29.06,30.16,18391837.0
2008-09-22,31.93,33.19,30.51,33.19,36369218.0
2008-09-23,31.87,33.29,31.13,32.06,23223128.0
2008-09-24,32.0,35.25,31.06,35.25,37572060.0
2008-09-25,35.83,36.51,33.8,34.61,46961330.0
2008-09-26,34.48,34.48,31.29,32.06,30485666.0
2008-10-06,31.22,31.22,29.13,29.22,15119281.0
2008-10-07,27.74,30.19,26.93,29.32,13523109.0
2008-10-08,27.96,29.35,27.09,27.74,8453632.0
2008-10-09,28.51,28.77,27.42,27.45,7631687.0
2008-10-10,26.13,26.26,24.71,24.8,11634145.0
2008-10-13,24.35,25.9,23.35,25.84,11260986.0
2008-10-14,26.77,27.45,25.84,26.0,13649757.0
2008-10-15,25.48,26.32,25.16,25.87,6581236.0
2008-10-16,24.87,25.06,23.29,23.29,7567839.0
2008-10-17,23.71,23.96,22.77,23.38,6954941.0
2008-10-20,23.22,24.64,22.9,24.42,7082963.0
2008-10-21,24.58,25.03,23.93,24.0,8090390.0
2008-10-22,23.48,24.51,23.38,23.74,4941796.0
2008-10-23,23.51,25.74,23.19,24.93,12523869.0
2008-10-24,25.0,25.03,23.9,24.51,7302764.0
2008-10-27,23.8,24.19,22.06,22.06,7418775.0
2008-10-28,21.03,22.74,20.97,22.45,8282140.0
2008-10-29,22.87,23.16,20.38,20.55,5932077.0
2008-10-30,20.8,21.45,20.42,20.71,5376262.0
2008-10-31,20.77,20.9,19.42,19.55,5297501.0
2008-11-03,19.09,19.32,17.8,18.16,6805651.0
2008-11-04,18.03,18.77,17.77,18.22,4806097.0
2008-11-05,18.38,19.29,18.29,18.77,7332782.0
2008-11-06,18.19,18.22,17.51,17.8,6195665.0
2008-11-07,17.39,18.45,17.09,18.03,8062573.0
2008-11-10,18.32,19.68,18.16,19.55,13284813.0
2008-11-11,19.13,20.16,18.84,19.71,15328580.0
2008-11-12,19.35,19.87,19.29,19.84,9288943.0
2008-11-13,19.84,21.0,19.68,20.71,19433852.0
2008-11-14,20.8,21.77,20.42,21.58,17341010.0
2008-11-17,21.58,22.51,21.29,22.48,14657107.0
2008-11-18,22.19,22.84,20.22,20.22,16839544.0
2008-11-19,19.93,22.22,19.87,22.09,11996146.0
2008-11-20,22.26,24.16,21.87,23.64,25723628.0
2008-11-21,22.77,24.26,22.51,23.06,22748380.0
2008-11-24,23.06,23.32,21.38,21.55,11323355.0
2008-11-25,21.77,22.16,20.26,21.13,8090509.0
2008-11-26,20.97,21.48,20.71,20.93,4693255.0
2008-11-27,22.58,22.74,20.8,21.13,10180005.0
2008-11-28,20.74,21.58,20.55,20.87,5701272.0
2008-12-01,20.61,21.35,20.03,21.32,7699393.0
2008-12-02,21.03,23.06,20.74,22.35,13292404.0
2008-12-03,22.45,23.22,22.22,23.16,13178084.0
2008-12-04,23.64,24.26,22.93,23.06,18722598.0
2008-12-05,22.9,23.8,22.58,23.71,9218789.0
2008-12-08,24.19,25.64,23.87,25.35,16697608.0
2008-12-09,25.35,26.19,25.09,25.45,18897118.0
2008-12-10,25.16,27.32,25.03,27.09,20115528.0
2008-12-11,27.09,27.09,25.16,25.38,17352316.0
2008-12-12,25.16,25.51,23.22,23.35,12728734.0
2008-12-15,23.87,24.96,23.06,24.71,9491829.0
2008-12-16,24.51,24.71,23.26,24.38,6769034.0
2008-12-17,24.55,25.67,24.38,25.19,11226238.0
2008-12-18,25.13,26.38,24.93,26.38,12822778.0
2008-12-19,26.48,27.42,26.16,26.61,15906802.0
2008-12-22,26.61,27.09,25.58,26.74,12063734.0
2008-12-23,26.74,26.74,24.13,24.45,9460957.0
2008-12-24,23.71,25.45,23.38,24.84,10438838.0
2008-12-25,25.0,25.8,24.22,25.19,10810316.0
2008-12-26,25.06,25.9,24.45,25.42,11122115.0
2008-12-29,25.45,26.06,25.09,25.87,12765304.0
2008-12-30,25.77,26.09,24.58,25.26,9811448.0
2008-12-31,25.03,25.64,23.74,24.67,10422146.0
2009-01-05,24.93,25.48,24.26,25.19,10634323.0
2009-01-06,24.93,26.26,24.87,26.13,16705162.0
2009-01-07,26.19,26.71,25.55,26.35,15439486.0
2009-01-08,25.96,27.09,25.8,26.32,20236700.0
2009-01-09,26.32,26.96,26.0,26.84,13590192.0
2009-01-12,26.61,28.06,26.38,27.71,19672596.0
2009-01-13,27.06,27.61,25.96,26.09,12623479.0
2009-01-14,26.09,27.0,25.96,26.93,9040258.0
2009-01-15,26.71,27.58,26.35,26.96,12076246.0
2009-01-16,27.09,27.9,27.0,27.09,11618469.0
2009-01-19,27.16,28.61,27.13,28.32,18343520.0
2009-01-20,27.9,28.84,27.45,28.06,14034516.0
2009-01-22,28.13,28.38,27.32,27.71,11807697.0
2009-01-23,27.48,27.93,26.8,26.93,9236357.0
2009-02-02,27.25,27.48,26.64,27.19,10447103.0
2009-02-03,27.16,28.8,26.96,28.61,21004156.0
2009-02-04,28.58,29.77,28.06,29.32,20803772.0
2009-02-05,29.03,31.16,28.96,29.64,27512440.0
2009-02-06,29.84,31.45,29.71,31.0,21957006.0
2009-02-09,31.29,31.58,30.29,31.13,20809700.0
2009-02-10,30.9,33.87,30.48,33.67,28305472.0
2009-02-11,32.9,35.8,32.58,34.32,39345732.0
2009-02-12,34.32,35.45,32.74,34.96,27238442.0
2009-02-13,35.16,36.12,33.8,35.48,23756244.0
2009-02-16,35.48,36.12,34.13,35.51,23201710.0
2009-02-17,35.09,35.45,32.96,33.06,17240244.0
2009-02-18,32.09,32.8,30.48,30.8,16685317.0
2009-02-19,31.03,31.61,30.51,31.29,11003371.0
2009-02-20,31.54,32.09,31.13,32.03,11573115.0
2009-02-23,31.93,33.16,31.42,33.16,13515509.0
2009-02-24,32.87,33.64,30.74,30.84,16618965.0
2009-02-25,30.93,32.03,30.19,31.74,15887489.0
2009-02-26,32.58,33.77,29.03,30.93,23288824.0
2009-02-27,30.09,30.32,28.06,28.77,14378667.0
2009-03-02,28.77,29.38,28.16,29.03,9003925.0
2009-03-03,27.84,29.93,27.84,29.64,12943527.0
2009-03-04,29.84,32.25,29.84,31.67,16535126.0
2009-03-05,32.25,32.87,31.09,32.54,25242684.0
2009-03-06,31.8,33.45,31.22,32.83,24790056.0
2009-03-09,32.77,33.19,29.54,29.58,19412400.0
2009-03-10,29.03,30.48,28.71,30.38,8199396.0
2009-03-11,31.03,31.19,29.03,29.38,13901204.0
2009-03-12,29.03,29.48,28.45,29.38,11349104.0
2009-03-13,29.61,29.8,28.22,28.42,13795194.0
2009-03-16,28.22,28.93,27.51,28.84,9542272.0
2009-03-17,29.06,29.93,28.87,29.77,11444031.0
2009-03-18,30.0,31.45,29.74,30.9,18535200.0
2009-03-19,30.96,31.61,30.8,31.45,16732222.0
2009-03-20,31.54,31.77,30.77,31.22,15682816.0
2009-03-23,31.32,34.35,31.32,34.35,47382848.0
2009-03-24,34.9,35.45,33.9,34.0,44466184.0
2009-03-25,34.0,36.22,33.32,34.58,36112636.0
2009-03-26,34.51,36.12,34.38,35.58,26352298.0
2009-03-27,35.48,35.61,34.54,35.12,21775536.0
2009-03-30,34.93,34.93,33.54,33.71,14954522.0
2009-03-31,33.35,34.0,32.45,33.93,13233779.0
2009-04-01,33.96,35.0,33.96,34.48,13356951.0
2009-04-02,34.19,34.83,33.54,33.87,15563577.0
2009-04-03,34.19,34.19,32.93,33.09,11122862.0
2009-04-07,32.9,35.48,32.9,35.45,25475680.0
2009-04-08,35.09,35.58,33.54,33.74,22394940.0
2009-04-09,33.64,37.12,33.09,37.12,38485844.0
2009-04-10,37.35,38.06,36.29,37.83,45028316.0
2009-04-14,37.8,37.8,36.38,37.19,28722044.0
2009-04-15,36.93,37.9,35.51,37.74,24823952.0
2009-04-16,37.42,38.25,36.61,37.03,22629844.0
2009-04-17,37.16,38.71,36.83,37.67,26446952.0
2009-04-20,37.42,40.32,37.25,39.61,27959448.0
2009-04-21,38.74,40.93,38.74,40.12,26863608.0
2009-04-22,40.64,41.61,37.58,38.12,30272634.0
2009-04-23,37.58,38.22,36.29,37.58,15491340.0
2009-04-24,38.0,38.35,36.8,37.0,15237075.0
2009-04-27,36.77,36.77,34.13,34.22,14768112.0
2009-04-28,33.87,34.51,33.22,34.42,14422303.0
2009-04-29,34.09,35.03,33.45,34.83,16888932.0
2009-04-30,35.03,36.35,34.51,35.12,15691084.0
2009-05-04,34.83,36.48,34.54,36.45,16866936.0
2009-05-05,36.8,37.71,35.93,37.03,16793504.0
2009-05-06,37.03,37.67,36.61,37.64,15638372.0
2009-05-07,37.74,37.9,35.45,36.19,17643920.0
2009-05-08,35.71,36.42,35.51,36.09,9853075.0
2009-05-11,35.8,35.8,33.93,33.96,18652276.0
2009-05-12,33.32,34.77,33.32,34.74,9634428.0
2009-05-13,34.71,34.74,34.19,34.35,9220654.0
2009-05-14,34.19,34.83,33.93,34.77,8895045.0
2009-05-15,34.74,35.96,34.74,35.35,10995899.0
2009-05-18,35.12,35.35,34.38,35.16,8364481.0
2009-05-19,35.32,35.42,34.45,34.8,12668662.0
2009-05-20,34.8,36.12,34.54,35.29,18074760.0
2009-05-21,35.19,35.61,34.13,34.67,10833403.0
2009-05-22,34.32,35.25,34.19,34.8,7557513.0
2009-05-25,34.19,34.64,33.54,34.42,8069475.0
2009-05-26,34.51,35.77,34.09,35.12,13471459.0
2009-05-27,35.16,36.25,34.93,36.12,20168816.0
2009-06-01,36.32,36.51,35.51,36.09,18042396.0
2009-06-02,36.12,36.77,35.74,36.51,15367812.0
2009-06-03,36.74,36.77,35.79,36.15,12451934.0
2009-06-04,35.86,36.09,34.72,35.01,20351400.0
2009-06-05,35.08,35.24,34.43,34.72,11511145.0
2009-06-08,34.36,35.27,34.36,34.78,7584711.0
2009-06-09,34.82,36.41,34.46,36.25,26879750.0
2009-06-10,36.32,36.32,35.53,36.09,16936228.0
2009-06-11,35.93,36.77,35.4,35.6,16567058.0
2009-06-12,35.31,35.4,33.74,34.03,16262137.0
2009-06-15,33.9,34.36,33.68,34.2,8872912.0
2009-06-16,33.94,34.43,33.71,34.13,6062098.0
2009-06-17,34.13,34.78,34.0,34.52,8676185.0
2009-06-18,34.75,35.18,34.43,34.85,9741522.0
2009-06-19,34.85,35.11,34.52,35.01,9602482.0
2009-06-22,35.47,35.6,34.75,35.08,13564509.0
2009-06-23,34.85,35.04,34.36,34.69,7331776.0
2009-06-24,34.72,35.44,34.56,35.4,12339934.0
2009-06-25,35.57,36.38,35.11,36.22,20156312.0
2009-06-26,36.12,36.12,35.14,35.53,11647589.0
2009-06-29,35.37,36.02,35.24,35.76,10426971.0
2009-06-30,35.79,35.99,34.72,34.78,9955385.0
2009-07-01,35.08,36.45,34.91,35.89,22195208.0
2009-07-02,35.99,36.32,35.37,36.32,20356648.0
2009-07-03,35.86,37.0,35.73,36.64,21950938.0
2009-07-06,36.84,37.82,36.22,37.39,30571708.0
2009-07-07,36.84,37.16,36.25,36.51,19232084.0
2009-07-08,36.28,36.84,35.99,36.81,12689663.0
2009-07-09,36.74,39.02,36.45,38.27,33300420.0
2009-07-10,38.14,38.79,37.91,38.34,21560722.0
2009-07-13,38.14,39.61,37.91,38.53,23378676.0
2009-07-14,38.6,39.35,38.21,39.19,16886060.0
2009-07-15,39.74,39.74,38.83,39.05,19844088.0
2009-07-16,39.32,39.48,38.14,38.24,18668364.0
2009-07-17,38.34,39.58,38.21,39.45,17123356.0
2009-07-20,39.61,40.42,39.22,40.03,21829346.0
2009-07-21,40.16,40.26,38.17,38.47,18883516.0
2009-07-22,38.47,38.89,38.4,38.73,10799304.0
2009-07-23,38.63,39.38,38.21,38.86,16774175.0
2009-07-24,39.05,40.23,38.21,38.89,21559264.0
2009-07-27,38.96,40.68,38.76,40.42,30405272.0
2009-07-28,40.23,41.66,39.9,41.08,31210380.0
2009-07-29,41.89,42.67,39.54,40.29,39563683.0
2009-07-30,41.08,43.03,39.93,42.97,43866768.0
2009-07-31,43.03,43.52,41.96,43.49,33694416.0
2009-08-03,43.33,44.01,42.71,43.55,24697852.0
2009-08-04,43.62,43.85,41.73,43.13,23969716.0
2009-08-05,42.84,44.34,42.05,42.77,21782150.0
2009-08-06,42.38,42.38,40.68,41.89,20317752.0
2009-08-07,42.22,42.48,40.75,40.85,14861191.0
2009-08-10,41.43,41.53,40.2,40.95,12795786.0
2009-08-11,41.08,41.99,40.78,41.89,10255635.0
2009-08-12,41.96,42.31,39.97,40.03,18590586.0
2009-08-13,39.97,40.36,38.73,39.54,10059075.0
2009-08-14,39.54,39.74,36.94,36.97,16252224.0
2009-08-17,36.84,36.84,34.88,34.95,11353508.0
2009-08-18,34.88,36.09,34.88,35.76,7391545.0
2009-08-19,35.79,36.02,32.96,33.58,10130422.0
2009-08-20,33.68,35.18,33.58,35.04,9271606.0
2009-08-21,35.01,36.35,34.65,36.25,13371630.0
2009-08-24,36.06,38.7,35.7,37.88,25658008.0
2009-08-26,40.36,41.66,39.84,41.66,36795788.0
2009-08-27,43.52,43.91,40.78,41.63,62705596.0
2009-08-28,40.78,40.91,38.83,39.67,25463204.0
2009-08-31,39.12,40.49,37.49,37.59,24948116.0
2009-09-01,37.49,38.27,35.21,36.06,20466912.0
2009-09-02,35.79,36.84,35.53,36.51,14592419.0
2009-09-03,36.19,39.74,36.12,38.86,25121280.0
2009-09-04,38.3,40.55,38.17,39.61,29915496.0
2009-09-07,39.93,41.83,39.12,40.36,30190576.0
2009-09-08,39.84,43.59,39.45,43.19,47649520.0
2009-09-09,42.71,42.97,41.7,42.15,32658518.0
2009-09-10,42.15,42.31,40.36,40.59,20122740.0
2009-09-11,40.42,42.22,40.42,41.43,19794860.0
2009-09-14,41.7,43.23,41.08,42.97,23881148.0
2009-09-15,43.19,45.61,42.05,44.92,41642592.0
2009-09-16,44.3,44.82,42.87,43.81,25993014.0
2009-09-17,43.68,45.18,43.68,44.34,21056048.0
2009-09-18,44.4,46.52,43.33,43.88,34623096.0
2009-09-21,43.52,44.6,41.21,44.4,24494980.0
2009-09-22,44.4,44.99,41.4,42.41,22620956.0
2009-09-23,41.76,42.58,39.77,39.93,16447268.0
2009-09-24,39.8,40.26,39.02,39.8,13263662.0
2009-09-25,39.77,39.8,38.5,38.79,9566192.0
2009-09-28,38.99,40.29,37.69,37.98,9341843.0
2009-09-29,38.14,38.66,35.86,36.84,10210260.0
2009-09-30,37.36,37.91,36.51,36.61,9313914.0
2009-10-09,37.52,38.96,36.87,38.76,13548755.0
2009-10-12,38.86,38.89,37.82,38.34,9493833.0
2009-10-13,38.08,39.48,37.91,39.45,9768154.0
2009-10-14,39.71,40.26,39.41,39.9,14321723.0
2009-10-15,40.13,40.33,39.19,39.38,10498104.0
2009-10-16,39.41,39.61,38.34,38.73,9000363.0
2009-10-19,38.79,39.38,38.21,39.22,8988108.0
2009-10-20,39.38,41.21,39.09,40.88,20246560.0
2009-10-21,40.65,40.68,39.84,39.87,13462829.0
2009-10-22,39.87,40.91,39.74,40.75,11693395.0
2009-10-23,40.75,41.43,40.49,41.01,15942055.0
2009-10-26,41.04,41.08,39.9,40.26,10776362.0
2009-10-27,40.26,41.04,39.71,39.8,13798171.0
2009-10-28,40.0,40.03,38.7,39.61,9183893.0
2009-10-29,39.12,39.45,38.73,39.15,7623683.0
2009-10-30,39.64,40.49,39.32,39.67,9135133.0
2009-11-02,38.89,40.75,38.73,40.68,12464279.0
2009-11-03,40.75,41.4,40.62,41.24,13789194.0
2009-11-04,41.21,42.45,40.98,41.92,14891113.0
2009-11-05,42.05,43.33,41.5,42.87,19454220.0
2009-11-06,42.87,43.03,42.09,42.22,15697977.0
2009-11-09,43.19,44.17,42.38,42.71,14130672.0
2009-11-10,43.06,43.16,41.76,42.12,12195488.0
2009-11-11,41.76,42.9,41.76,42.22,8222485.0
2009-11-12,42.45,43.68,42.22,43.03,14634453.0
2009-11-13,42.93,46.52,42.71,45.61,42288676.0
2009-11-16,46.03,47.73,45.71,46.29,42096268.0
2009-11-17,46.59,47.6,45.84,47.37,21462766.0
2009-11-18,47.56,48.57,46.75,47.17,28512996.0
2009-11-19,47.2,50.14,47.2,49.39,34341960.0
2009-11-20,49.06,50.5,48.25,48.87,19412296.0
2009-11-23,48.9,49.88,48.41,49.55,18019252.0
2009-11-24,49.49,50.14,46.62,46.88,20584704.0
2009-11-25,46.88,49.13,46.52,49.03,21071420.0
2009-11-26,50.86,52.71,47.95,48.08,53795192.0
2009-11-27,46.94,48.12,45.64,46.45,21605360.0
2009-11-30,47.3,48.64,46.85,48.41,15294515.0
2009-12-01,48.02,50.79,47.82,50.46,17990188.0
2009-12-02,50.69,51.9,49.88,51.57,20463832.0
2009-12-03,51.54,52.39,50.86,52.16,17085394.0
2009-12-04,52.32,52.71,49.55,50.14,22510660.0
2009-12-07,50.37,51.96,50.07,51.54,10620217.0
2009-12-08,51.28,52.81,50.73,52.39,13453478.0
2009-12-09,51.83,52.32,50.69,50.86,10012338.0
2009-12-10,50.89,51.51,49.52,50.46,7275776.0
2009-12-11,50.46,51.21,49.94,50.66,6393819.0
2009-12-14,50.2,50.69,48.64,50.53,9620593.0
2009-12-15,50.14,52.0,49.94,51.31,8394338.0
2009-12-16,52.0,53.11,51.02,51.51,18913664.0
2009-12-17,51.48,51.48,49.23,49.91,9896876.0
2009-12-18,49.13,49.16,47.3,48.02,8306049.0
2009-12-22,48.54,48.7,46.88,47.43,9957336.0
2009-12-23,47.47,48.77,46.29,48.35,8883864.0
2009-12-24,48.25,50.2,47.95,49.98,10174204.0
2009-12-25,49.78,50.46,49.39,50.24,8181504.0
2009-12-28,50.5,51.28,50.07,50.79,10004320.0
2009-12-29,50.86,53.01,50.27,52.55,16368406.0
2009-12-30,52.13,52.36,51.02,51.7,13278502.0
2009-12-31,52.0,52.36,51.48,52.0,8148825.0
2010-01-04,52.39,52.94,51.96,52.16,12701408.0
2010-01-05,52.45,53.66,52.42,52.81,10629198.0
2010-01-06,52.81,52.81,51.28,51.38,8849026.0
2010-01-07,51.15,52.0,50.63,51.31,13900068.0
2010-01-08,51.08,51.77,50.79,51.54,6192936.0
2010-01-11,51.93,52.68,51.05,51.87,8874539.0
2010-01-12,51.61,54.12,51.61,53.86,16159680.0
2010-01-13,52.49,58.61,52.32,55.55,23676704.0
2010-01-14,55.49,56.95,55.09,55.81,14218842.0
2010-01-15,56.17,56.98,55.81,56.3,7330447.0
2010-01-18,56.33,58.61,56.1,58.19,10388610.0
2010-01-19,58.39,61.87,57.96,60.38,17409240.0
2010-01-20,60.64,62.17,57.7,58.48,19856448.0
2010-01-22,58.13,58.13,54.87,55.22,15931232.0
2010-01-25,54.44,55.71,53.86,54.57,8137713.0
2010-01-26,54.7,55.35,51.41,52.09,8366951.0
2010-01-27,51.83,53.59,51.83,51.93,8237722.0
2010-01-28,52.81,55.13,52.32,54.28,10118723.0
2010-01-29,54.12,56.23,53.79,55.03,9307545.0
2010-02-01,54.8,56.23,53.63,56.01,9013443.0
2010-02-02,56.66,56.69,53.95,54.12,8137284.0
2010-02-03,53.95,56.23,51.9,55.71,9594717.0
2010-02-04,55.42,58.29,54.8,56.98,13262848.0
2010-02-05,55.75,57.67,55.35,56.85,9757900.0
2010-02-08,56.56,59.01,56.43,58.61,13178321.0
2010-02-09,58.68,58.94,57.05,58.19,8212834.0
2010-02-10,58.68,58.88,57.54,58.29,5721339.0
2010-02-11,58.29,58.29,56.04,56.14,8676629.0
2010-02-12,56.66,57.51,56.27,57.41,4595003.0
2010-02-22,57.51,57.9,56.66,56.69,5237282.0
2010-02-23,56.76,56.79,54.44,55.65,8278458.0
2010-02-24,55.35,56.66,54.93,56.59,5371766.0
2010-02-25,56.66,58.55,56.66,58.32,8976893.0
2010-02-26,58.35,58.61,57.57,58.13,6146284.0
2010-03-01,58.03,59.59,57.64,59.4,8881119.0
2010-03-02,59.4,59.66,57.86,58.26,8082349.0
2010-03-03,58.19,58.84,57.6,58.68,5625286.0
2010-03-04,58.52,58.68,55.88,55.94,6201633.0
2010-03-05,55.75,56.72,55.42,56.2,4452895.0
2010-03-08,56.3,56.98,55.97,56.37,3625224.0
2010-03-09,56.4,56.4,55.39,55.88,5802158.0
2010-03-10,55.81,56.07,54.77,54.96,4264276.0
2010-03-11,54.8,55.39,54.6,55.32,3044606.0
2010-03-12,55.45,55.71,54.8,55.29,3043124.0
2010-03-15,55.09,55.35,53.11,53.3,5066076.0
2010-03-16,53.14,54.12,53.11,53.66,2526779.0
2010-03-17,53.72,55.39,53.72,55.29,3839923.0
2010-03-18,55.52,56.01,55.0,55.42,2605303.0
2010-03-19,55.65,55.75,55.03,55.58,3173589.0
2010-03-22,55.58,56.79,55.52,56.69,5488163.0
2010-03-23,56.98,57.05,55.97,56.2,4097594.0
2010-03-24,56.23,56.85,56.1,56.2,3406682.0
2010-03-25,56.2,56.4,54.83,54.96,3696513.0
2010-03-26,54.77,58.03,54.77,56.95,7687377.0
2010-03-29,56.98,57.86,56.95,57.31,7656942.0
2010-03-30,57.31,58.22,57.08,57.6,7925882.0
2010-03-31,57.6,58.65,57.44,58.22,7005243.0
2010-04-01,58.19,58.58,57.51,58.55,9579353.0
2010-04-02,58.29,58.35,57.05,57.47,12014676.0
2010-04-06,57.6,57.7,56.4,57.12,8657255.0
2010-04-07,57.15,57.51,56.72,57.38,5279440.0
2010-04-08,57.21,57.54,56.59,57.44,6575127.0
2010-04-09,57.7,59.43,57.28,59.23,16295670.0
2010-04-12,59.36,61.22,59.36,60.9,19563340.0
2010-04-13,61.19,61.19,57.7,60.11,15848627.0
2010-04-14,59.63,62.1,59.46,61.55,14273306.0
2010-04-15,61.61,62.72,60.08,60.7,10677544.0
2010-04-19,59.27,60.24,56.5,56.59,13293513.0
2010-04-20,56.76,57.54,55.81,57.41,8368736.0
2010-04-21,57.7,61.52,57.44,61.22,15747650.0
2010-04-22,60.8,63.47,60.38,62.27,19641784.0
2010-04-23,62.23,62.56,60.08,61.16,12776737.0
2010-04-26,61.65,63.8,60.96,62.89,14584629.0
2010-04-27,62.89,63.08,59.33,61.35,12625714.0
2010-04-28,60.86,62.69,60.31,61.42,11436148.0
2010-04-29,61.94,62.43,55.58,55.78,21543458.0
2010-04-30,55.71,55.71,52.52,54.18,9497910.0
2010-05-04,52.75,54.7,52.19,52.62,6836129.0
2010-05-05,52.42,54.25,52.19,53.92,6308459.0
2010-05-06,53.76,53.79,48.8,48.87,10091512.0
2010-05-07,47.6,49.88,46.94,48.77,9955622.0
2010-05-10,48.64,49.78,47.2,48.41,5005660.0
2010-05-11,49.55,49.88,46.13,46.26,5179817.0
2010-05-12,46.39,47.24,44.11,44.3,6969102.0
2010-05-13,44.56,47.14,44.53,46.91,8404324.0
2010-05-14,46.59,47.6,46.1,46.98,6640927.0
2010-05-17,46.29,47.6,45.22,45.48,8549281.0
2010-05-18,45.12,46.94,44.21,46.62,5580486.0
2010-05-19,45.97,48.41,45.67,47.99,7632475.0
2010-05-20,47.76,48.15,46.23,46.32,5247779.0
2010-05-21,45.02,47.6,44.56,47.56,4773007.0
2010-05-24,47.89,49.39,47.89,48.87,9180735.0
2010-05-25,48.51,49.39,47.63,49.32,7271052.0
2010-05-26,49.23,50.04,48.67,49.03,6377894.0
2010-05-27,48.97,49.71,47.92,49.42,5111962.0
2010-05-28,50.21,50.31,48.89,49.12,3564575.0
2010-05-31,48.66,49.98,48.56,48.79,5466069.0
2010-06-01,48.23,50.48,48.07,49.85,5509069.0
2010-06-02,49.55,50.02,48.63,49.85,6051856.0
2010-06-03,50.12,52.2,50.08,50.84,14463750.0
2010-06-04,51.07,52.03,50.28,51.21,10048356.0
2010-06-08,51.27,52.49,50.88,51.9,9419834.0
2010-06-09,51.9,54.18,51.87,53.15,12313442.0
2010-06-10,53.09,53.98,52.56,53.72,6472362.0
2010-06-11,53.62,53.85,52.53,53.45,5771875.0
2010-06-17,53.29,53.52,51.54,51.57,4434205.0
2010-06-18,51.7,51.87,48.4,48.53,7319433.0
2010-06-22,50.15,51.24,49.88,50.84,5063805.0
2010-06-23,50.88,51.3,50.21,51.17,2942272.0
2010-06-24,50.71,51.5,50.35,50.68,1750519.0
2010-06-25,50.61,51.67,50.38,51.3,4218986.0
2010-06-28,51.01,52.33,50.91,52.23,4861342.0
2010-06-29,52.2,52.36,49.59,50.08,7670234.0
2010-06-30,49.09,50.21,48.1,49.88,3569268.0
2010-07-01,50.05,50.38,49.03,49.29,3204503.0
2010-07-02,48.96,49.45,45.69,48.96,4485853.0
2010-07-05,47.6,49.06,46.75,48.76,3138249.0
2010-07-06,48.73,50.05,48.23,49.98,2454072.0
2010-07-07,49.98,50.71,49.98,50.58,2125914.0
2010-07-08,50.71,50.81,49.36,49.75,1983339.0
2010-07-09,49.55,53.15,48.89,51.73,5828329.0
2010-07-12,51.21,52.53,50.91,51.73,3421239.0
2010-07-13,51.04,52.13,50.88,51.77,2759023.0
2010-07-14,51.8,53.19,51.54,52.73,4580459.0
2010-07-15,52.53,53.02,50.61,50.71,3359632.0
2010-07-16,50.54,51.4,49.92,51.01,2224076.0
2010-07-19,50.54,53.52,50.21,53.12,6570186.0
2010-07-20,54.51,55.0,52.16,53.78,18395988.0
2010-07-21,53.09,54.05,52.56,53.75,10125431.0
2010-07-22,53.19,54.51,52.99,53.91,6256398.0
2010-07-23,53.85,53.85,52.39,53.12,6182462.0
2010-07-26,53.68,54.74,53.35,53.98,7093442.0
2010-07-27,54.87,55.5,54.18,54.24,10706439.0
2010-07-28,54.01,55.17,53.19,55.14,9688221.0
2010-07-29,54.77,55.3,53.68,54.54,7924008.0
2010-07-30,54.41,55.1,53.55,54.61,6399454.0
2010-08-02,54.21,56.03,54.11,55.17,7470977.0
2010-08-03,55.43,55.96,53.82,53.91,7029371.0
2010-08-04,53.52,54.94,52.92,54.74,6699912.0
2010-08-05,54.84,55.14,54.11,54.97,5587237.0
2010-08-06,54.87,57.15,54.77,56.76,17746800.0
2010-08-09,56.76,58.51,56.76,57.45,15792568.0
2010-08-10,57.45,57.45,55.17,55.4,8206804.0
2010-08-11,54.97,57.28,54.97,56.62,9748623.0
2010-08-13,55.5,56.99,54.94,56.85,5482272.0
2010-08-16,56.69,57.94,56.33,57.61,7197328.0
2010-08-17,57.85,58.37,56.49,57.61,9756405.0
2010-08-18,57.38,57.55,56.39,56.76,5584533.0
2010-08-19,56.79,57.15,56.26,56.72,4238120.0
2010-08-20,56.52,56.52,55.0,55.07,5278214.0
2010-08-23,55.0,57.48,55.0,56.36,5013168.0
2010-08-24,56.16,56.79,55.33,56.16,6681085.0
2010-08-25,55.73,56.16,55.07,55.14,4798911.0
2010-08-26,55.43,56.0,55.0,55.9,4231055.0
2010-08-27,55.76,56.85,55.5,56.72,9335666.0
2010-08-30,57.22,59.3,56.99,58.54,17669984.0
2010-08-31,58.18,59.17,57.81,58.74,10787797.0
2010-09-01,58.87,59.6,56.82,59.5,14485779.0
2010-09-02,59.96,60.26,58.97,59.4,11715036.0
2010-09-03,59.43,60.39,58.41,59.33,11744057.0
2010-09-06,59.5,59.93,58.18,58.8,8311185.0
2010-09-07,59.07,60.13,58.7,60.13,10461806.0
2010-09-08,60.16,61.08,60.16,60.36,12069456.0
2010-09-09,60.42,61.02,58.67,59.03,9650285.0
2010-09-10,59.07,59.46,57.28,58.87,7694172.0
2010-09-13,59.23,60.95,59.17,60.22,13897778.0
2010-09-14,60.39,61.05,59.63,60.06,10059801.0
2010-09-15,60.13,60.22,57.94,58.37,7379627.0
2010-09-16,58.37,58.8,55.17,56.16,11110799.0
2010-09-17,56.33,57.78,55.83,56.36,5587756.0
2010-09-20,56.36,57.42,55.17,55.6,5639300.0
2010-09-21,55.76,56.09,54.05,54.51,5580030.0
2010-09-27,54.34,56.49,54.34,56.16,6813987.0
2010-09-28,55.86,57.09,55.1,55.9,7204967.0
2010-09-29,55.76,56.43,54.84,54.87,4891277.0
2010-09-30,55.0,55.53,54.38,55.4,4848246.0
2010-10-08,55.7,56.59,54.81,56.09,8703416.0
2010-10-11,56.23,56.26,54.84,55.27,10204351.0
2010-10-12,55.33,55.33,52.92,53.55,16760628.0
2010-10-13,53.62,54.51,53.25,54.38,8802327.0
2010-10-14,54.44,54.74,52.86,52.89,10115177.0
2010-10-15,52.76,52.82,49.55,51.04,18410558.0
2010-10-18,51.07,51.7,48.99,51.57,12143579.0
2010-10-19,51.3,52.49,50.94,52.46,11555622.0
2010-10-20,51.47,53.15,51.04,52.92,10796108.0
2010-10-21,52.79,52.79,51.9,52.43,5984079.0
2010-10-22,52.33,52.73,51.87,52.36,5548989.0
2010-10-25,52.23,54.41,52.2,54.05,12337222.0
2010-10-26,54.18,54.81,53.35,53.98,9433425.0
2010-10-27,54.01,55.0,53.55,54.44,12559237.0
2010-10-28,54.44,55.04,53.98,54.15,6556871.0
2010-10-29,54.21,54.84,54.01,54.31,6451637.0
2010-11-01,54.77,55.6,54.77,55.3,12860160.0
2010-11-02,55.6,55.93,54.11,54.18,13240957.0
2010-11-03,54.21,54.48,52.69,52.73,11698351.0
2010-11-04,52.73,53.55,52.73,53.29,8953283.0
2010-11-05,53.52,54.61,53.02,54.51,13580806.0
2010-11-08,54.87,57.09,54.28,56.46,19693212.0
2010-11-09,56.06,57.91,55.24,56.99,21776466.0
2010-11-10,56.46,57.12,55.83,56.52,13731574.0
2010-11-11,56.16,57.28,55.27,55.4,13966502.0
2010-11-12,54.97,56.36,51.87,52.0,14492287.0
2010-11-15,52.23,54.61,52.23,54.31,10706011.0
2010-11-16,54.51,54.61,50.81,51.54,10369697.0
2010-11-17,51.04,52.26,49.29,49.72,9138684.0
2010-11-18,50.08,50.74,49.59,50.48,5025866.0
2010-11-19,51.04,51.14,49.85,51.07,4859126.0
2010-11-22,51.07,52.0,50.88,51.83,6161200.0
2010-11-23,51.97,52.86,50.25,52.23,10343821.0
2010-11-24,52.2,52.76,51.37,52.73,7590549.0
2010-11-25,52.73,54.54,52.59,53.15,12002142.0
2010-11-26,52.69,52.99,52.03,52.86,6824271.0
2010-11-29,52.69,52.82,51.54,51.87,4509102.0
2010-11-30,51.77,51.87,49.49,50.02,9131834.0
2010-12-01,50.05,50.21,49.72,49.88,4085639.0
2010-12-02,50.68,50.68,50.05,50.18,5329027.0
2010-12-03,50.21,50.64,49.55,50.35,4159878.0
2010-12-06,50.58,50.58,49.22,49.65,4083698.0
2010-12-07,48.89,50.08,48.89,50.05,6503158.0
2010-12-08,49.88,51.47,49.65,50.91,10361198.0
2010-12-09,50.68,51.11,49.55,49.75,5438677.0
2010-12-10,49.62,51.17,49.45,51.14,7008728.0
2010-12-13,50.88,52.39,50.71,52.2,18865580.0
2010-12-14,52.16,52.59,51.7,52.06,10183702.0
2010-12-15,52.39,52.63,50.94,51.17,9433091.0
2010-12-16,51.21,51.57,50.68,50.91,5359070.0
2010-12-17,51.21,52.03,51.04,51.44,6689593.0
2010-12-20,51.7,51.87,49.49,50.25,8224743.0
2010-12-21,50.25,51.01,49.72,50.88,4092049.0
2010-12-22,50.68,51.01,50.21,50.31,3678593.0
2010-12-23,50.25,50.48,48.96,49.42,6527605.0
2010-12-24,49.55,49.82,48.83,49.12,3985160.0
2010-12-27,49.59,49.85,47.97,48.07,4422257.0
2010-12-28,47.87,47.87,45.99,46.18,6726023.0
2010-12-29,46.32,46.91,46.05,46.91,3536240.0
2010-12-30,46.91,46.98,46.25,46.58,2665538.0
2010-12-31,46.88,47.54,46.65,47.37,5084295.0
2011-01-04,47.67,47.97,47.04,47.8,4595024.0
2011-01-05,47.64,47.77,47.27,47.6,3981871.0
2011-01-06,47.7,47.74,46.58,46.88,4350466.0
2011-01-07,46.88,48.0,46.81,47.7,5174241.0
2011-01-10,47.9,48.17,46.84,47.08,5201027.0
2011-01-11,46.58,47.27,46.28,46.88,3246332.0
2011-01-12,46.94,47.47,46.58,47.44,2955935.0
2011-01-13,47.57,48.33,47.34,47.6,5185061.0
2011-01-14,47.6,47.64,46.18,46.55,4542822.0
2011-01-17,46.48,46.58,45.26,45.82,4475439.0
2011-01-18,45.89,46.08,45.36,45.82,1881395.0
2011-01-19,45.82,46.81,45.66,46.78,5100920.0
2011-01-20,46.45,46.51,44.53,44.63,4625545.0
2011-01-21,44.43,45.33,44.3,44.47,4870314.0
2011-01-24,44.6,48.89,43.74,47.31,14920266.0
2011-01-25,46.75,47.7,45.66,46.94,6755335.0
2011-01-26,46.81,47.41,46.32,47.08,4532394.0
2011-01-27,46.61,47.9,46.35,47.6,6686177.0
2011-01-28,47.31,48.56,47.08,48.23,6801304.0
2011-01-31,48.07,49.49,47.57,48.69,6586539.0
2011-02-01,48.56,48.69,47.97,48.07,4187521.0
2011-02-09,47.57,48.1,46.88,46.94,4184581.0
2011-02-10,47.01,47.9,46.61,47.9,5635970.0
2011-02-11,47.74,49.45,47.64,48.79,7680260.0
2011-02-14,48.73,49.72,48.3,49.49,11766899.0
2011-02-15,49.39,50.05,48.96,49.06,8334810.0
2011-02-16,48.89,49.62,48.76,49.59,5892659.0
2011-02-17,49.62,50.54,48.89,50.41,8575604.0
2011-02-18,50.35,50.41,49.59,49.82,5117919.0
2011-02-21,49.29,54.01,49.29,52.49,23906642.0
2011-02-22,52.33,52.33,50.31,50.51,10028601.0
2011-02-23,50.21,51.37,50.05,50.78,5557012.0
2011-02-24,50.81,50.84,50.18,50.54,4816103.0
2011-02-25,50.51,50.51,49.45,49.65,5632906.0
2011-02-28,49.88,52.2,49.78,51.73,13194077.0
2011-03-01,51.47,52.86,51.07,52.13,12183761.0
2011-03-02,51.77,52.46,51.4,52.26,6770658.0
2011-03-03,52.26,52.99,51.17,51.73,6998258.0
2011-03-04,51.57,52.63,51.27,52.53,6043206.0
2011-03-07,52.69,54.44,52.69,53.45,13366466.0
2011-03-08,53.48,53.98,53.12,53.82,7100839.0
2011-03-09,53.75,53.78,52.92,53.09,5668697.0
2011-03-10,52.92,53.52,52.03,52.13,6639937.0
2011-03-11,51.73,52.39,51.57,51.63,4527697.0
2011-03-14,51.47,51.47,50.38,51.11,5828800.0
2011-03-15,51.14,51.14,49.98,50.84,5711909.0
2011-03-16,50.58,51.21,50.58,51.11,3552648.0
2011-03-17,50.54,51.21,49.92,50.51,4753134.0
2011-03-18,50.58,51.27,50.58,51.04,3490719.0
2011-03-21,50.71,51.63,50.25,51.37,5123248.0
2011-03-22,51.54,53.19,51.3,52.66,11980108.0
2011-03-23,52.36,52.76,52.16,52.63,6337375.0
2011-03-24,52.53,52.56,51.37,51.63,4957512.0
2011-03-25,52.56,53.78,52.2,52.36,8348911.0
2011-03-28,52.53,52.66,51.04,51.21,5638796.0
2011-03-29,51.14,51.14,50.15,50.28,3871999.0
2011-03-30,50.28,50.88,50.28,50.61,3185772.0
2011-03-31,50.71,51.11,50.05,50.68,2314798.0
2011-04-01,50.68,52.46,50.31,52.1,7010489.0
2011-04-06,51.87,52.53,51.44,51.77,3548962.0
2011-04-07,51.73,51.97,50.74,51.24,4329577.0
2011-04-08,51.24,51.6,50.91,51.5,5971542.0
2011-04-11,51.54,52.36,50.45,50.64,8837962.0
2011-04-12,50.91,51.7,50.78,51.21,4306033.0
2011-04-13,51.54,53.45,51.54,53.02,14691134.0
2011-04-14,52.86,52.86,52.03,52.46,8498303.0
2011-04-15,52.39,52.46,51.63,51.97,5987830.0
2011-04-18,52.1,53.15,52.1,53.15,10977670.0
2011-04-19,52.86,52.86,51.83,52.26,7840968.0
2011-04-20,52.43,53.29,52.03,53.02,10740528.0
2011-04-21,53.68,54.24,52.86,53.19,13581304.0
2011-04-22,52.92,54.61,52.13,54.18,17864016.0
2011-04-25,53.52,54.18,52.86,52.96,12366727.0
2011-04-26,52.66,52.73,49.88,50.58,10192333.0
2011-04-27,50.48,51.04,49.88,50.68,4870134.0
2011-04-28,50.58,50.88,48.07,48.46,6206120.0
2011-04-29,48.5,48.73,47.6,48.6,3938623.0
2011-05-03,48.5,49.52,47.64,48.93,5454100.0
2011-05-04,48.63,48.86,46.94,46.98,4624885.0
2011-05-05,46.98,47.57,46.71,47.18,2253176.0
2011-05-06,47.08,48.27,46.55,47.54,2703790.0
2011-05-09,47.6,48.89,47.57,47.97,2894086.0
2011-05-10,48.13,49.39,47.67,48.6,2530183.0
2011-05-11,48.6,49.12,48.0,48.36,2312245.0
2011-05-12,48.1,48.36,47.57,47.64,2603716.0
2011-05-13,47.64,48.36,47.6,48.2,2234548.0
2011-05-16,48.2,48.3,47.27,47.51,3245930.0
2011-05-17,47.34,47.6,46.22,46.84,3314311.0
2011-05-18,46.78,47.84,46.65,47.64,3477173.0
2011-05-19,47.64,48.07,47.18,47.21,2868996.0
2011-05-20,47.21,47.41,46.55,46.75,1815088.0
2011-05-23,46.88,46.88,45.03,45.72,3329339.0
2011-05-24,45.39,45.89,44.63,45.82,2000521.0
2011-05-25,45.59,46.51,45.13,45.16,1796911.0
2011-05-27,44.76,45.69,44.37,44.53,1958700.0
2011-05-30,44.0,44.4,43.77,44.04,2695330.0
2011-05-31,44.1,45.36,44.04,45.09,1858505.0
2011-06-01,45.03,45.23,44.86,45.13,911763.0
2011-06-02,44.73,45.42,43.61,45.39,2331589.0
2011-06-03,45.09,45.59,44.96,45.52,1833733.0
2011-06-07,45.26,45.99,45.09,45.56,1413665.0
2011-06-08,45.49,45.72,44.99,45.39,1115611.0
2011-06-09,45.23,45.66,44.73,44.8,2010971.0
2011-06-10,44.57,45.03,44.2,44.73,1355637.0
2011-06-13,44.66,45.42,43.77,44.66,2485534.0
2011-06-14,44.6,45.03,44.3,44.93,3038769.0
2011-06-15,44.96,45.09,44.0,44.17,2481149.0
2011-06-16,43.87,44.1,42.68,42.81,3304578.0
2011-06-17,42.91,43.38,41.23,41.29,3181979.0
2011-06-20,39.97,41.23,39.78,40.24,3514149.0
2011-06-21,40.3,40.87,40.27,40.8,3075415.0
2011-06-22,40.83,41.13,40.4,40.6,1902341.0
2011-06-23,40.37,41.49,39.81,41.23,3745667.0
2011-06-24,41.06,42.65,40.96,42.35,5219908.0
2011-06-27,42.29,43.34,42.29,43.21,5800979.0
2011-06-28,43.24,43.24,42.42,42.62,2916297.0
2011-06-29,42.62,42.85,41.96,41.96,2880382.0
2011-06-30,42.02,43.84,42.02,43.61,6872355.0
2011-07-01,43.77,44.93,43.77,44.14,8142733.0
2011-07-04,44.3,45.75,44.27,45.69,7782215.0
2011-07-05,45.79,45.92,45.03,45.62,2838520.0
2011-07-06,45.36,46.48,45.33,46.18,4952930.0
2011-07-07,46.02,47.74,46.02,46.78,6765642.0
2011-07-08,46.78,47.37,46.02,46.48,2988279.0
2011-07-11,46.42,47.97,46.02,47.67,3880208.0
2011-07-12,47.24,47.57,46.78,46.98,2616904.0
2011-07-13,46.78,47.93,46.65,47.54,3639245.0
2011-07-14,47.6,48.17,46.88,47.37,3516505.0
2011-07-15,47.24,47.67,46.78,47.51,3409969.0
2011-07-18,47.51,48.63,47.51,47.67,3972202.0
2011-07-19,47.67,47.7,46.13,46.23,4512760.0
2011-07-20,46.57,46.97,45.73,46.23,3667988.0
2011-07-21,46.16,46.83,45.86,46.2,2413887.0
2011-07-22,46.33,47.97,46.3,47.91,7211927.0
2011-07-25,47.84,47.84,45.76,45.9,3880459.0
2011-07-26,45.66,46.16,44.89,45.73,2318512.0
2011-07-27,45.49,47.67,44.79,47.4,3898093.0
2011-07-28,46.83,48.74,46.8,47.77,4317784.0
2011-07-29,48.37,49.41,47.77,48.91,13072464.0
2011-08-01,48.91,49.92,48.54,49.65,6391353.0
2011-08-02,49.55,49.55,48.61,49.45,4911847.0
2011-08-03,49.01,49.41,48.41,48.64,3284748.0
2011-08-04,49.01,49.21,48.31,48.74,3455899.0
2011-08-05,47.24,49.78,46.93,48.81,4366283.0
2011-08-08,48.51,49.88,46.23,46.97,5093921.0
2011-08-09,45.83,47.5,44.89,46.87,2536739.0
2011-08-10,47.57,48.31,47.17,47.3,3436501.0
2011-08-11,46.16,51.96,46.1,50.48,11653357.0
2011-08-12,50.48,51.59,49.88,51.22,7563478.0
2011-08-15,50.92,51.89,50.32,51.15,14319323.0
2011-08-16,51.15,51.96,50.59,50.75,5678088.0
2011-08-17,50.59,51.86,50.08,51.59,5546500.0
2011-08-18,51.42,54.94,50.95,52.6,12224644.0
2011-08-19,51.52,54.61,51.22,53.2,9656426.0
2011-08-22,53.53,53.53,51.56,51.86,4074941.0
2011-08-23,51.99,52.8,51.26,52.6,5659704.0
2011-08-24,52.23,53.2,51.76,52.66,6018971.0
2011-08-25,52.26,52.46,51.09,51.96,4892964.0
2011-08-26,51.66,54.81,51.46,53.47,7736417.0
2011-08-29,53.1,55.28,53.1,54.71,12326904.0
2011-08-30,54.61,54.97,53.6,53.8,7456928.0
2011-08-31,54.61,55.11,53.2,54.2,5323193.0
2011-09-01,54.5,54.67,52.86,52.93,3126223.0
2011-09-02,52.66,53.6,51.76,52.96,4139407.0
2011-09-05,52.13,52.46,50.42,50.48,5010366.0
2011-09-06,49.85,50.52,49.21,49.95,3828386.0
2011-09-07,50.15,52.39,49.38,52.23,5612224.0
2011-09-08,52.33,52.43,51.36,51.39,4103907.0
2011-09-09,51.36,51.72,49.61,50.22,3500072.0
2011-09-13,49.75,49.98,48.94,49.61,1288161.0
2011-09-14,49.61,50.52,49.18,50.35,1966220.0
2011-09-15,50.55,50.82,49.81,49.92,1970080.0
2011-09-16,50.38,50.75,49.41,49.61,1717533.0
2011-09-19,49.61,50.28,49.11,49.35,2189028.0
2011-09-20,49.08,50.59,49.08,50.12,2853190.0
2011-09-21,50.18,51.42,49.58,51.39,4671643.0
2011-09-22,50.65,51.69,50.12,50.28,2777439.0
2011-09-23,49.41,50.25,47.5,48.84,4434674.0
2011-09-26,48.31,48.88,47.27,47.64,1837919.0
2011-09-27,48.11,48.31,46.26,47.03,2560048.0
2011-09-28,47.4,48.24,47.13,47.67,3922835.0
2011-09-29,47.07,48.24,44.89,46.36,2590334.0
2011-09-30,46.4,46.73,45.06,45.43,2146744.0
2011-10-10,45.83,46.03,43.82,43.89,2632695.0
2011-10-11,44.66,45.29,43.82,43.95,1555045.0
2011-10-12,43.92,46.13,43.72,45.86,1873673.0
2011-10-13,45.53,46.7,45.53,46.03,4510810.0
2011-10-14,46.03,47.34,45.73,46.53,3579556.0
2011-10-17,46.77,47.6,46.46,46.67,1703382.0
2011-10-18,46.26,47.24,45.9,45.93,1465168.0
2011-10-19,46.23,46.73,45.93,46.23,1472790.0
2011-10-20,46.3,46.46,44.56,45.23,3644795.0
2011-10-21,45.26,45.56,44.56,44.56,1331161.0
2011-10-24,44.56,45.76,43.92,45.56,2504031.0
2011-10-25,45.66,48.07,45.56,47.77,3460747.0
2011-10-26,47.5,49.18,47.13,48.58,5686975.0
2011-10-27,48.58,49.58,48.44,48.61,3587997.0
2011-10-28,48.91,50.55,48.24,49.71,9305055.0
2011-10-31,49.81,50.59,49.41,50.18,2258560.0
2011-11-01,50.25,51.05,49.58,50.25,3415961.0
2011-11-02,49.58,54.44,49.48,52.83,6212083.0
2011-11-03,52.7,53.57,51.82,52.33,4690333.0
2011-11-04,52.56,54.57,52.29,52.56,3107900.0
2011-11-07,52.26,52.83,51.05,51.09,4012405.0
2011-11-08,51.26,51.56,50.62,51.42,2244832.0
2011-11-09,51.42,53.53,51.26,53.5,3966596.0
2011-11-10,52.93,53.83,52.63,53.0,3518165.0
2011-11-11,53.03,54.5,53.03,53.67,8968639.0
2011-11-14,54.2,54.3,53.0,53.87,3661666.0
2011-11-15,53.9,54.34,52.7,54.0,4216407.0
2011-11-16,54.0,54.91,52.26,53.23,5289798.0
2011-11-17,53.13,53.7,52.53,52.56,1949020.0
2011-11-18,52.29,52.43,50.82,51.26,3765439.0
2011-11-21,51.32,51.79,50.52,51.69,1399089.0
2011-11-22,51.49,52.26,50.99,52.09,1725971.0
2011-11-23,52.33,53.1,52.09,52.46,3584696.0
2011-11-24,52.09,54.4,51.32,54.3,7318971.0
2011-11-25,53.94,54.47,53.27,53.37,4482655.0
2011-11-28,53.43,55.58,53.4,54.97,7791420.0
2011-11-29,54.91,56.21,54.54,55.21,8308052.0
2011-11-30,56.55,56.55,51.99,52.43,8432615.0
2011-12-01,54.04,55.28,53.1,53.13,8183922.0
2011-12-02,52.26,53.6,51.69,52.7,3193440.0
2011-12-05,52.56,52.6,50.65,51.22,4377731.0
2011-12-06,50.85,51.62,50.59,50.89,2809854.0
2011-12-07,48.94,51.05,48.94,49.85,4116183.0
2011-12-08,49.85,51.42,49.75,50.89,2578976.0
2011-12-09,50.59,51.93,50.15,51.42,2787115.0
2011-12-12,51.42,52.39,50.62,51.46,2609932.0
2011-12-13,51.22,51.93,49.68,50.52,3230920.0
2011-12-14,50.25,50.89,48.68,49.08,2672749.0
2011-12-15,48.68,49.01,48.21,48.51,1838517.0
2011-12-16,48.47,50.89,48.44,50.82,1965032.0
2011-12-19,50.82,52.83,50.08,52.76,4018101.0
2011-12-20,52.43,53.1,52.26,52.43,1995529.0
2011-12-21,52.73,53.2,52.13,52.53,1737368.0
2011-12-22,51.93,53.53,50.75,53.27,3638810.0
2011-12-23,53.8,53.87,52.46,53.27,2931363.0
2011-12-26,53.33,53.87,51.59,51.99,2959270.0
2011-12-27,51.59,51.96,49.61,49.78,3300879.0
2011-12-28,48.91,49.51,47.44,48.68,3866738.0
2011-12-29,48.68,50.52,48.64,49.55,2389456.0
2011-12-30,49.78,50.92,49.55,50.45,1570334.0
2012-01-04,50.75,51.19,49.75,50.05,1419509.0
2012-01-05,50.08,50.69,48.91,49.21,2332216.0
2012-01-06,49.21,49.48,44.56,47.97,3475989.0
2012-01-09,47.4,50.08,46.97,49.78,2364127.0
2012-01-10,48.94,53.1,48.94,52.03,3866189.0
2012-01-11,52.09,52.6,50.75,51.66,3237092.0
2012-01-12,51.09,53.53,51.09,52.13,5463803.0
2012-01-13,52.13,52.73,50.25,50.89,3310320.0
2012-01-16,50.59,50.72,47.44,48.47,3969339.0
2012-01-17,48.41,50.42,46.43,50.35,4643979.0
2012-01-18,50.08,50.99,48.24,48.37,3945071.0
2012-01-19,48.17,48.41,45.9,47.77,5649392.0
2012-01-20,47.77,49.58,47.44,48.91,3423889.0
2012-01-30,49.25,49.71,48.74,48.94,2411598.0
2012-01-31,48.51,49.18,47.57,48.54,1777470.0
2012-02-01,48.51,49.01,47.91,47.94,2659700.0
2012-02-02,48.01,49.92,47.87,49.85,5666086.0
2012-02-03,49.35,50.92,48.84,50.48,3979435.0
2012-02-06,50.12,50.92,49.81,50.42,3003678.0
2012-02-07,50.22,50.32,49.31,50.18,2351557.0
2012-02-08,50.18,51.19,49.75,50.72,4502370.0
2012-02-09,50.69,52.86,50.15,51.72,5935817.0
2012-02-10,51.72,52.43,50.79,51.29,4929710.0
2012-02-13,51.15,51.86,50.48,51.22,4482471.0
2012-02-14,51.22,52.66,50.92,52.53,5580600.0
2012-02-15,52.09,53.27,51.93,53.1,4792308.0
2012-02-16,52.93,53.23,51.42,52.16,2870386.0
2012-02-17,52.63,54.3,52.63,53.03,10236755.0
2012-02-20,53.4,53.7,52.53,52.63,3504571.0
2012-02-21,52.9,53.03,51.86,52.66,4629940.0
2012-02-22,52.63,54.44,52.36,54.14,7886999.0
2012-02-23,53.6,54.94,53.53,54.27,5201654.0
2012-02-24,54.2,55.07,53.67,54.34,6076529.0
2012-02-27,54.4,54.84,53.87,54.61,7376542.0
2012-02-28,54.3,55.44,53.53,53.94,5427423.0
2012-02-29,53.9,55.38,53.3,54.61,8272514.0
2012-03-01,54.4,55.88,54.14,55.78,8366663.0
2012-03-02,55.78,56.18,55.28,56.11,5992597.0
2012-03-05,56.28,57.42,55.54,56.51,9932278.0
2012-03-06,56.51,56.98,55.28,55.34,7455446.0
2012-03-07,54.54,56.18,54.54,54.74,4273117.0
2012-03-08,54.94,56.08,54.57,55.14,4142467.0
2012-03-09,55.31,57.02,54.91,56.82,6766152.0
2012-03-12,57.15,59.9,56.62,58.52,12795038.0
2012-03-13,58.39,58.99,58.06,58.76,5958755.0
2012-03-14,59.13,59.9,55.81,56.82,10615590.0
2012-03-15,56.82,57.89,56.62,57.52,8010170.0
2012-03-16,57.45,61.0,57.42,60.87,12521177.0
2012-03-19,61.31,63.25,59.9,60.2,21610184.0
2012-03-20,60.33,60.87,59.33,60.27,10281668.0
2012-03-21,59.83,60.17,57.55,58.93,9796316.0
2012-03-22,58.93,60.13,57.65,59.97,6886352.0
2012-03-23,59.3,59.3,56.78,56.98,9068321.0
2012-03-26,56.65,57.99,55.78,57.65,5336097.0
2012-03-27,57.96,58.16,56.11,56.18,5546826.0
2012-03-28,55.61,56.48,54.34,54.47,7353103.0
2012-03-29,54.81,55.68,54.4,54.54,5405621.0
2012-03-30,54.24,55.01,52.7,53.97,8367806.0
2012-04-05,53.67,56.78,53.63,56.68,10130283.0
2012-04-06,56.72,57.55,55.95,57.18,7473208.0
2012-04-09,56.75,57.85,56.11,56.28,4621596.0
2012-04-10,55.78,57.05,54.04,56.98,7431483.0
2012-04-11,56.31,58.46,56.08,57.72,5621162.0
2012-04-12,57.96,58.76,57.22,58.29,9970328.0
2012-04-13,58.06,60.1,57.96,59.93,10101279.0
2012-04-16,59.13,60.33,58.86,59.19,6455156.0
2012-04-17,58.96,60.2,58.93,59.43,7952945.0
2012-04-18,59.3,60.84,59.06,60.67,8597576.0
2012-04-19,60.3,60.47,58.29,58.86,11144817.0
2012-04-20,58.56,58.96,57.72,58.22,14606016.0
2012-04-23,58.39,59.16,56.21,56.31,15599665.0
2012-04-24,55.61,57.85,55.44,57.79,12316340.0
2012-04-25,57.62,58.26,56.15,57.62,8964986.0
2012-04-26,57.62,58.36,56.62,56.95,6566439.0
2012-04-27,56.95,57.29,56.48,56.68,3697979.0
2012-05-02,57.02,57.85,56.92,57.42,6469489.0
2012-05-03,57.05,57.62,56.55,56.78,5368926.0
2012-05-04,56.62,58.36,56.55,58.26,9372110.0
2012-05-07,57.96,59.19,57.92,58.49,6762896.0
2012-05-08,58.56,58.89,57.96,58.16,5016082.0
2012-05-09,57.55,57.69,56.68,57.25,4788525.0
2012-05-10,56.82,57.42,56.51,56.95,3697354.0
2012-05-11,56.88,57.18,56.41,56.62,3341324.0
2012-05-14,57.05,57.82,56.65,56.92,3294023.0
2012-05-15,56.45,57.59,56.31,57.49,3510757.0
2012-05-16,57.62,58.29,57.39,57.65,5314045.0
2012-05-17,57.52,58.83,57.35,58.73,5695226.0
2012-05-18,58.49,58.96,56.05,56.41,4845622.0
2012-05-21,56.11,56.45,54.87,55.44,5722841.0
2012-05-22,55.74,56.88,55.74,56.31,3439915.0
2012-05-23,56.31,56.41,55.71,56.05,2539640.0
2012-05-24,55.98,56.62,55.04,55.24,2561468.0
2012-05-25,55.11,55.71,54.54,54.71,1673344.0
2012-05-28,54.3,55.34,53.6,55.21,2732816.0
2012-05-29,55.21,56.45,54.84,56.18,4246034.0
2012-05-31,55.48,56.35,54.77,56.15,3453695.0
2012-06-01,55.88,57.45,55.88,56.75,3655417.0
2012-06-04,55.74,57.65,55.38,56.55,6587663.0
2012-06-05,56.78,58.32,56.11,57.99,7180414.0
2012-06-06,58.09,58.52,57.02,57.62,4854852.0
2012-06-07,57.89,58.22,56.68,57.39,3632798.0
2012-06-08,57.29,57.45,55.07,55.28,2954261.0
2012-06-11,55.44,56.88,55.28,56.51,3668596.0
2012-06-12,56.28,58.32,56.28,58.19,7079049.0
2012-06-13,58.09,59.53,57.99,59.03,7834980.0
2012-06-14,59.26,59.97,58.02,58.26,6409174.0
2012-06-15,58.46,59.43,58.12,58.83,5257024.0
2012-06-18,59.19,59.86,58.73,59.53,6749684.0
2012-06-19,59.6,59.6,58.36,58.93,3255155.0
2012-06-20,58.99,59.63,58.02,58.56,2095240.0
2012-06-21,58.42,58.56,57.75,58.09,4238151.0
2012-06-25,58.06,58.49,56.55,56.75,3831220.0
2012-06-26,56.51,57.96,56.28,57.92,2476264.0
2012-06-27,57.69,59.4,57.62,58.63,3330482.0
2012-06-28,58.79,58.96,57.79,57.96,2792382.0
2012-06-29,57.62,60.23,57.32,60.23,6155337.0
2012-07-02,60.33,61.37,59.8,61.34,10799712.0
2012-07-03,61.34,63.21,60.64,60.94,11750633.0
2012-07-04,60.64,61.44,60.23,61.24,4042837.0
2012-07-05,60.74,61.04,59.8,60.4,3847249.0
2012-07-06,60.5,63.08,59.97,62.51,8009126.0
2012-07-09,62.31,66.5,62.24,64.22,16481749.0
2012-07-10,63.99,65.33,62.65,63.95,6809804.0
2012-07-11,63.32,65.09,62.24,64.99,5509807.0
2012-07-12,64.76,67.6,64.42,66.0,9905848.0
2012-07-13,65.49,67.17,65.02,66.63,4235085.0
2012-07-16,67.0,67.27,62.65,63.32,8407498.0
2012-07-17,63.21,64.32,62.24,63.82,4879188.0
2012-07-18,63.25,63.99,60.67,62.21,5329912.0
2012-07-19,61.47,63.82,61.47,63.08,5432397.0
2012-07-20,62.68,63.99,62.31,62.98,2902314.0
2012-07-23,62.95,63.45,61.39,62.98,2782177.0
2012-07-24,62.0,64.94,62.0,64.71,4489238.0
2012-07-25,64.84,64.84,62.81,63.73,2419215.0
2012-07-26,63.15,64.47,61.96,62.37,4026904.0
2012-07-27,62.37,62.71,60.51,61.49,3674010.0
2012-07-30,61.15,61.76,57.83,59.7,5776601.0
2012-07-31,59.39,61.42,58.61,60.51,4985095.0
2012-08-01,60.47,62.84,60.0,62.1,4021588.0
2012-08-02,61.39,62.07,60.1,60.64,2239820.0
2012-08-03,60.85,62.47,60.64,62.44,3233823.0
2012-08-06,62.0,64.5,62.0,64.03,3900364.0
2012-08-07,64.03,64.81,62.64,64.33,2976624.0
2012-08-08,63.73,64.67,63.18,63.79,2184958.0
2012-08-09,63.79,63.83,62.61,63.79,5258679.0
2012-08-10,63.69,64.27,62.78,63.12,2687139.0
2012-08-13,62.4,62.98,60.95,61.42,5460336.0
2012-08-14,61.12,61.56,59.36,60.95,4732090.0
2012-08-15,60.78,61.63,60.37,60.81,2405462.0
2012-08-16,60.78,61.12,59.59,59.59,2269129.0
2012-08-17,59.53,60.2,58.65,60.1,3394146.0
2012-08-20,59.8,60.34,59.05,60.31,2589340.0
2012-08-21,60.58,61.29,60.14,60.88,2643042.0
2012-08-22,60.61,60.91,59.66,60.07,2808588.0
2012-08-23,59.93,59.93,54.89,57.22,19647644.0
2012-08-24,55.43,57.02,55.43,56.55,8495972.0
2012-08-27,56.58,56.58,55.29,55.56,4163656.0
2012-08-28,55.36,55.7,53.77,54.92,5492013.0
2012-08-29,54.99,56.72,54.04,56.38,4507444.0
2012-08-30,55.87,56.82,54.52,55.94,1997954.0
2012-08-31,55.87,57.02,55.4,56.75,2176014.0
2012-09-03,56.58,59.12,56.41,58.92,4176431.0
2012-09-04,58.85,58.88,57.49,58.14,2546011.0
2012-09-05,58.24,58.31,57.02,57.29,2748825.0
2012-09-06,57.26,58.85,57.26,58.41,3275757.0
2012-09-07,58.75,60.61,58.31,59.19,6858127.0
2012-09-10,59.32,59.93,58.71,59.22,6045688.0
2012-09-11,59.32,59.93,58.82,59.76,3493650.0
2012-09-12,59.86,60.17,59.05,59.66,2913395.0
2012-09-13,59.73,60.75,59.26,59.29,4868783.0
2012-09-14,59.29,59.56,57.02,57.77,5650763.0
2012-09-17,57.87,58.71,55.94,56.0,4420400.0
2012-09-18,55.84,57.22,55.56,56.55,3509499.0
2012-09-19,56.89,58.31,56.55,57.83,4433136.0
2012-09-20,57.83,58.31,57.05,57.09,3528523.0
2012-09-21,57.09,57.9,54.14,54.45,4981406.0
2012-09-24,54.52,55.06,53.43,54.45,4821517.0
2012-09-25,54.52,55.26,54.48,54.89,2296451.0
2012-09-26,54.92,55.19,53.5,54.18,2806972.0
2012-09-27,54.21,55.29,53.57,55.23,2768662.0
2012-09-28,54.82,56.11,54.41,55.97,3184275.0
2012-10-08,56.55,57.56,55.87,55.94,3499236.0
2012-10-09,55.94,57.29,55.87,56.45,4151195.0
2012-10-10,56.24,57.77,56.24,57.7,3872709.0
2012-10-11,57.53,57.53,55.94,56.07,2192614.0
2012-10-12,56.41,56.89,55.12,55.63,1532362.0
2012-10-15,55.84,56.11,54.45,55.06,1905898.0
2012-10-16,54.96,55.63,54.79,55.4,1056937.0
2012-10-17,55.36,55.36,53.8,54.72,4894365.0
2012-10-18,54.79,55.8,54.58,55.19,3860223.0
2012-10-19,55.19,55.56,54.79,54.79,1812045.0
2012-10-22,54.75,55.36,54.21,55.23,944569.0
2012-10-23,55.26,55.4,53.67,53.8,3007233.0
2012-10-24,53.77,54.18,52.65,52.72,3904691.0
2012-10-25,52.86,53.57,51.98,52.31,3014028.0
2012-10-26,52.31,52.99,51.4,52.72,2368120.0
2012-10-29,52.48,53.5,52.08,53.13,1149577.0
2012-10-30,53.13,53.53,52.48,53.3,1230264.0
2012-10-31,53.8,54.18,52.79,53.7,3285450.0
2012-11-01,53.84,54.24,53.23,53.84,3001614.0
2012-11-02,53.87,54.07,53.63,53.91,1158039.0
2012-11-05,54.24,54.24,52.65,52.92,2161627.0
2012-11-06,52.82,53.43,51.47,53.19,3491362.0
2012-11-07,52.82,52.99,51.87,52.28,2427740.0
2012-11-08,51.7,52.48,51.3,52.21,1771721.0
2012-11-09,52.14,52.14,50.59,50.96,3170840.0
2012-11-12,51.1,51.13,49.61,49.84,2633159.0
2012-11-13,49.84,50.05,48.76,49.44,2679891.0
2012-11-14,49.2,49.84,48.59,49.5,1813104.0
2012-11-15,49.3,49.88,49.03,49.2,1179009.0
2012-11-16,49.13,49.67,48.96,49.37,1388025.0
2012-11-19,49.17,50.05,49.1,49.71,1426280.0
2012-11-20,49.71,49.98,49.44,49.64,1747646.0
2012-11-21,49.64,50.21,49.44,50.18,1254680.0
2012-11-22,50.01,50.01,49.2,49.27,1105213.0
2012-11-23,49.91,49.98,49.4,49.5,1034860.0
2012-11-26,49.5,49.71,47.3,47.47,3998214.0
2012-11-27,47.37,47.91,46.9,47.07,1266455.0
2012-11-28,47.03,47.1,45.51,45.71,1768476.0
2012-11-29,46.02,46.12,45.34,45.37,753182.0
2012-11-30,45.54,46.52,45.24,46.32,1390292.0
2012-12-03,46.56,47.51,46.08,46.86,3329316.0
2012-12-04,46.83,49.03,46.39,48.45,4551478.0
2012-12-05,48.45,49.88,48.25,48.93,2952611.0
2012-12-06,49.0,49.17,46.32,46.9,4402086.0
2012-12-07,46.9,48.45,46.86,48.22,3218697.0
2012-12-10,48.25,49.27,48.22,49.23,2761845.0
2012-12-11,49.23,50.93,48.79,49.94,3968609.0
2012-12-12,49.57,50.45,49.37,49.84,1351567.0
2012-12-13,50.11,50.96,49.88,50.28,2747455.0
2012-12-14,50.25,52.11,49.84,51.64,4628769.0
2012-12-17,51.47,51.54,50.79,51.3,3698566.0
2012-12-18,51.23,51.84,50.89,51.3,2460067.0
2012-12-19,51.43,51.6,50.15,50.65,3606844.0
2012-12-20,50.28,50.69,49.98,50.42,1599614.0
2012-12-21,50.38,50.79,49.94,50.21,2071899.0
2012-12-24,50.11,51.81,49.77,51.47,3454914.0
2012-12-25,51.3,53.16,51.16,52.69,6377922.0
2012-12-26,52.99,53.77,52.79,53.6,5003676.0
2012-12-27,53.7,53.8,52.14,52.42,4227094.0
2012-12-28,52.42,53.33,52.01,52.99,5323538.0
2012-12-31,52.99,54.41,52.75,53.91,9487402.0
2013-01-04,53.63,54.04,52.99,53.53,3897476.0
2013-01-07,52.99,53.5,52.08,53.47,7514688.0
2013-01-08,53.19,53.47,52.42,53.19,6335202.0
2013-01-09,53.19,54.58,52.99,54.35,8557884.0
2013-01-10,54.38,54.65,53.84,54.24,4071516.0
2013-01-11,55.19,55.77,53.16,53.53,7840269.0
2013-01-14,53.16,56.24,52.89,56.21,7633599.0
2013-01-15,56.21,57.16,55.53,56.72,5385973.0
2013-01-16,56.78,58.1,56.07,57.22,5803950.0
2013-01-17,57.22,58.85,56.58,57.19,4859014.0
2013-01-18,57.29,58.41,56.48,57.53,4556515.0
2013-01-21,57.87,57.9,57.26,57.53,3472275.0
2013-01-22,57.53,57.56,56.17,56.55,3800506.0
2013-01-23,56.48,56.65,54.92,55.84,3863808.0
2013-01-24,55.87,56.17,54.31,55.23,6046689.0
2013-01-25,54.92,55.53,54.35,54.75,4205480.0
2013-01-28,54.96,55.94,54.79,55.87,9669149.0
2013-01-29,55.9,56.31,55.56,56.07,6232262.0
2013-01-30,56.0,56.38,54.52,55.5,9187344.0
2013-01-31,55.33,55.5,53.3,53.91,11184321.0
2013-02-01,53.8,54.41,53.47,54.11,8717533.0
2013-02-04,54.24,55.46,53.84,54.85,14466685.0
2013-02-05,54.82,55.94,54.38,55.67,11501033.0
2013-02-06,55.7,56.28,55.36,55.46,8113447.0
2013-02-07,55.43,56.38,55.06,56.28,8519588.0
2013-02-08,56.28,57.05,56.07,56.68,7904866.0
2013-02-18,56.55,56.65,53.84,54.24,16669045.0
2013-02-19,54.55,54.79,53.19,53.47,7930016.0
2013-02-20,53.33,54.41,53.03,54.04,7415529.0
2013-02-21,53.74,53.84,52.72,53.3,6335586.0
2013-02-22,52.99,53.53,52.89,53.13,5720070.0
2013-02-25,53.13,54.04,53.09,53.84,5298421.0
2013-02-26,53.53,54.01,51.74,51.84,7514645.0
2013-02-27,51.91,52.28,50.79,51.1,6881355.0
2013-02-28,51.47,52.14,50.93,52.04,5638787.0
2013-03-01,52.01,52.38,51.64,52.01,6913438.0
2013-03-04,51.67,51.77,50.11,50.38,6924027.0
2013-03-05,50.05,52.48,50.05,52.45,8528082.0
2013-03-06,52.31,53.33,52.31,52.72,5510589.0
2013-03-07,52.48,54.24,52.21,53.63,10598657.0
2013-03-08,53.5,53.97,52.14,52.48,8679762.0
2013-03-11,52.48,54.18,51.6,54.14,11340149.0
2013-03-12,54.04,54.79,52.75,53.87,12274765.0
2013-03-13,53.91,53.91,51.7,52.79,5228983.0
2013-03-14,52.45,53.23,52.01,52.21,4163345.0
2013-03-15,52.48,53.16,51.26,52.25,7407846.0
2013-03-18,51.64,52.86,51.47,51.91,3941932.0
2013-03-19,51.98,52.25,50.59,51.91,3871275.0
2013-03-20,51.81,53.91,51.67,53.87,9893622.0
2013-03-21,53.87,54.52,53.67,54.24,7443477.0
2013-03-22,54.11,54.79,53.74,54.07,6628039.0
2013-03-25,54.28,54.96,53.97,54.72,8146728.0
2013-03-26,54.68,54.85,53.36,54.82,6864555.0
2013-03-27,54.68,54.68,52.14,52.38,16091801.0
2013-03-28,51.77,52.65,50.76,51.91,6106736.0
2013-03-29,51.77,52.55,51.64,52.31,2947437.0
2013-04-01,52.21,52.25,51.06,51.2,4569804.0
2013-04-02,51.3,51.54,50.21,50.52,5377529.0
2013-04-03,50.69,50.69,48.22,48.86,10468653.0
2013-04-08,47.17,47.4,45.98,47.3,7466111.0
2013-04-09,47.1,48.49,47.1,48.15,3888743.0
2013-04-10,48.12,48.66,47.68,47.98,2665688.0
2013-04-11,48.28,48.72,48.15,48.45,3691597.0
2013-04-12,48.42,48.59,47.68,47.95,2149600.0
2013-04-15,47.47,48.32,46.49,48.05,4885587.0
2013-04-16,47.51,48.89,47.4,48.83,2421120.0
2013-04-17,48.56,49.3,48.42,48.69,2649483.0
2013-04-18,48.32,49.23,48.12,48.89,3628489.0
2013-04-19,48.89,49.94,48.89,49.71,3342987.0
2013-04-22,49.1,49.37,48.42,49.33,4987296.0
2013-04-23,49.4,49.44,47.84,47.95,2932616.0
2013-04-24,48.01,48.39,47.71,48.32,4870316.0
2013-04-25,49.06,49.2,48.12,48.49,6158514.0
2013-04-26,48.28,48.76,47.27,47.51,4055201.0
2013-05-02,47.84,47.84,46.9,47.61,2081272.0
2013-05-03,47.61,48.69,47.61,48.22,4272220.0
2013-05-06,48.72,49.77,48.42,49.64,6184387.0
2013-05-07,49.64,49.77,49.17,49.57,3176169.0
2013-05-08,50.11,50.79,49.44,50.11,6955507.0
2013-05-09,50.35,50.59,49.77,50.28,3480338.0
2013-05-10,50.65,50.96,49.98,50.93,6717671.0
2013-05-13,50.93,51.23,50.45,51.13,3667403.0
2013-05-14,51.2,51.2,49.64,49.74,3816578.0
2013-05-15,50.08,50.89,49.81,50.76,2883581.0
2013-05-16,51.26,51.3,50.21,50.89,4741059.0
2013-05-17,50.89,51.37,50.52,51.1,4768228.0
2013-05-20,51.13,52.65,50.99,52.11,9601639.0
2013-05-21,51.84,52.31,51.7,52.14,3303113.0
2013-05-22,52.25,52.48,51.26,51.54,6144540.0
2013-05-23,51.47,51.6,50.49,50.49,4985465.0
2013-05-24,50.55,50.96,50.38,50.76,3892219.0
2013-05-27,50.86,51.1,49.84,50.11,10224758.0
2013-05-28,50.45,54.18,50.15,54.01,23061050.0
2013-05-29,53.7,54.11,52.86,53.23,11977951.0
2013-05-30,53.03,53.97,52.79,53.09,9179632.0
2013-05-31,53.67,54.18,52.92,53.03,7181313.0
2013-06-03,53.09,53.5,52.58,52.92,6497202.0
2013-06-04,52.92,53.26,51.54,52.42,8313838.0
2013-06-05,52.48,53.5,52.48,53.06,6323332.0
2013-06-06,52.99,52.99,51.94,52.31,5875435.0
2013-06-07,52.18,53.09,50.18,50.59,6043260.0
2013-06-13,49.44,49.61,48.08,49.5,5688114.0
2013-06-14,50.11,50.11,49.27,49.54,4295121.0
2013-06-17,49.54,49.61,48.89,49.23,3593936.0
2013-06-18,49.23,50.38,49.13,50.11,4129277.0
2013-06-19,49.94,51.26,49.77,51.23,7778689.0
2013-06-20,51.13,51.13,50.18,50.25,5126489.0
2013-06-21,49.44,50.86,47.95,50.38,5374881.0
2013-06-24,50.32,50.32,47.4,47.98,4966652.0
2013-06-25,47.71,47.98,43.34,45.71,8081788.0
2013-06-26,45.81,46.32,44.97,45.27,6658107.0
2013-06-27,45.64,46.05,44.02,44.29,5645453.0
2013-06-28,44.26,45.37,43.82,44.26,4697437.0
2013-07-01,44.39,44.9,44.02,44.86,2941945.0
2013-07-02,44.7,45.88,43.75,45.51,10637158.0
2013-07-03,45.2,46.59,44.36,46.35,7428620.0
2013-07-04,46.02,47.27,45.64,46.73,8014010.0
2013-07-05,46.52,47.07,45.7,45.84,3943582.0
2013-07-08,45.19,46.38,44.6,45.73,4522126.0
2013-07-09,45.46,45.8,44.91,45.56,3160702.0
2013-07-10,45.39,47.21,45.19,46.8,4980747.0
2013-07-11,46.76,48.88,46.66,48.34,7580509.0
2013-07-12,48.34,48.64,47.75,48.2,4921406.0
2013-07-15,48.1,49.53,47.93,49.43,7580013.0
2013-07-16,49.81,51.9,48.95,51.66,12386693.0
2013-07-17,51.01,51.55,50.15,50.32,9005083.0
2013-07-18,50.15,51.55,49.64,50.49,7370759.0
2013-07-19,50.94,51.01,48.95,49.16,6181523.0
2013-07-22,49.64,52.75,49.64,51.69,11807997.0
2013-07-23,51.18,52.82,51.04,52.31,10342808.0
2013-07-24,53.03,54.91,52.38,54.4,15299309.0
2013-07-25,54.09,54.74,52.55,53.51,5667104.0
2013-07-26,52.72,53.88,52.2,52.68,5427802.0
2013-07-29,52.38,55.18,51.76,54.94,12675855.0
2013-07-30,54.94,55.59,53.16,55.05,8832229.0
2013-07-31,54.81,56.38,53.64,54.22,9230885.0
2013-08-01,53.74,54.91,53.4,54.7,6661872.0
2013-08-02,55.11,55.8,54.36,55.73,9078578.0
2013-08-05,55.8,58.02,55.76,57.27,11752106.0
2013-08-06,57.17,59.91,56.86,59.36,14897459.0
2013-08-07,58.91,59.56,57.61,58.47,5777983.0
2013-08-08,58.13,58.85,57.85,58.33,3740327.0
2013-08-09,58.2,59.22,56.79,58.23,5719454.0
2013-08-12,57.85,58.61,57.51,58.43,5799355.0
2013-08-13,58.3,58.37,57.24,57.58,4431772.0
2013-08-14,57.48,57.61,56.07,56.76,4930444.0
2013-08-15,56.65,57.75,56.31,56.79,2199059.0
2013-08-16,56.48,57.03,54.7,54.94,5084736.0
2013-08-19,54.74,57.24,54.43,57.07,4580005.0
2013-08-20,57.07,58.54,56.48,57.75,6565261.0
2013-08-21,58.13,58.3,56.83,57.99,4585426.0
2013-08-22,57.85,58.33,57.2,58.02,5849115.0
2013-08-23,58.02,58.81,57.37,58.16,4780753.0
2013-08-26,58.16,58.71,57.68,58.47,4913501.0
2013-08-27,58.37,58.37,57.75,57.96,2333279.0
2013-08-28,57.82,57.99,56.52,57.72,3595610.0
2013-08-29,58.26,58.26,56.96,57.58,1599671.0
2013-08-30,57.2,59.39,56.76,58.23,8163967.0
2013-09-02,58.4,59.56,58.06,58.78,5380637.0
2013-09-03,58.88,62.23,58.57,61.41,7465892.0
2013-09-04,61.45,62.23,60.28,60.97,5969001.0
2013-09-05,60.93,61.52,60.42,61.1,2131922.0
2013-09-06,60.69,61.96,60.69,61.38,3745772.0
2013-09-09,61.69,62.1,60.18,60.52,6085986.0
2013-09-10,60.59,60.9,59.74,60.49,4209134.0
2013-09-11,60.52,60.52,58.64,58.91,3692701.0
2013-09-12,58.78,59.67,58.43,58.67,2299264.0
2013-09-13,58.81,60.04,58.54,59.98,3172767.0
2013-09-16,61.0,62.88,60.42,62.58,8943535.0
2013-09-17,62.65,62.78,60.8,60.83,3982669.0
2013-09-18,60.56,62.88,60.42,61.69,7455615.0
2013-09-23,61.96,62.06,60.69,60.9,6416282.0
2013-09-24,60.93,61.93,60.59,61.62,7484558.0
2013-09-25,61.62,61.69,60.04,60.83,5429163.0
2013-09-26,60.76,61.62,57.85,57.96,6478545.0
2013-09-27,57.89,58.43,56.83,57.34,6617979.0
2013-09-30,57.44,58.16,56.65,57.58,3741454.0
2013-10-08,57.48,58.37,56.55,58.16,4863613.0
2013-10-09,58.02,59.67,57.68,58.54,4471279.0
2013-10-10,58.54,61.34,58.3,60.97,8865677.0
2013-10-11,60.93,62.3,60.11,60.9,6817805.0
2013-10-14,61.28,63.33,61.07,62.99,9915937.0
2013-10-16,65.21,69.22,63.64,65.76,18655624.0
2013-10-17,65.76,66.68,63.71,64.49,8063965.0
2013-10-18,64.19,66.75,62.34,63.64,11720658.0
2013-10-21,63.3,67.44,63.3,66.99,11425536.0
2013-10-22,66.99,67.85,65.04,66.03,6771072.0
2013-10-23,66.0,67.03,64.53,65.52,4903324.0
2013-10-24,65.83,66.75,64.56,65.21,4769846.0
2013-10-25,64.87,65.49,60.59,61.62,9653278.0
2013-10-28,61.62,62.47,59.39,61.62,4365336.0
2013-10-29,61.58,62.23,57.34,59.56,7556820.0
2013-10-30,59.8,60.8,59.39,60.35,3916460.0
2013-10-31,59.98,61.04,59.98,60.28,4144844.0
2013-11-01,60.28,66.31,59.91,65.83,9770199.0
2013-11-04,66.99,67.1,64.19,64.94,6680260.0
2013-11-05,64.7,65.73,63.67,64.94,3880904.0
2013-11-06,65.28,66.75,64.87,65.83,6068593.0
2013-11-07,65.25,67.71,64.7,65.01,5346154.0
2013-11-08,64.29,65.69,62.82,64.19,3381163.0
2013-11-11,64.15,65.04,64.01,64.19,2273223.0
2013-11-12,64.29,64.7,62.82,63.54,2203517.0
2013-11-13,63.33,64.12,60.93,61.0,2567574.0
2013-11-14,61.07,62.44,59.56,60.9,3378514.0
2013-11-15,59.87,62.27,59.87,61.93,4268849.0
2013-11-18,61.96,63.5,61.24,61.55,5881770.0
2013-11-19,61.69,62.61,61.28,62.51,4736602.0
2013-11-20,62.65,64.12,61.82,63.95,3245711.0
2013-11-21,63.54,63.84,62.51,63.02,3321346.0
2013-11-22,63.02,63.67,62.58,63.09,1785756.0
2013-11-25,63.06,63.95,62.1,62.61,2992064.0
2013-11-26,62.61,62.99,61.52,62.58,3152261.0
2013-11-27,62.54,63.12,62.23,62.95,2453554.0
2013-11-28,63.6,64.46,62.92,63.09,8726828.0
2013-11-29,63.67,64.97,62.95,63.36,3730522.0
2013-12-02,62.65,63.67,57.51,59.12,9455534.0
2013-12-03,59.15,61.58,58.23,60.32,4354158.0
2013-12-04,60.25,61.58,59.91,61.41,6963150.0
2013-12-05,61.65,61.65,58.37,59.15,7071361.0
2013-12-06,59.8,61.1,59.05,60.52,4870678.0
2013-12-09,60.52,60.8,59.22,60.49,5031505.0
2013-12-10,60.35,60.69,58.81,59.05,6558716.0
2013-12-11,59.09,60.18,58.2,58.98,4001311.0
2013-12-12,58.95,60.15,58.4,59.43,2241181.0
2013-12-13,59.53,59.84,58.91,59.5,2989634.0
2013-12-16,59.56,60.35,59.15,59.94,3284972.0
2013-12-17,59.91,60.11,57.82,58.23,5461161.0
2013-12-18,58.23,58.78,58.09,58.4,1523597.0
2013-12-19,58.37,58.67,57.51,57.65,1785026.0
2013-12-20,57.58,57.78,55.9,56.14,3812834.0
2013-12-23,56.45,58.47,56.04,58.2,7118247.0
2013-12-24,58.02,60.08,58.02,59.91,5825521.0
2013-12-25,59.91,60.52,59.56,60.08,2030389.0
2013-12-26,60.08,60.18,58.67,59.46,3018918.0
2013-12-27,59.46,60.42,59.29,59.7,3032169.0
2013-12-30,60.08,60.25,59.56,59.77,2123014.0
2013-12-31,59.77,61.1,59.26,60.32,3502211.0
2014-01-02,60.35,60.59,59.46,59.91,2991115.0
2014-01-03,59.6,60.83,59.46,60.56,3037965.0
2014-01-06,60.42,60.59,58.91,59.02,2464381.0
2014-01-07,58.85,60.73,58.71,60.69,3348076.0
2014-01-08,60.87,61.52,59.05,59.91,4434174.0
2014-01-09,59.87,60.32,57.17,58.61,4648493.0
2014-01-10,58.61,58.78,57.17,57.68,3778656.0
2014-01-13,57.17,58.37,57.17,57.99,1594733.0
2014-01-14,58.16,59.43,57.72,59.15,2433209.0
2014-01-15,59.29,61.07,59.15,59.8,4581297.0
2014-01-16,59.8,59.87,58.54,59.05,3770787.0
2014-01-17,59.02,59.91,57.3,58.13,3459981.0
2014-01-20,58.13,59.32,57.51,58.98,2778278.0
2014-01-21,58.98,61.55,58.74,61.0,5770831.0
2014-01-22,60.97,63.95,60.25,62.61,9680508.0
2014-01-23,62.95,62.95,61.28,62.51,5931191.0
2014-01-24,61.93,63.57,61.69,61.99,10272956.0
2014-01-27,61.62,61.89,60.49,60.69,5439457.0
2014-01-28,60.83,61.96,60.25,61.62,3704259.0
2014-01-29,61.45,65.04,61.31,64.25,11403899.0
2014-01-30,63.5,64.29,63.06,63.3,6030063.0
2014-02-07,62.75,64.46,62.47,64.05,5705302.0
2014-02-10,65.01,69.56,64.46,68.98,17440850.0
2014-02-11,68.05,70.18,67.71,68.81,15245846.0
2014-02-12,69.22,69.22,67.1,67.71,9880725.0
2014-02-13,67.75,68.16,65.73,66.1,7953688.0
2014-02-14,65.9,67.47,65.9,66.51,7568716.0
2014-02-17,67.37,71.13,66.62,69.8,14951609.0
2014-02-18,71.1,72.57,68.64,68.84,14921636.0
2014-02-19,69.42,71.48,68.84,70.93,11284429.0
2014-02-20,71.55,71.55,67.3,68.09,10977663.0
2014-02-21,67.51,68.19,66.41,66.55,6311117.0
2014-02-24,66.62,69.39,65.76,69.12,8195391.0
2014-02-25,69.18,72.4,67.88,68.7,14555227.0
2014-02-26,68.81,68.81,66.07,67.92,7412064.0
2014-02-27,68.29,71.37,65.76,66.07,12667767.0
2014-02-28,65.79,66.96,63.33,66.34,9669764.0
2014-03-03,65.38,65.52,63.67,65.25,6629149.0
2014-03-04,64.84,65.04,63.88,64.36,6212251.0
2014-03-05,64.56,66.21,64.05,65.11,4983645.0
2014-03-06,64.36,66.75,63.88,66.72,6583465.0
2014-03-07,66.62,66.68,64.49,65.01,4285910.0
2014-03-10,62.65,63.33,61.48,61.99,7731297.0
2014-03-11,61.62,62.3,60.76,61.14,3776539.0
2014-03-12,61.89,64.56,61.82,62.88,7149115.0
2014-03-13,62.41,63.74,62.41,63.06,3493219.0
2014-03-14,62.99,62.99,61.62,61.93,3567858.0
2014-03-17,62.41,63.84,61.96,63.12,3676145.0
2014-03-18,63.81,66.21,63.6,65.35,9723873.0
2014-03-19,65.38,66.65,64.22,66.55,3220852.0
2014-03-20,66.38,67.64,64.01,64.32,5448726.0
2014-03-21,64.29,66.58,62.3,66.24,3129114.0
2014-03-24,66.65,68.77,65.45,68.12,5120090.0
2014-03-25,67.75,68.23,66.1,67.2,3649204.0
2014-03-26,68.09,68.4,66.17,66.79,3254221.0
2014-03-27,66.1,68.43,65.9,66.75,4776999.0
2014-03-28,66.31,67.3,64.01,64.36,2924182.0
2014-03-31,64.36,64.94,61.62,63.26,3653427.0
2014-04-01,63.06,64.56,62.75,64.25,3602583.0
2014-04-02,64.32,65.14,63.43,64.43,2065625.0
2014-04-03,63.74,65.79,63.74,64.49,2476970.0
2014-04-04,63.74,64.9,63.6,64.66,1947519.0
2014-04-08,66.38,67.23,65.38,66.58,6268759.0
2014-04-09,66.79,67.51,66.41,66.79,3036523.0
2014-04-10,67.06,70.42,66.75,69.12,8690461.0
2014-04-11,68.5,70.14,68.36,69.18,5374179.0
2014-04-14,69.08,70.42,68.36,70.11,5154672.0
2014-04-15,70.28,70.79,69.32,70.31,5530410.0
2014-04-16,70.11,70.18,68.67,69.59,3409745.0
2014-04-17,69.35,70.35,68.91,69.18,2192936.0
2014-04-18,69.32,71.03,68.81,70.21,5112336.0
2014-04-21,69.83,72.09,68.7,68.88,9108444.0
2014-04-22,68.29,69.77,67.61,68.98,5151187.0
2014-04-23,68.81,68.81,65.66,66.68,6926774.0
2014-04-24,66.58,68.43,66.58,67.23,4018921.0
2014-04-25,67.44,68.09,66.41,67.16,2823129.0
2014-04-28,66.58,67.16,63.77,64.46,7221598.0
2014-04-29,64.43,65.73,64.15,65.42,3526794.0
2014-04-30,65.93,68.29,65.42,67.54,4389803.0
2014-05-05,67.54,70.59,67.54,70.01,11188505.0
2014-05-06,69.56,70.24,68.46,69.9,3444927.0
2014-05-07,69.83,71.41,68.84,70.11,5181001.0
2014-05-08,70.07,71.2,68.12,68.84,5144617.0
2014-05-09,68.81,69.12,66.38,66.65,4594784.0
2014-05-12,67.1,70.86,67.1,70.59,6144547.0
2014-05-13,70.45,70.86,69.39,70.48,6338628.0
2014-05-14,70.55,71.41,69.83,70.21,4479545.0
2014-05-15,70.48,73.19,70.21,70.83,12143598.0
2014-05-16,71.1,71.48,68.53,71.1,6751539.0
2014-05-19,70.83,70.9,68.12,68.81,6614181.0
2014-05-20,68.84,70.01,68.5,68.7,2391544.0
2014-05-21,68.81,70.52,67.78,70.01,3319293.0
2014-05-22,70.01,71.48,69.7,70.9,4356403.0
2014-05-23,70.66,70.93,70.01,70.79,3621072.0
2014-05-26,71.37,73.94,71.2,73.43,10889940.0
2014-05-27,73.09,73.84,71.96,72.3,6862392.0
2014-05-28,72.5,75.14,71.89,74.8,12744564.0
2014-05-29,74.63,74.97,73.09,73.19,5070730.0
2014-05-30,72.81,74.11,72.09,72.98,5751749.0
2014-06-03,73.12,73.33,71.34,71.89,5755128.0
2014-06-04,72.06,72.23,70.38,71.37,4060307.0
2014-06-05,71.34,72.78,70.86,72.64,4551734.0
2014-06-06,72.71,73.02,70.21,70.35,4353671.0
2014-06-09,70.45,72.2,70.24,70.48,4526661.0
2014-06-10,70.55,72.57,70.55,72.5,4143084.0
2014-06-11,72.81,73.29,72.09,73.15,4131853.0
2014-06-12,72.91,73.94,72.09,72.61,4208881.0
2014-06-13,72.57,74.63,72.26,73.84,5920492.0
2014-06-16,73.77,74.28,73.02,74.01,4420696.0
2014-06-17,73.6,73.77,71.75,72.06,5229648.0
2014-06-18,72.33,72.47,71.51,72.26,2626991.0
2014-06-19,72.37,72.37,69.66,69.97,4919947.0
2014-06-20,70.18,70.96,69.83,70.59,3428027.0
2014-06-23,70.62,72.26,70.62,71.2,3156490.0
2014-06-24,71.2,71.92,70.35,71.68,2044422.0
2014-06-25,71.51,72.57,70.83,71.82,3210876.0
2014-06-26,72.37,73.53,71.92,72.71,3013216.0
2014-06-27,73.19,74.97,72.61,74.25,7081736.0
2014-06-30,73.98,76.2,73.98,74.56,7245043.0
2014-07-01,74.8,75.24,73.94,74.63,4088234.0
2014-07-02,75.07,76.24,74.66,75.17,5633531.0
2014-07-03,75.76,76.89,73.74,74.15,10791660.0
2014-07-04,73.43,74.11,72.74,73.33,6165065.0
2014-07-07,73.33,73.84,72.91,73.57,3462811.0
2014-07-08,74.04,74.04,71.92,73.19,4703389.0
2014-07-09,72.91,73.6,71.79,71.96,5982703.0
2014-07-10,71.89,73.12,71.89,72.5,2493468.0
2014-07-11,72.71,73.91,71.89,73.67,3746058.0
2014-07-14,73.8,74.42,73.05,74.35,3583454.0
2014-07-15,75.28,76.37,74.28,75.07,7625592.0
2014-07-16,74.63,74.9,73.77,74.46,2375148.0
2014-07-17,74.46,74.46,72.91,73.6,2273684.0
2014-07-18,72.81,74.15,72.64,73.53,1984588.0
2014-07-21,73.5,73.98,73.12,73.8,2088688.0
2014-07-22,73.87,75.04,73.6,74.9,2861806.0
2014-07-23,74.9,74.9,71.75,72.68,5545263.0
2014-07-24,72.54,73.6,70.01,71.41,5571172.0
2014-07-25,71.41,71.72,70.35,70.86,4736064.0
2014-07-28,71.44,73.63,71.41,73.57,5857320.0
2014-07-29,73.5,73.63,72.61,72.74,6338208.0
2014-07-30,72.78,73.02,71.55,72.09,4938232.0
2014-07-31,71.85,72.47,71.37,71.96,4299135.0
2014-08-01,72.13,72.74,71.2,71.96,6338443.0
2014-08-04,71.75,72.26,71.13,71.99,4278200.0
2014-08-05,72.06,72.85,71.58,72.4,4508477.0
2014-08-06,72.57,73.53,72.26,73.22,5076659.0
2014-08-07,73.53,73.77,71.89,71.96,5170496.0
2014-08-08,72.54,72.91,71.58,72.13,2781792.0
2014-08-11,72.16,72.57,71.65,72.09,5029269.0
2014-08-12,72.2,74.11,71.82,74.01,9117317.0
2014-08-13,73.84,74.01,71.89,73.33,7212210.0
2014-08-14,72.98,73.29,71.68,72.06,7275459.0
2014-08-15,72.16,73.09,72.09,72.71,5340821.0
2014-08-18,72.98,74.39,72.74,74.11,9864790.0
2014-08-19,74.18,75.0,73.22,73.67,11301362.0
2014-08-20,73.91,73.91,73.09,73.67,6843427.0
2014-08-21,73.53,76.0,73.36,75.86,12630701.0
2014-08-22,77.54,78.22,75.48,75.55,19024300.0
2014-08-25,74.97,77.54,74.83,76.82,9302917.0
2014-08-26,76.54,77.88,75.35,76.92,8137432.0
2014-08-27,77.71,78.08,75.14,75.69,10607303.0
2014-08-28,75.69,76.17,73.77,75.52,6771831.0
2014-08-29,75.82,78.73,75.31,78.63,9642144.0
2014-09-01,78.87,79.25,78.12,78.87,7290640.0
2014-09-02,79.15,80.62,78.77,79.15,7889041.0
2014-09-03,79.52,83.36,79.15,83.25,19500064.0
2014-09-04,83.32,83.36,81.85,82.95,7684517.0
2014-09-05,82.98,83.18,81.27,82.53,7896804.0
2014-09-09,82.6,82.67,81.13,82.29,6571218.0
2014-09-10,82.12,83.56,81.3,83.08,6770577.0
2014-09-11,82.98,83.36,81.16,81.85,7218719.0
2014-09-12,82.16,82.43,81.3,82.29,4001475.0
2014-09-15,81.92,85.07,81.13,84.21,10135965.0
2014-09-16,83.73,84.55,80.27,80.89,10324223.0
2014-09-17,81.06,81.82,79.86,80.75,4926545.0
2014-09-18,80.65,81.61,80.07,81.3,4509199.0
2014-09-19,80.82,82.91,80.82,82.33,5760263.0
2014-09-22,82.43,82.64,81.3,81.99,4644203.0
2014-09-23,82.64,85.44,82.64,85.27,11226572.0
2014-09-24,85.44,85.44,84.04,84.96,9346660.0
2014-09-25,85.1,86.33,84.49,85.51,9246909.0
2014-09-26,85.55,88.15,82.16,84.93,14309756.0
2014-09-29,87.15,88.13,84.72,86.07,16072455.0
2014-09-30,84.47,85.6,83.54,84.93,19762340.0
2014-10-08,85.24,85.45,82.35,83.95,17219574.0
2014-10-09,83.95,84.1,82.55,83.54,16392520.0
2014-10-10,83.23,84.52,82.76,84.41,14063301.0
2014-10-13,83.74,85.86,83.17,84.88,14733822.0
2014-10-14,84.47,85.55,82.92,83.43,17778696.0
2014-10-15,83.43,83.43,82.14,82.66,12569999.0
2014-10-16,82.04,82.86,81.16,81.73,10826408.0
2014-10-17,81.37,82.24,79.4,80.13,8741583.0
2014-10-20,80.28,81.47,80.28,80.95,8589274.0
2014-10-21,80.95,81.37,79.4,79.71,9156584.0
2014-10-22,79.87,84.26,79.87,82.45,18477756.0
2014-10-23,82.14,84.05,81.47,82.86,14679491.0
2014-10-24,82.92,83.69,80.9,82.76,9748065.0
2014-10-27,82.35,83.54,81.11,82.61,9780270.0
2014-10-28,82.66,84.26,82.35,84.05,14818392.0
2014-10-29,84.47,86.69,84.21,85.86,20245636.0
2014-10-30,87.1,88.7,86.02,86.53,25275036.0
2014-10-31,86.27,86.27,82.71,84.26,18416156.0
2014-11-03,84.31,86.69,84.0,85.71,15308132.0
2014-11-04,85.71,86.58,84.05,86.12,10470380.0
2014-11-05,86.12,86.12,84.21,84.31,8736007.0
2014-11-06,84.47,87.88,84.05,87.1,21963736.0
2014-11-07,89.12,94.44,89.12,91.59,44127708.0
2014-11-10,93.51,95.93,91.03,91.54,25015826.0
2014-11-11,92.27,95.06,90.92,92.63,26851104.0
2014-11-12,91.96,95.57,90.77,94.9,20083192.0
2014-11-13,95.06,98.1,94.64,95.62,26123492.0
2014-11-14,94.85,95.06,90.97,92.58,14945796.0
2014-11-17,91.96,93.97,91.7,93.4,13432039.0
2014-11-18,93.71,93.82,90.04,92.89,20647562.0
2014-11-19,93.4,93.4,89.42,89.84,22811860.0
2014-11-20,89.89,91.18,88.81,89.63,12477425.0
2014-11-21,88.96,89.73,88.6,89.53,16143765.0
2014-11-24,89.79,90.66,87.67,89.99,24769048.0
2014-11-25,89.89,92.06,89.37,91.7,20586312.0
2014-11-26,91.75,93.61,91.03,92.47,16769077.0
2014-11-27,92.89,93.04,89.94,90.25,19691216.0
2014-11-28,90.51,90.61,87.82,88.55,23010324.0
2014-12-01,88.65,88.7,85.71,86.89,22690096.0
2014-12-02,86.79,87.67,86.33,87.1,16547634.0
2014-12-03,86.79,88.65,85.5,88.6,22244338.0
2014-12-04,88.6,89.53,86.79,88.96,28827668.0
2014-12-05,88.65,88.86,85.86,86.74,25876028.0
2014-12-08,86.27,87.15,84.62,86.38,22303832.0
2014-12-09,85.34,87.15,84.21,84.83,24963504.0
2014-12-10,84.72,87.77,84.21,87.36,15751588.0
2014-12-11,86.79,89.17,86.43,88.39,19111888.0
2014-12-12,88.7,88.96,87.36,88.39,15061009.0
2014-12-15,88.24,91.18,87.51,90.87,23265722.0
2014-12-16,90.92,91.08,88.44,89.42,20011108.0
2014-12-17,89.32,89.32,87.1,87.77,12926932.0
2014-12-18,87.82,88.55,86.64,86.79,11732866.0
2014-12-19,86.74,87.46,84.98,86.17,12525099.0
2014-12-22,85.24,86.02,82.14,82.71,19577392.0
2014-12-23,82.76,85.81,82.71,83.79,17460800.0
2014-12-24,83.95,84.88,83.48,84.67,8778504.0
2014-12-25,84.78,85.5,84.1,85.29,11197092.0
2014-12-26,85.24,85.24,83.69,84.52,11721814.0
2014-12-29,84.57,84.98,82.97,83.38,15422037.0
2014-12-30,83.23,86.27,82.76,85.6,19271460.0
2014-12-31,84.88,85.71,84.1,85.03,11393640.0
2015-01-05,84.72,86.27,83.59,86.02,19244066.0
2015-01-06,85.24,89.32,84.72,89.27,26058284.0
2015-01-07,89.32,89.89,87.62,88.96,17908180.0
2015-01-08,88.34,88.81,86.84,87.36,10553491.0
2015-01-09,87.31,88.29,85.24,85.29,13779684.0
2015-01-12,84.88,85.09,83.17,84.21,9509947.0
2015-01-13,84.31,85.86,84.31,85.34,7141989.0
2015-01-14,85.4,86.02,84.52,84.72,4287740.0
2015-01-15,84.72,86.12,84.67,85.86,7714907.0
2015-01-16,86.53,88.86,85.65,88.39,13630828.0
2015-01-19,86.27,89.63,84.72,86.89,20818438.0
2015-01-20,88.24,89.12,86.95,89.06,18899022.0
2015-01-21,89.42,92.83,88.86,92.27,35647348.0
2015-01-22,93.04,94.44,92.11,93.09,30706378.0
2015-01-23,93.14,93.87,91.18,91.44,20855168.0
2015-01-26,91.85,94.02,90.92,93.35,17776188.0
2015-01-27,93.61,94.64,91.18,92.01,20195668.0
2015-01-28,92.37,92.99,90.97,91.7,12876402.0
2015-01-29,90.92,91.18,89.32,89.68,10927379.0
2015-01-30,90.2,90.2,88.6,89.01,9131828.0
2015-02-02,88.24,91.23,87.82,90.15,11372710.0
2015-02-03,90.61,91.65,89.99,91.59,10003271.0
2015-02-04,91.54,91.96,90.56,90.66,11526743.0
2015-02-05,91.34,91.44,88.44,88.6,11324760.0
2015-02-06,88.7,89.53,85.76,86.74,9930285.0
2015-02-09,86.64,87.1,85.29,85.91,7665925.0
2015-02-10,86.53,86.79,84.98,86.43,10336539.0
2015-02-11,86.48,89.01,86.27,88.96,10193775.0
2015-02-12,89.12,89.22,87.93,88.39,9475024.0
2015-02-13,88.7,90.41,88.7,89.89,11499637.0
2015-02-16,89.89,92.27,89.79,91.65,13841287.0
2015-02-17,91.75,92.42,90.3,90.77,12631838.0
2015-02-25,91.18,91.23,89.01,89.58,12893131.0
2015-02-26,89.68,90.1,88.91,89.94,12797681.0
2015-02-27,90.04,90.72,89.42,90.04,16080791.0
2015-03-02,90.1,93.51,89.79,93.25,31381358.0
2015-03-03,92.52,95.47,91.59,93.56,35094032.0
2015-03-04,93.56,96.81,92.11,95.47,27391332.0
2015-03-05,95.52,96.55,93.97,95.93,21407034.0
2015-03-06,95.57,97.48,93.97,94.02,16392648.0
2015-03-09,93.35,94.75,91.23,94.28,13670412.0
2015-03-10,94.07,96.04,93.66,95.93,20597406.0
2015-03-11,96.09,100.48,94.95,99.29,31823880.0
2015-03-12,98.88,100.02,97.17,98.67,20638760.0
2015-03-13,98.83,99.19,97.64,98.62,15017187.0
2015-03-16,99.71,102.08,99.45,101.1,23922450.0
2015-03-17,101.62,103.58,100.22,101.41,27107800.0
2015-03-18,101.46,107.4,100.17,105.8,30158444.0
2015-03-19,105.08,106.06,102.55,104.25,20387782.0
2015-03-20,104.35,105.59,103.32,105.34,19179204.0
2015-03-23,112.1,115.88,110.71,115.88,39571620.0
2015-03-24,127.45,127.45,118.41,122.75,100015392.0
2015-03-25,123.42,134.16,119.9,128.84,74778496.0
2015-03-26,126.52,126.67,118.92,120.16,42995144.0
2015-03-27,121.4,126.67,120.37,121.97,35888444.0
2015-03-30,123.21,125.02,121.4,123.78,32279280.0
2015-03-31,125.07,130.81,123.73,125.74,36941864.0
2015-04-01,126.83,132.1,125.54,130.65,37602536.0
2015-04-02,130.19,131.74,126.72,129.05,26870790.0
2015-04-03,128.02,132.3,126.21,131.63,31669436.0
2015-04-07,130.7,133.08,128.12,132.41,33809848.0
2015-04-08,132.51,133.13,126.47,127.96,28302794.0
2015-04-09,128.27,128.38,118.25,122.23,29487012.0
2015-04-10,122.38,127.29,121.92,124.66,24649604.0
2015-04-13,124.45,129.98,123.99,129.51,27222220.0
2015-04-14,130.29,138.4,129.2,135.51,39724312.0
2015-04-15,134.73,136.8,129.26,130.75,23958480.0
2015-04-16,128.58,140.1,127.76,137.47,31195816.0
2015-04-17,137.68,145.68,134.83,143.1,32372506.0
2015-04-20,144.6,145.58,134.32,134.78,31351276.0
2015-04-21,134.99,140.52,134.99,139.38,26532682.0
2015-04-22,140.72,142.74,139.12,140.78,27400388.0
2015-04-23,140.98,141.14,135.87,137.52,29656656.0
2015-04-24,135.87,136.13,130.19,133.65,29718124.0
2015-04-27,133.65,137.83,132.67,134.27,23801676.0
2015-04-28,134.52,136.33,128.53,129.67,21888296.0
2015-04-29,129.67,134.73,128.12,133.44,17404340.0
2015-04-30,133.6,137.93,132.92,133.8,21259084.0
2015-05-04,133.44,136.64,130.34,135.25,20903940.0
2015-05-05,135.25,135.25,128.12,128.64,18574664.0
2015-05-06,128.38,129.93,121.87,122.59,24880136.0
2015-05-07,121.14,121.35,117.94,118.05,16466607.0
2015-05-08,119.59,125.12,119.59,124.35,21637186.0
2015-05-11,125.95,131.43,122.69,130.7,24224776.0
2015-05-12,130.91,133.91,130.75,133.13,27562280.0
2015-05-13,132.77,133.91,127.65,131.06,26092902.0
2015-05-14,131.27,132.51,126.05,128.02,21018404.0
2015-05-15,127.55,128.48,124.5,126.0,14018929.0
2015-05-18,125.79,129.26,124.55,127.76,16763433.0
2015-05-19,127.6,131.84,127.34,129.98,30122832.0
2015-05-20,132.36,137.93,130.96,134.27,39580544.0
2015-05-21,134.73,138.66,134.32,136.69,28046038.0
2015-05-22,137.42,138.45,134.21,137.47,25542028.0
2015-05-25,137.47,146.05,137.47,144.08,34167092.0
2015-05-26,145.63,154.47,145.63,153.85,34203320.0
2015-05-27,154.47,158.6,148.06,150.69,30917048.0
2015-05-28,150.85,153.33,135.61,136.18,31531292.0
2015-05-29,136.38,141.76,130.7,136.75,24117676.0
2015-06-01,137.93,144.7,135.25,143.72,24912824.0
2015-06-02,144.39,151.68,144.39,150.49,23491562.0
2015-06-03,151.11,152.92,142.58,146.41,21265442.0
2015-06-04,147.13,152.3,132.77,145.43,26162616.0
2015-06-05,146.72,151.99,145.68,148.01,27539304.0
2015-06-08,148.53,151.26,144.03,146.67,20933436.0
2015-06-09,147.23,147.23,139.38,141.55,28828752.0
2015-06-10,141.29,145.63,139.48,144.34,23205262.0
2015-06-11,144.13,148.11,140.67,148.06,31051428.0
2015-06-12,148.47,151.21,146.2,148.11,32990642.0
2015-06-15,149.76,154.83,146.56,151.83,36774568.0
2015-06-16,149.82,159.12,147.23,153.17,45062072.0
2015-06-17,153.17,154.1,140.98,148.47,31382478.0
2015-06-18,148.01,150.13,137.83,138.97,23305276.0
2015-06-19,134.47,140.52,125.07,125.38,23803764.0
2015-06-23,125.07,128.95,115.98,126.47,22781938.0
2015-06-24,128.27,128.69,122.54,126.88,28117252.0
2015-06-25,127.76,128.48,119.34,120.47,24270796.0
2015-06-26,117.06,117.06,108.44,108.44,25670484.0
2015-06-29,110.3,113.65,97.59,100.64,26810280.0
2015-06-30,100.12,110.71,93.51,109.11,26177104.0
2015-07-01,108.44,116.5,104.35,105.28,27723148.0
2015-07-02,108.49,108.49,97.64,99.45,20779344.0
2015-07-03,97.12,103.48,91.08,101.67,30110832.0
2015-07-06,111.85,111.85,95.47,105.65,27169236.0
2015-07-07,98.16,102.29,95.11,95.11,15891717.0
2015-07-08,85.6,90.66,85.6,85.6,82189152.0
2015-07-09,86.02,94.18,82.71,94.18,22144008.0
2015-07-10,98.7,103.58,94.7,103.58,11723756.0
2015-07-13,108.77,113.92,105.87,113.92,41396608.0
2015-07-14,109.4,117.81,108.26,110.07,35328316.0
2015-07-15,107.53,108.41,99.06,99.06,21298422.0
2015-07-16,99.06,104.26,94.02,101.97,14730229.0
2015-07-17,103.27,110.7,102.02,109.71,18805588.0
2015-07-20,109.92,115.32,107.53,109.35,21417644.0
2015-07-21,110.07,117.4,107.32,117.29,27547256.0
2015-07-22,121.03,121.03,111.22,114.28,25299362.0
2015-07-23,113.24,118.96,112.0,118.54,25464736.0
2015-07-24,119.06,121.03,114.28,116.51,28311974.0
2015-07-27,115.11,123.89,104.98,107.84,56299264.0
2015-07-28,102.33,111.94,97.03,108.88,42078304.0
2015-07-29,109.19,117.24,103.94,116.83,37723472.0
2015-07-30,116.15,124.15,114.28,119.53,58962376.0
2015-07-31,117.09,118.96,109.66,112.51,34012292.0
2015-08-03,113.45,113.45,101.24,101.29,33636408.0
2015-08-04,102.23,108.05,101.14,107.63,25877028.0
2015-08-05,106.49,108.31,101.35,103.16,26187452.0
2015-08-06,99.06,104.1,96.93,100.36,18266180.0
2015-08-07,101.81,106.18,101.81,105.29,22823356.0
2015-08-10,106.7,111.68,106.54,111.58,25191132.0
2015-08-11,111.63,122.75,109.92,122.75,53543712.0
2015-08-12,122.07,124.15,116.0,119.48,62143856.0
2015-08-13,118.44,121.03,116.93,120.88,34991604.0
2015-08-14,121.45,127.16,120.05,121.55,38847992.0
2015-08-17,120.05,121.14,116.57,119.63,27456788.0
2015-08-18,119.89,122.59,107.68,107.68,32018628.0
2015-08-19,102.85,112.72,101.29,111.32,22391128.0
2015-08-20,109.35,113.45,106.64,107.74,14712061.0
2015-08-21,105.35,107.68,99.16,100.83,17324578.0
2015-08-24,98.13,98.59,90.75,90.75,26270552.0
2015-08-25,83.63,93.19,82.39,84.26,33186858.0
2015-08-26,86.7,92.36,85.14,87.89,28772436.0
2015-08-27,92.46,96.67,90.8,96.67,24657384.0
2015-08-28,98.59,102.44,96.67,101.5,22914864.0
2015-08-31,99.48,103.89,94.44,98.96,19863002.0
2015-09-01,97.4,100.52,92.2,92.72,19944316.0
2015-09-02,88.31,96.98,87.01,95.84,29295240.0
2015-09-07,95.84,101.29,92.52,94.54,22476674.0
2015-09-08,94.28,101.19,91.94,100.36,16154245.0
2015-09-09,101.97,105.45,97.03,97.92,49387904.0
2015-09-10,96.62,101.03,95.22,98.54,21588024.0
2015-09-11,99.74,100.62,97.71,99.37,13760675.0
2015-09-14,99.74,101.29,90.85,92.2,18868996.0
2015-09-15,91.68,94.44,89.24,90.49,17484604.0
2015-09-16,91.68,99.22,90.54,98.44,17309278.0
2015-09-17,97.14,100.46,95.32,95.79,19803816.0
2015-09-18,96.93,100.67,96.0,99.63,15681088.0
2015-09-21,98.18,109.61,96.93,109.61,32281076.0
2015-09-22,109.71,110.64,105.92,108.93,25911436.0
2015-09-23,105.97,109.4,105.03,107.37,19126474.0
2015-09-24,108.0,108.57,103.42,105.45,22789028.0
2015-09-25,105.45,107.48,100.52,102.28,16877276.0
2015-09-28,102.33,108.57,102.33,108.31,23817390.0
2015-09-29,106.02,109.97,105.5,106.7,18333004.0
2015-09-30,106.75,107.48,103.06,104.41,13594327.0
2015-10-08,107.01,108.05,104.88,105.97,22350072.0
2015-10-09,105.97,106.44,102.75,105.09,22072636.0
2015-10-12,104.77,110.49,104.41,108.72,37575888.0
2015-10-13,106.75,110.85,106.75,110.64,28720304.0
2015-10-14,110.13,112.31,108.46,111.42,23590236.0
2015-10-15,110.13,116.98,109.5,113.35,20896044.0
2015-10-16,113.66,114.7,110.13,113.5,19400344.0
2015-10-19,112.98,118.44,112.51,113.45,20164352.0
2015-10-20,112.72,114.8,111.58,113.92,13741006.0
2015-10-21,113.92,117.29,105.71,107.58,18743672.0
2015-10-22,107.84,111.06,106.96,109.92,10430170.0
2015-10-23,110.8,112.46,108.1,110.07,19046364.0
2015-10-26,111.16,111.42,107.58,109.97,14027091.0
2015-10-27,109.09,113.24,107.37,111.74,19477664.0
2015-10-28,110.33,111.68,107.01,107.16,12891192.0
2015-10-29,106.9,108.1,104.77,106.9,11458291.0
2015-10-30,106.44,106.64,103.48,103.53,16855604.0
2015-11-02,102.9,104.72,101.81,103.48,11742756.0
2015-11-03,103.53,105.35,102.9,103.53,6432152.0
2015-11-04,103.89,107.84,103.89,107.68,16359184.0
2015-11-05,107.37,109.35,105.97,107.42,21381044.0
2015-11-06,108.72,111.68,108.72,110.44,23086362.0
2015-11-09,109.55,111.06,109.19,110.54,17721850.0
2015-11-10,110.13,111.63,109.66,110.23,14653493.0
2015-11-11,110.38,111.11,108.46,109.71,12186412.0
2015-11-12,109.81,111.01,108.2,109.71,12942219.0
2015-11-13,108.57,110.33,106.59,109.24,13435001.0
2015-11-16,105.45,108.15,105.45,107.84,10182929.0
2015-11-17,108.46,111.42,107.68,110.64,20782080.0
2015-11-18,110.64,110.9,107.01,107.53,11173829.0
2015-11-19,107.27,109.71,107.27,109.45,13609346.0
2015-11-20,109.14,111.58,109.09,109.92,18224316.0
2015-11-23,110.38,110.75,108.31,108.93,11067286.0
2015-11-24,108.57,108.88,104.93,107.22,11408168.0
2015-11-25,106.49,108.31,105.76,107.74,10103497.0
2015-11-26,108.31,108.98,106.49,107.89,10647488.0
2015-11-27,107.53,107.79,99.84,100.0,13966248.0
2015-11-30,101.19,102.59,96.98,100.72,12426399.0
2015-12-01,100.77,103.79,99.94,102.85,8878940.0
2015-12-02,108.05,112.46,106.59,110.54,30820628.0
2015-12-03,109.09,109.97,107.58,109.92,16243030.0
2015-12-04,109.35,115.22,108.83,112.2,25807120.0
2015-12-07,114.28,118.18,114.28,116.88,29208904.0
2015-12-08,115.58,115.74,111.84,112.15,15654764.0
2015-12-09,112.15,116.67,111.22,115.22,18815086.0
2015-12-10,115.48,120.93,112.72,114.07,28813598.0
2015-12-11,111.74,113.97,109.61,111.58,12793959.0
2015-12-14,110.38,117.87,109.66,117.4,14667698.0
2015-12-15,117.45,119.89,115.84,118.12,16926622.0
2015-12-16,118.59,119.37,113.5,113.81,22237342.0
2015-12-17,115.74,120.77,114.96,119.89,26610536.0
2015-12-18,119.48,125.86,117.87,123.53,35410512.0
2015-12-21,123.11,135.11,122.85,131.01,41763952.0
2015-12-22,129.86,131.58,127.06,129.29,27617146.0
2015-12-23,129.6,137.09,127.37,129.5,34984768.0
2015-12-24,126.75,127.68,123.11,124.83,20659532.0
2015-12-25,124.25,126.12,123.73,125.03,11156529.0
2015-12-28,125.09,125.45,118.96,119.37,17674266.0
2015-12-29,122.9,123.06,118.7,120.77,9633236.0
2015-12-30,121.03,121.97,119.99,121.4,13215606.0
2015-12-31,121.03,123.37,119.99,121.09,14402702.0
2016-01-04,120.72,120.72,109.09,109.55,12752790.0
2016-01-05,105.03,112.15,105.03,110.54,18210600.0
2016-01-06,110.23,112.25,109.14,111.42,12238862.0
2016-01-07,108.83,108.83,100.31,100.57,4915600.0
2016-01-08,103.58,108.72,97.14,105.35,22427563.0
2016-01-11,103.27,107.48,100.62,100.77,14559713.0
2016-01-12,102.8,106.44,101.55,105.29,16169174.0
2016-01-13,108.46,108.93,102.07,104.0,14183519.0
2016-01-14,103.11,108.31,99.63,107.84,13486652.0
2016-01-15,107.53,110.13,104.98,106.02,10469727.0
2016-01-18,103.11,109.4,102.49,105.45,9245383.0
2016-01-19,105.92,110.07,105.92,109.97,10205142.0
2016-01-20,109.4,110.64,105.97,106.8,9411386.0
2016-01-21,104.98,109.61,104.98,105.87,14908405.0
2016-01-22,106.64,108.2,102.85,108.0,9235581.0
2016-01-25,108.31,110.13,107.94,109.24,6138182.0
2016-01-26,108.2,108.46,100.05,103.22,7804995.0
2016-01-27,102.75,103.79,95.11,99.63,11977765.0
2016-01-28,98.75,101.81,96.52,97.55,8338010.0
2016-01-29,96.31,101.24,96.15,100.41,6056865.0
2016-02-01,100.26,103.01,100.26,100.62,6800912.0
2016-02-02,101.29,104.05,100.98,102.96,7262587.0
2016-02-03,101.71,103.63,100.67,103.16,4932124.0
2016-02-04,103.22,108.05,103.22,106.9,7999777.0
2016-02-05,107.48,107.68,105.09,105.24,4386907.0
2016-02-15,102.64,109.61,102.33,107.63,9024660.0
2016-02-16,107.68,112.62,107.68,110.44,8781914.0
2016-02-17,110.44,111.89,108.05,110.59,7594540.0
2016-02-18,110.9,111.42,108.05,108.51,5492750.0
2016-02-19,108.1,109.09,106.9,107.48,5159847.0
2016-02-22,108.31,109.55,107.53,109.45,6749665.0
2016-02-23,109.4,109.4,104.15,105.71,9690269.0
2016-02-24,105.97,106.8,104.05,106.44,6725779.0
2016-02-25,105.5,105.97,96.1,97.03,10560033.0
2016-02-26,98.07,100.62,98.07,99.79,7545875.0
2016-02-29,100.1,100.1,94.59,96.67,6409171.0
2016-03-01,97.03,99.22,96.67,98.8,4899626.0
2016-03-02,98.54,103.11,98.23,102.54,7150720.0
2016-03-03,102.02,103.48,101.09,101.4,6917064.0
2016-03-04,101.09,101.66,96.93,98.85,7068303.0
2016-03-07,100.0,101.09,99.37,100.77,7085925.0
2016-03-08,100.31,100.72,95.53,99.06,7173370.0
2016-03-09,97.66,101.81,96.98,100.2,7916058.0
2016-03-10,100.2,100.52,98.18,99.48,5047752.0
2016-03-11,99.22,99.22,96.88,98.18,4311160.0
2016-03-14,98.44,101.81,97.76,99.63,9665082.0
2016-03-15,99.27,100.1,97.81,98.54,6459477.0
2016-03-16,99.16,99.48,97.03,97.24,5408330.0
2016-03-17,97.66,99.48,97.14,98.96,7981714.0
2016-03-18,99.11,102.13,98.7,101.35,12703362.0
2016-03-21,102.18,106.23,101.71,104.93,13635702.0
2016-03-22,103.89,104.93,103.16,103.94,7688602.0
2016-03-23,103.89,104.67,102.39,104.0,6572798.0
2016-03-24,103.63,105.4,102.44,103.48,7594466.0
2016-03-25,103.37,107.16,102.85,106.96,11893046.0
2016-03-28,107.79,109.87,106.49,106.59,13953739.0
2016-03-29,107.01,107.89,104.72,104.98,8807921.0
2016-03-30,105.14,108.31,105.14,107.89,7177379.0
2016-03-31,108.05,111.27,107.37,108.51,11669717.0
2016-04-01,107.53,108.57,106.02,107.48,6076821.0
2016-04-05,107.06,110.38,106.59,109.61,8996799.0
2016-04-06,109.35,110.02,108.31,108.77,6049003.0
2016-04-07,108.83,109.45,107.53,107.63,3414662.0
2016-04-08,107.53,108.36,103.94,105.19,9557490.0
2016-04-11,105.5,108.41,105.45,107.89,7379323.0
2016-04-12,107.89,108.2,105.09,106.18,5395441.0
2016-04-13,106.96,108.51,106.49,107.42,10297896.0
2016-04-14,107.94,109.14,107.53,108.62,7349999.0
2016-04-15,108.83,108.98,106.96,108.1,5098172.0
2016-04-18,108.05,108.05,104.93,105.4,6453379.0
2016-04-19,105.97,106.39,104.83,106.02,3786239.0
2016-04-20,106.13,106.75,100.52,102.28,6866871.0
2016-04-21,102.28,105.03,102.23,102.64,6230525.0
2016-04-22,102.59,104.2,101.81,103.94,5766116.0
2016-04-25,103.79,103.79,100.98,101.55,7143638.0
2016-04-26,101.14,102.54,100.93,102.18,5773244.0
2016-04-27,102.33,102.75,101.14,101.19,5215817.0
2016-04-28,101.5,101.81,100.15,101.61,3803433.0
2016-04-29,101.55,104.36,101.55,103.27,7228355.0
2016-05-03,103.01,106.49,102.23,105.81,11159616.0
2016-05-04,104.83,105.29,103.79,104.41,8696122.0
2016-05-05,104.2,106.07,103.79,104.83,10865459.0
2016-05-06,105.03,105.61,100.77,101.09,9101652.0
2016-05-09,100.57,100.67,98.7,100.05,6964121.0
2016-05-10,100.46,101.29,99.11,100.1,3745995.0
2016-05-11,100.72,104.41,100.26,103.84,10737939.0
2016-05-12,102.85,103.74,100.88,103.01,5604528.0
2016-05-13,103.37,104.2,102.13,103.27,4316260.0
2016-05-16,103.11,103.48,101.61,103.32,3948180.0
2016-05-17,103.11,105.61,103.11,104.2,7610938.0
2016-05-18,103.11,103.94,99.22,100.72,9113052.0
2016-05-19,100.72,101.66,99.06,99.58,5841911.0
2016-05-20,99.74,100.15,98.9,100.1,4824355.0
2016-05-23,100.57,100.88,99.94,100.52,4147481.0
2016-05-24,100.52,100.52,98.7,99.06,4376226.0
2016-05-25,99.58,100.67,98.9,99.53,4646023.0
2016-05-26,100.1,100.57,99.32,100.31,3263109.0
2016-05-27,100.05,101.76,100.0,100.88,4457442.0
2016-05-30,100.15,100.67,99.37,100.15,3512067.0
2016-05-31,99.84,103.27,99.74,103.22,8613171.0
2016-06-01,103.37,103.37,102.02,102.8,7598098.0
2016-06-02,102.39,102.59,101.45,102.28,7014041.0
2016-06-03,102.28,103.32,101.81,103.16,8902396.0
2016-06-06,103.27,103.63,102.9,103.32,6127454.0
2016-06-07,103.27,103.42,101.71,102.33,7164068.0
2016-06-08,102.18,102.18,99.89,100.52,8969420.0
2016-06-13,99.89,101.19,98.85,98.9,9711316.0
2016-06-14,99.22,100.36,98.49,98.85,9468748.0
2016-06-15,97.71,101.19,97.4,101.03,13940064.0
2016-06-16,100.52,101.09,99.27,99.53,8412842.0
2016-06-17,99.74,101.03,99.53,99.74,5812685.0
2016-06-20,100.52,101.71,100.52,101.4,7956213.0
2016-06-21,101.55,102.07,99.84,100.15,7633734.0
2016-06-22,100.15,100.26,98.96,100.2,6519849.0
2016-06-23,100.15,100.67,99.32,99.94,5245630.0
2016-06-24,99.63,100.77,97.55,100.05,8048251.0
2016-06-27,99.37,100.77,99.37,100.62,8662080.0
2016-06-28,100.1,100.88,99.63,100.72,5766464.0
2016-06-29,101.35,101.5,100.15,100.31,8502462.0
2016-06-30,100.72,100.77,99.68,100.36,3990950.0
2016-07-01,100.31,101.45,100.26,100.93,6890070.0
2016-07-04,100.93,102.18,100.52,102.13,10111849.0
2016-07-05,102.02,102.7,101.61,102.13,8463036.0
2016-07-06,101.71,103.37,101.66,103.22,13270041.0
2016-07-07,102.85,105.4,102.59,104.36,14321419.0
2016-07-08,104.15,104.67,103.48,103.63,5949027.0
2016-07-11,103.53,104.62,102.59,102.85,5672048.0
2016-07-12,103.11,106.75,102.9,106.02,9450624.0
2016-07-13,106.59,107.11,105.55,106.23,8054782.0
2016-07-14,106.18,106.75,105.45,106.02,5506992.0
2016-07-15,107.53,107.64,106.02,106.8,9559552.0
2016-07-18,106.49,106.8,103.78,104.92,12701058.0
2016-07-19,104.82,105.13,103.51,104.61,6044965.0
2016-07-20,104.61,104.98,104.09,104.45,5137997.0
2016-07-21,104.04,105.24,103.88,104.3,5376563.0
2016-07-22,104.4,104.66,103.67,104.25,5800965.0
2016-07-25,104.25,105.5,103.88,104.45,4318277.0
2016-07-26,103.88,105.5,103.88,105.45,6089047.0
2016-07-27,105.29,105.66,101.58,102.63,8193819.0
2016-07-28,103.25,104.66,102.31,104.4,8943176.0
2016-07-29,104.45,107.8,104.4,106.33,13728017.0
2016-08-01,105.76,106.39,103.41,104.87,6912218.0
2016-08-02,104.87,106.39,104.66,106.07,5547926.0
2016-08-03,106.02,108.47,105.76,107.43,11662413.0
2016-08-04,106.8,107.8,105.97,107.43,5478196.0
2016-08-05,107.43,107.64,105.5,105.55,5731703.0
2016-08-08,105.19,107.48,104.72,107.33,5829826.0
2016-08-09,107.01,108.42,106.86,107.38,5938173.0
2016-08-10,107.8,110.14,107.33,108.68,12067016.0
2016-08-11,108.94,112.75,108.11,111.03,19881037.0
2016-08-12,110.93,111.97,109.1,111.03,11067676.0
2016-08-15,111.14,113.75,110.25,112.55,14914509.0
2016-08-16,112.55,113.02,111.19,111.71,12752481.0
2016-08-17,111.29,112.08,109.73,111.29,10606646.0
2016-08-18,111.14,112.75,110.61,111.4,8981216.0
2016-08-19,111.45,111.92,109.0,109.26,9658318.0
2016-08-22,109.1,110.41,108.37,109.15,7928553.0
2016-08-23,109.05,110.3,108.84,109.83,6952046.0
2016-08-24,110.61,111.66,110.09,110.41,7293369.0
2016-08-25,109.62,109.62,108.32,109.36,7095547.0
2016-08-26,109.52,111.71,109.52,110.35,7865831.0
2016-08-29,110.41,111.34,110.04,111.14,6769860.0
2016-08-30,111.19,111.4,110.35,111.03,7059140.0
2016-08-31,111.14,111.29,109.88,110.67,8082796.0
2016-09-01,110.3,110.77,109.36,109.62,7138464.0
2016-09-02,109.31,111.03,109.31,110.82,6782814.0
2016-09-05,111.19,111.61,110.04,110.3,5288781.0
2016-09-06,110.3,111.45,108.32,111.14,6976273.0
2016-09-07,111.14,112.6,110.88,111.71,9444268.0
2016-09-08,111.45,112.39,110.3,110.93,6998379.0
2016-09-09,111.03,113.17,109.94,112.49,10588766.0
2016-09-12,110.98,115.68,110.67,113.64,21905467.0
2016-09-13,113.17,115.68,110.82,111.92,19518663.0
2016-09-14,111.08,111.19,108.84,109.47,12976162.0
2016-09-19,109.52,111.34,109.15,111.19,9228244.0
2016-09-20,111.08,111.5,108.32,108.47,14449638.0
2016-09-21,108.63,109.88,108.37,109.26,7789381.0
2016-09-22,109.78,111.5,109.78,110.77,10698461.0
2016-09-23,110.93,111.97,110.25,111.19,8985440.0
2016-09-26,111.19,112.55,109.2,109.52,10719204.0
2016-09-27,108.63,110.41,108.21,110.3,6520512.0
2016-09-28,110.41,110.51,108.11,109.05,7797687.0
2016-09-29,108.94,109.0,106.39,107.43,13532933.0
2016-09-30,106.91,107.53,106.54,106.8,6193849.0
2016-10-10,107.48,108.32,107.01,108.21,8220513.0
2016-10-11,108.32,109.0,107.59,108.79,8336278.0
2016-10-12,108.16,109.73,107.9,109.52,6607170.0
2016-10-13,109.1,109.83,108.89,109.0,4505908.0
2016-10-14,109.0,109.36,108.16,108.63,4846793.0
2016-10-17,108.68,113.69,108.06,111.08,16620804.0
2016-10-18,111.03,112.34,109.88,112.13,12764167.0
2016-10-19,112.13,122.15,112.13,118.6,39173774.0
2016-10-20,117.77,121.11,117.45,119.7,23751907.0
2016-10-21,118.76,120.9,117.45,120.69,15558258.0
2016-10-24,120.74,123.51,119.02,122.62,24713250.0
2016-10-25,121.79,124.66,119.49,122.93,17955102.0
2016-10-26,122.41,124.97,121.11,124.24,14834962.0
2016-10-27,123.77,131.86,121.16,124.24,49004422.0
2016-10-28,123.72,125.54,121.32,122.15,20210945.0
2016-10-31,120.53,121.37,118.39,118.86,17204974.0
2016-11-01,119.8,122.67,119.07,121.99,12938106.0
2016-11-02,121.11,123.19,120.48,121.99,11436023.0
2016-11-03,121.99,122.99,120.06,121.26,7649497.0
2016-11-04,120.9,121.79,119.07,119.28,6945338.0
2016-11-07,119.07,121.11,117.71,118.6,10148969.0
2016-11-08,119.28,120.95,118.55,120.85,6833031.0
2016-11-09,120.06,120.48,117.4,118.76,8249087.0
2016-11-10,119.54,122.52,119.38,120.38,11529048.0
2016-11-11,120.53,121.37,118.13,120.74,10803142.0
2016-11-14,120.85,123.66,120.53,122.67,13459465.0
2016-11-15,122.93,123.98,121.11,122.05,7378489.0
2016-11-16,122.72,123.35,120.48,121.73,8250946.0
2016-11-17,121.63,123.72,121.16,122.36,12716655.0
2016-11-18,122.72,123.51,121.05,121.84,9475146.0
2016-11-21,121.84,123.98,121.26,121.89,6954941.0
2016-11-22,121.68,123.72,121.32,122.83,7896676.0
2016-11-23,122.83,123.77,121.89,123.51,8434044.0
2016-11-24,123.3,124.34,121.37,122.93,12091161.0
2016-11-25,122.93,127.06,121.63,125.7,11758364.0
2016-11-28,126.33,127.63,123.77,124.55,9251063.0
2016-11-29,123.77,124.03,119.54,121.63,19587263.0
2016-11-30,120.22,121.79,119.28,120.9,6611751.0
2016-12-01,120.58,122.05,119.44,121.63,9221422.0
2016-12-02,121.0,121.47,118.5,119.28,7946634.0
2016-12-05,116.67,118.6,113.54,118.44,15484523.0
2016-12-06,117.71,119.02,116.93,117.71,8641981.0
2016-12-07,117.87,119.33,116.36,119.23,6230780.0
2016-12-08,118.97,118.97,115.94,116.04,4503501.0
2016-12-09,115.99,116.46,113.8,114.11,9121046.0
2016-12-12,114.01,114.32,110.88,111.87,8734624.0
2016-12-13,111.76,113.17,109.57,111.66,4914360.0
2016-12-14,111.61,112.18,107.53,108.37,15475731.0
2016-12-15,108.06,110.3,108.0,109.41,9410260.0
2016-12-16,109.52,111.66,108.84,110.61,4509830.0
2016-12-19,110.51,110.51,108.94,110.09,3988058.0
2016-12-20,109.73,110.09,107.95,108.42,7399862.0
2016-12-21,108.84,110.77,108.58,110.72,6687826.0
2016-12-22,110.72,110.98,109.1,110.88,3925433.0
2016-12-23,110.25,110.56,108.68,108.94,5376581.0
2016-12-26,108.73,109.05,105.19,107.8,9546670.0
2016-12-27,107.85,108.06,105.97,106.23,8104145.0
2016-12-28,106.18,106.75,105.92,106.18,3769941.0
2016-12-29,105.86,108.79,105.86,107.8,5925770.0
2016-12-30,108.58,110.88,108.58,109.47,10573496.0
2017-01-03,109.78,111.29,109.41,110.51,4517743.0
2017-01-04,110.82,112.13,110.2,111.61,5062842.0
2017-01-05,111.61,111.92,110.82,110.98,4015080.0
2017-01-06,110.51,112.49,110.51,111.92,3787388.0
2017-01-09,111.71,112.18,110.67,111.92,3719840.0
2017-01-10,111.97,112.08,110.67,111.19,2050690.0
2017-01-11,111.14,111.34,109.2,109.41,2363755.0
2017-01-12,109.62,110.51,108.73,109.1,2425209.0
2017-01-13,109.52,109.94,107.59,108.16,3261357.0
2017-01-16,108.0,108.68,103.46,106.7,5860797.0
2017-01-17,105.97,106.7,104.92,106.12,4648051.0
2017-01-18,105.97,108.11,105.97,106.8,4657696.0
2017-01-19,106.7,107.74,106.28,107.59,3109563.0
2017-01-20,107.8,109.2,107.01,109.1,5052603.0
2017-01-23,109.1,110.72,108.89,110.46,4630603.0
2017-01-24,110.04,110.56,109.0,109.78,2318595.0
2017-01-25,109.36,111.61,109.36,110.98,3382065.0
2017-01-26,111.08,111.81,110.82,111.34,3102302.0
2017-02-03,112.08,112.6,110.67,110.82,2805079.0
2017-02-06,110.72,111.08,108.58,110.46,6809328.0
2017-02-07,110.3,110.51,109.15,110.41,3331702.0
2017-02-08,110.25,110.25,108.84,109.99,2926102.0
2017-02-09,109.99,110.82,109.73,110.25,4662428.0
2017-02-10,110.67,111.61,110.25,110.61,4715924.0
2017-02-13,110.88,112.18,110.41,112.02,4700479.0
2017-02-14,112.08,112.08,110.41,110.77,4163171.0
2017-02-15,110.82,111.19,109.73,110.35,3971322.0
2017-02-16,110.04,110.51,109.36,110.04,3518874.0
2017-02-17,109.99,110.25,107.95,108.11,4889262.0
2017-02-20,108.32,110.04,107.95,110.04,5357565.0
2017-02-21,110.2,110.77,109.62,110.41,5600896.0
2017-02-22,110.51,111.03,109.73,110.51,5163046.0
2017-02-23,110.61,111.97,110.41,111.08,7344516.0
2017-02-24,110.77,113.43,110.77,113.02,8814321.0
2017-02-27,112.81,114.95,112.02,112.18,10792005.0
2017-02-28,112.6,114.16,111.97,112.65,5935900.0
2017-03-01,113.17,116.1,112.91,114.84,14905610.0
2017-03-02,114.84,115.89,113.28,113.69,7127238.0
2017-03-03,113.8,114.37,112.6,113.33,5596281.0
2017-03-06,113.12,113.59,112.6,113.54,8569598.0
2017-03-07,113.43,115.0,112.6,114.69,9877843.0
2017-03-08,114.53,118.08,114.32,115.31,15723502.0
2017-03-09,115.31,115.63,113.8,113.9,5529187.0
2017-03-10,114.06,114.84,112.7,114.22,7940618.0
2017-03-13,114.53,114.63,112.81,114.22,6368858.0
2017-03-14,114.11,114.11,112.23,112.28,6648634.0
2017-03-15,112.18,113.17,111.19,112.6,5410707.0
2017-03-16,112.75,113.28,112.34,112.86,5436107.0
2017-03-17,113.17,113.22,110.41,110.67,8585939.0
2017-03-20,110.93,112.91,110.56,112.7,10624752.0
2017-03-21,112.75,115.36,112.28,114.63,14822255.0
2017-03-22,113.9,119.18,113.64,116.1,22698332.0
2017-03-23,116.1,118.24,115.16,117.09,23408245.0
2017-03-24,116.67,117.03,115.47,116.1,12259836.0
2017-03-27,116.3,119.18,116.15,116.88,12672021.0
2017-03-28,116.67,116.93,115.0,115.42,6872217.0
2017-03-29,115.99,117.56,114.95,115.52,9354275.0
2017-03-30,115.16,115.83,112.13,113.8,10946510.0
2017-03-31,113.54,114.53,113.02,113.95,4865352.0
2017-04-05,114.84,116.2,114.32,116.2,8440520.0
2017-04-06,116.3,117.14,115.78,116.04,6246165.0
2017-04-07,116.2,117.19,114.95,116.83,9416918.0
2017-04-10,116.93,117.14,115.05,116.41,9988250.0
2017-04-11,115.89,116.25,112.96,114.74,10881352.0
2017-04-12,114.32,114.42,112.96,113.49,5558509.0
2017-04-13,113.54,115.83,113.43,114.95,5966444.0
2017-04-14,114.89,114.89,112.34,112.81,7840011.0
2017-04-17,112.23,113.75,111.71,113.38,3979814.0
2017-04-18,113.28,113.9,111.66,111.81,5854529.0
2017-04-19,111.19,111.87,109.2,109.52,9968277.0
2017-04-20,110.14,112.34,109.73,111.92,11324360.0
2017-04-21,111.71,113.43,111.14,111.97,7223808.0
2017-04-24,112.28,112.86,109.57,111.29,7634778.0
2017-04-25,111.5,112.13,110.14,110.61,6372200.0
2017-04-26,110.82,111.14,108.27,108.94,6917037.0
2017-04-27,108.63,109.05,104.72,107.64,10306091.0
2017-04-28,106.96,107.27,106.12,106.44,7486743.0
2017-05-02,106.02,106.86,103.78,103.93,10040258.0
2017-05-03,104.19,104.61,102.42,102.52,9755331.0
2017-05-04,102.63,103.2,101.74,101.79,7111457.0
2017-05-05,102.0,102.11,100.64,101.53,7233471.0
2017-05-08,101.11,102.63,101.06,101.9,4617485.0
2017-05-09,101.27,103.25,101.27,103.15,5691416.0
2017-05-10,102.89,103.51,101.32,101.43,4915684.0
2017-05-11,101.01,101.32,97.51,100.75,9002353.0
2017-05-12,100.75,104.14,100.23,103.78,9977744.0
2017-05-15,103.78,105.86,102.89,105.08,5307801.0
2017-05-16,105.08,105.6,103.93,105.34,5765061.0
2017-05-17,104.92,106.23,104.19,105.76,5345642.0
2017-05-18,105.08,106.91,104.87,105.97,4163384.0
2017-05-19,106.7,106.7,105.03,105.55,2940027.0
2017-05-22,104.61,105.39,103.41,103.78,3998476.0
2017-05-23,104.19,104.19,99.97,100.75,6297864.0
2017-05-24,100.59,101.58,99.97,101.06,3440572.0
2017-05-25,101.58,102.73,100.17,102.47,3496142.0
2017-05-26,102.47,103.1,101.95,102.63,2062914.0
2017-05-31,103.36,103.98,99.44,99.65,6852000.0
2017-06-01,99.7,101.11,99.39,99.76,6389625.0
2017-06-02,99.97,101.11,99.29,101.06,4196496.0
2017-06-05,100.96,103.36,100.96,102.58,5389378.0
2017-06-06,103.1,103.1,101.79,102.26,2032871.0
2017-06-07,102.37,106.96,102.37,106.7,8080159.0
2017-06-08,105.97,106.59,104.56,105.45,4354735.0
2017-06-09,105.34,106.12,105.08,105.97,2858233.0
2017-06-12,105.55,105.55,104.4,104.92,2138608.0
2017-06-13,104.56,106.12,104.56,105.76,2026009.0
2017-06-14,105.19,106.12,104.66,105.08,2331768.0
2017-06-15,104.77,105.97,104.77,105.55,2238593.0
2017-06-16,105.66,107.01,105.19,106.75,4619685.0
2017-06-19,106.39,108.06,105.71,107.64,4780866.0
2017-06-20,107.53,109.2,106.44,107.43,3263416.0
2017-06-21,107.06,108.37,106.33,108.32,2599126.0
2017-06-22,108.32,108.73,106.54,106.7,4037245.0
2017-06-23,107.01,107.8,104.98,106.75,4372442.0
2017-06-26,107.95,110.3,107.85,108.68,7874824.0
2017-06-27,108.68,110.82,108.68,109.83,6435020.0
2017-06-28,109.57,110.25,108.21,108.58,2698138.0
2017-06-29,108.32,109.94,108.32,108.73,4384237.0
2017-06-30,109.0,109.99,108.0,109.94,3734636.0
2017-07-03,110.09,111.71,109.78,109.94,5088405.0
2017-07-04,110.04,110.46,108.21,108.63,4732650.0
2017-07-05,108.27,110.14,108.27,110.09,4156010.0
2017-07-06,110.41,112.96,109.83,112.75,9719452.0
2017-07-07,112.23,113.17,111.19,112.39,5703409.0
2017-07-10,112.34,112.96,111.24,111.29,5455295.0
2017-07-11,111.29,112.18,110.41,111.19,3766034.0
2017-07-12,110.61,111.19,107.27,110.14,6973370.0
2017-07-13,109.88,111.66,108.37,111.03,4716894.0
2017-07-14,111.08,111.97,109.78,109.94,2428666.0
2017-07-17,109.62,109.99,105.92,106.12,5923203.0
2017-07-18,105.97,107.17,104.98,107.01,5008860.0
2017-07-19,107.27,108.63,106.75,108.42,4670172.0
2017-07-20,108.84,108.89,107.27,108.05,2748394.0
2017-07-21,108.05,108.05,106.74,107.37,2323952.0
2017-07-24,107.74,108.05,107.06,107.27,3290368.0
2017-07-25,107.27,108.26,106.48,106.9,3705700.0
2017-07-26,106.9,107.95,105.33,107.63,4430092.0
2017-07-27,107.58,108.84,106.8,107.9,3141943.0
2017-07-28,107.9,109.79,107.58,109.16,3169740.0
2017-07-31,109.21,110.62,107.53,110.0,4614393.0
2017-08-01,110.0,110.0,108.37,109.52,2239413.0
2017-08-02,109.21,109.47,106.74,106.85,3478560.0
2017-08-03,107.06,107.11,105.59,105.9,4476402.0
2017-08-04,105.85,106.27,105.43,105.69,2449983.0
2017-08-07,105.64,107.53,105.59,107.01,3376040.0
2017-08-08,107.11,109.05,106.22,107.27,3884339.0
2017-08-09,106.9,107.43,106.22,106.69,2776953.0
2017-08-10,106.22,107.27,105.96,107.06,2662591.0
2017-08-11,106.48,107.01,105.27,105.38,4756243.0
2017-08-14,106.22,107.22,105.48,106.95,2812633.0
2017-08-15,106.74,107.43,106.17,106.85,2291464.0
2017-08-16,106.95,107.74,106.17,107.58,2745323.0
2017-08-17,107.58,108.47,107.27,107.95,2921547.0
2017-08-18,107.01,108.05,106.8,107.27,2391759.0
2017-08-21,107.37,109.37,107.37,108.58,4474873.0
2017-08-22,109.16,109.16,107.79,108.37,2474107.0
2017-08-23,108.42,108.53,106.17,107.11,3478387.0
2017-08-24,107.22,107.95,106.27,107.32,1932977.0
2017-08-25,107.22,107.74,105.96,107.63,5615590.0
2017-08-28,107.79,109.42,107.53,108.95,5780155.0
2017-08-29,108.89,109.73,108.0,108.58,3402453.0
2017-08-30,108.42,108.84,107.48,108.53,3524577.0
2017-08-31,108.95,109.47,108.47,109.21,3358110.0
2017-09-01,109.31,109.52,108.21,109.1,5337803.0
2017-09-04,109.21,115.14,108.89,112.78,17664629.0
2017-09-05,112.72,113.04,111.2,112.15,9215203.0
2017-09-06,111.78,112.99,111.78,112.2,6673023.0
2017-09-07,112.3,113.25,110.57,110.94,6712370.0
2017-09-08,111.52,112.88,111.25,112.41,7645595.0
2017-09-11,112.72,114.61,111.94,113.09,10294576.0
2017-09-12,113.77,114.09,111.57,112.57,9174125.0
2017-09-13,112.15,112.99,111.83,112.3,7335370.0
2017-09-14,112.46,115.92,112.41,115.87,20277828.0
2017-09-15,115.4,115.4,113.72,114.3,12074540.0
2017-09-18,115.29,115.92,113.09,114.03,10967022.0
2017-09-19,113.46,114.35,111.2,112.25,10563012.0
2017-09-20,112.04,112.57,111.62,112.46,6478980.0
2017-09-21,112.41,112.51,110.05,110.21,8406381.0
2017-09-22,110.15,110.94,109.68,110.62,6839409.0
2017-09-25,110.26,112.09,110.26,110.94,6314774.0
2017-09-26,110.94,111.99,110.31,111.94,6941172.0
2017-09-27,111.99,112.36,110.57,110.99,5825852.0
2017-09-28,111.04,111.46,109.94,110.15,6600668.0
2017-09-29,110.68,112.51,110.36,112.41,9159930.0
2017-10-09,113.19,113.3,107.95,108.47,14030377.0
2017-10-10,107.79,108.32,106.64,107.43,9087835.0
2017-10-11,107.32,107.84,107.06,107.48,4952743.0
2017-10-12,107.63,108.05,105.33,105.96,7906563.0
2017-10-13,106.06,107.06,105.69,106.64,4392248.0
2017-10-16,106.9,107.06,104.28,104.33,8717345.0
2017-10-17,103.96,105.27,103.7,104.85,5212591.0
2017-10-18,105.33,105.75,104.91,105.12,4064168.0
2017-10-19,105.48,105.9,104.38,105.59,3543770.0
2017-10-20,105.54,107.63,104.91,107.37,7079719.0
2017-10-23,107.43,107.43,106.11,106.85,3548355.0
2017-10-24,106.8,107.69,105.9,107.48,4956233.0
2017-10-25,106.95,107.69,106.74,107.43,3131150.0
2017-10-26,106.8,107.84,106.8,107.43,3912304.0
2017-10-27,107.27,108.95,105.54,106.69,5378293.0
2017-10-30,106.9,107.43,103.91,106.9,7441244.0
2017-10-31,106.9,108.58,106.32,108.05,5699772.0
2017-11-01,107.79,108.89,106.38,106.69,6024013.0
2017-11-02,106.11,106.9,103.96,104.65,5955842.0
2017-11-03,104.49,105.17,103.91,104.65,5666191.0
2017-11-06,105.17,105.17,101.86,103.6,8770182.0
2017-11-07,103.44,104.02,102.91,103.81,7882682.0
2017-11-08,103.65,105.75,103.65,105.33,5652520.0
2017-11-09,105.54,106.8,104.96,106.74,5095790.0
2017-11-10,106.53,107.43,106.01,106.59,4367867.0
2017-11-13,106.38,106.64,104.54,105.27,6474860.0
2017-11-14,105.06,106.8,103.96,106.74,6607316.0
2017-11-15,106.48,106.69,104.8,105.59,6731661.0
2017-11-16,105.38,105.48,104.38,104.54,5002762.0
2017-11-17,106.27,106.8,103.91,104.65,7777981.0
2017-11-20,104.65,104.65,102.02,104.23,5975910.0
2017-12-05,104.91,112.15,101.76,106.9,27160963.0
2017-12-06,106.74,108.37,105.06,106.9,8874472.0
2017-12-07,108.32,109.0,105.43,106.11,5678607.0
2017-12-08,105.48,107.53,104.54,106.38,6156189.0
2017-12-11,106.17,107.27,105.48,106.74,5622700.0
2017-12-12,106.8,107.01,105.59,106.43,5046581.0
2017-12-13,105.96,106.38,104.65,105.38,4196827.0
2017-12-14,105.38,105.59,103.33,103.49,3747041.0
2017-12-15,103.6,104.23,102.39,102.6,2954850.0
2017-12-18,102.44,103.23,101.5,101.76,3344910.0
2017-12-19,101.81,103.44,101.76,103.12,3193519.0
2017-12-20,103.23,103.23,100.66,101.71,5035872.0
2017-12-21,101.24,102.55,100.87,101.76,5493478.0
2017-12-22,101.76,103.44,101.39,103.02,4094140.0
2017-12-25,102.81,103.12,102.02,102.44,2970958.0
2017-12-26,102.34,103.49,102.07,102.81,2637018.0
2017-12-27,103.44,111.2,103.44,107.9,27205140.0
2017-12-28,108.84,111.25,106.9,110.0,13437188.0
2017-12-29,110.89,110.89,108.89,109.47,7372703.0
2018-01-02,109.94,112.46,109.94,111.62,11328591.0
2018-01-03,110.94,112.78,109.79,112.62,13202388.0
2018-01-04,111.94,113.3,111.46,111.78,8436663.0
2018-01-05,112.36,115.29,112.2,112.51,11514631.0
2018-01-08,113.51,115.87,112.78,114.66,12518399.0
2018-01-09,114.66,116.81,114.09,115.24,17539088.0
2018-01-10,115.45,120.01,115.24,119.07,24724633.0
2018-01-11,118.86,119.02,116.55,117.18,10566622.0
2018-01-12,117.23,117.86,115.4,116.92,8612829.0
2018-01-15,116.45,120.54,115.03,118.02,14799498.0
2018-01-16,117.34,118.81,116.6,118.02,7505197.0
2018-01-17,118.6,118.65,113.88,116.6,8698404.0
2018-01-18,116.18,117.13,113.98,115.19,6281265.0
2018-01-19,116.29,118.96,114.93,115.61,12582347.0
2018-01-22,115.08,124.84,115.08,123.63,17892101.0
2018-01-23,124.58,124.73,121.64,123.9,9660067.0
2018-01-24,124.16,125.89,123.06,124.47,10015259.0
2018-01-25,124.16,125.26,122.48,124.52,8559522.0
2018-01-26,124.26,124.26,120.96,122.37,8343964.0
2018-01-29,122.22,124.94,121.22,123.21,8799313.0
2018-01-30,123.21,124.84,122.06,124.52,8063618.0
2018-01-31,123.79,123.79,121.33,122.74,10812678.0
2018-02-01,122.43,127.2,121.27,122.01,12613307.0
2018-02-02,120.64,127.36,120.17,126.89,11674324.0
2018-02-05,124.84,124.84,119.02,121.85,13367095.0
2018-02-06,118.02,119.91,110.15,114.66,11814366.0
2018-02-07,117.08,117.29,111.04,113.46,10539620.0
2018-02-08,112.78,117.13,112.78,116.29,7692722.0
2018-02-09,113.3,115.92,108.26,109.84,10044627.0
2018-02-12,110.68,118.02,110.68,116.03,9743543.0
2018-02-13,114.66,119.49,114.66,117.39,5842132.0
2018-02-14,117.55,118.23,116.45,117.08,2691729.0
2018-02-22,118.02,122.32,117.13,121.01,6843813.0
2018-02-23,120.17,120.8,118.44,120.01,4982972.0
2018-02-26,120.22,121.27,119.33,121.17,7984296.0
2018-02-27,120.96,120.96,117.13,117.71,7621583.0
2018-02-28,116.55,120.38,115.77,120.12,6514236.0
2018-03-01,118.6,122.43,118.13,121.12,5654545.0
2018-03-02,119.59,121.06,117.81,118.65,4141998.0
2018-03-05,118.96,118.96,112.83,115.35,8257740.0
2018-03-06,115.35,116.18,114.14,116.08,7309059.0
2018-03-07,116.03,117.92,114.98,116.92,6913469.0
2018-03-08,116.29,117.44,115.45,115.97,4188458.0
2018-03-09,116.03,118.44,115.77,118.02,4881952.0
2018-03-12,118.23,121.27,116.97,120.7,7043347.0
2018-03-13,120.54,121.06,118.91,119.96,6239764.0
2018-03-14,120.01,122.74,119.7,120.85,6116527.0
2018-03-15,120.64,123.74,119.65,122.01,7317227.0
2018-03-16,123.42,123.48,119.65,120.22,5438690.0
2018-03-19,120.54,122.9,119.59,122.69,5877394.0
2018-03-20,122.48,124.32,121.59,123.95,6100092.0
2018-03-21,124.21,125.31,121.33,121.95,6773352.0
2018-03-22,121.95,122.9,120.8,121.06,3620234.0
2018-03-23,117.86,119.49,113.72,114.87,7680611.0
2018-03-26,114.93,118.55,114.61,118.49,5251560.0
2018-03-27,118.44,121.38,118.34,120.54,5969075.0
2018-03-28,118.02,122.11,118.02,119.12,5424474.0
2018-03-29,118.86,120.59,115.92,120.33,4586157.0
2018-03-30,120.33,123.11,119.59,122.32,6431482.0
2018-04-02,123.0,127.04,121.85,125.1,11733749.0
2018-04-03,124.11,124.84,120.17,122.27,10945532.0
2018-04-04,122.79,126.83,121.33,124.32,10275847.0
2018-04-09,123.32,128.41,121.43,126.78,12184319.0
2018-04-10,126.89,127.46,124.73,127.04,8021707.0
2018-04-11,126.68,127.2,123.84,124.52,8586200.0
2018-04-12,124.26,125.36,122.01,122.9,5596728.0
2018-04-13,123.69,124.42,120.8,122.01,5171389.0
2018-04-16,123.42,124.32,118.76,119.86,6897493.0
2018-04-17,119.86,121.69,114.72,115.19,9705061.0
2018-04-18,115.56,116.87,113.88,116.34,6523469.0
2018-04-19,116.29,117.6,115.24,116.66,4352550.0
2018-04-20,116.24,116.45,110.15,111.15,11883831.0
2018-04-23,111.25,112.67,106.64,108.0,11623022.0
2018-04-24,108.58,111.36,108.0,111.15,7237047.0
2018-04-25,110.26,111.99,110.21,111.31,4157427.0
2018-04-26,111.46,111.52,106.17,106.85,5780192.0
2018-04-27,107.53,111.15,107.48,109.58,8188836.0
2018-05-02,109.68,110.47,107.95,109.47,4580323.0
2018-05-03,108.84,109.1,106.06,108.47,6651540.0
2018-05-04,108.37,110.83,107.95,109.21,5527389.0
2018-05-07,108.89,111.88,108.89,111.36,7851706.0
2018-05-08,111.15,114.03,110.73,113.4,8454700.0
2018-05-09,112.57,113.35,111.41,112.83,6158498.0
2018-05-10,112.51,113.98,112.25,113.51,4633343.0
2018-05-11,113.67,115.4,111.73,114.03,5433225.0
2018-05-14,113.4,114.14,112.83,113.61,3312571.0
2018-05-15,113.25,114.09,112.25,113.98,3640322.0
2018-05-16,113.35,117.08,113.14,115.4,7941126.0
2018-05-17,115.14,115.61,113.51,113.93,3520631.0
2018-05-18,113.93,114.09,112.36,113.4,3142154.0
2018-05-21,113.82,114.66,113.04,113.4,4233874.0
2018-05-22,112.25,112.83,109.26,110.47,11559719.0
2018-05-23,109.21,111.83,109.21,110.36,7063470.0
2018-05-24,109.94,110.99,109.16,110.26,3718117.0
2018-05-25,110.1,110.1,106.01,108.47,8486656.0
2018-05-28,107.53,109.37,107.32,108.84,4252568.0
2018-05-29,108.05,115.35,108.05,114.03,16568099.0
2018-05-30,112.78,117.23,112.04,114.87,13728652.0
2018-05-31,115.14,119.8,114.77,119.7,16839911.0
2018-06-01,118.55,120.64,116.18,117.86,10273862.0
2018-06-04,118.13,118.55,115.24,117.5,7393786.0
2018-06-05,117.23,119.54,116.81,117.71,10334917.0
2018-06-06,117.76,121.59,116.5,120.96,11078651.0
2018-06-07,120.59,120.59,118.23,118.44,8079532.0
2018-06-08,118.44,119.28,115.5,117.76,6833685.0
2018-06-11,116.6,117.71,110.26,112.88,11851201.0
2018-06-12,112.41,117.81,111.36,117.6,9169450.0
2018-06-13,116.76,119.38,115.87,116.08,5871810.0
2018-06-14,115.77,118.02,113.4,114.03,6920149.0
2018-06-15,113.93,114.77,111.15,112.67,5065712.0
2018-06-19,110.68,111.04,107.01,109.31,8500342.0
2018-06-20,108.42,110.94,107.22,109.94,4509135.0
2018-06-21,109.42,111.15,107.48,107.53,5362285.0
2018-06-22,106.22,109.31,103.02,108.63,6580825.0
2018-06-25,107.79,108.89,105.96,107.06,4600790.0
2018-06-26,105.69,107.79,105.38,107.27,3519324.0
2018-06-27,107.27,107.95,103.65,104.7,4085726.0
2018-06-28,104.17,105.48,102.55,102.76,3668378.0
2018-06-29,102.81,104.54,102.28,104.54,6446936.0
2018-07-02,104.23,104.23,101.5,101.86,6443423.0
2018-07-03,102.13,102.55,98.14,100.4,7760741.0
2018-07-04,100.29,100.97,97.46,98.3,6916043.0
2018-07-05,97.41,98.25,91.95,92.53,11521221.0
2018-07-06,92.63,94.99,90.9,92.95,6417703.0
2018-07-09,93.79,96.72,93.79,96.36,8137973.0
2018-07-10,96.3,98.67,96.1,98.51,6109141.0
2018-07-11,97.25,98.4,95.73,97.72,4409302.0
2018-07-12,95.99,100.45,95.73,99.61,7278335.0
2018-07-13,99.08,100.5,97.41,99.4,8526978.0
2018-07-16,99.14,99.92,97.72,99.08,4927873.0
2018-07-17,99.03,99.56,96.1,97.41,4889648.0
2018-07-18,97.67,107.16,97.56,106.06,21102367.0
2018-07-19,104.8,104.85,101.45,102.23,14694051.0
2018-07-20,100.33,101.02,93.74,98.12,14878661.0
2018-07-23,97.22,97.86,96.43,96.7,9091802.0
2018-07-24,96.96,99.33,96.59,98.49,8595555.0
2018-07-25,98.23,100.81,98.01,99.75,6667620.0
2018-07-26,100.12,100.6,98.28,99.02,3581763.0
2018-07-27,98.91,99.91,97.96,98.65,3372881.0
2018-07-30,98.23,98.49,94.96,95.59,4491129.0
2018-07-31,95.91,96.91,95.43,96.22,2059862.0
2018-08-01,96.75,96.96,93.69,94.17,4940685.0
2018-08-02,93.64,94.01,90.47,91.69,5913109.0
2018-08-03,91.69,92.0,90.16,90.58,2552902.0
2018-08-06,90.9,90.9,83.41,85.2,12870736.0
2018-08-07,84.94,85.73,82.3,85.52,9939964.0
2018-08-08,85.36,85.36,80.62,80.72,12886569.0
2018-08-09,80.93,83.41,80.25,82.36,11062886.0
2018-08-10,82.57,85.1,81.83,84.36,8389322.0
2018-08-13,83.99,86.36,83.57,84.99,6659420.0
2018-08-14,84.73,86.68,84.31,85.04,5657881.0
2018-08-15,85.41,85.47,81.62,82.25,4366873.0
2018-08-16,81.41,82.83,80.25,81.46,6091637.0
2018-08-17,81.88,82.99,79.72,82.14,6435779.0
2018-08-20,81.04,81.51,79.51,81.14,4998780.0
2018-08-21,81.04,83.25,80.14,83.04,5299848.0
2018-08-22,82.14,82.25,78.56,79.61,12102078.0
2018-08-23,79.51,79.77,75.87,76.82,14412031.0
2018-08-24,77.4,80.09,77.08,79.09,11048154.0
2018-08-27,79.72,81.88,79.72,81.67,11287289.0
2018-08-28,81.99,84.2,81.72,83.52,9262053.0
2018-08-29,83.83,83.94,82.25,83.3,4568533.0
2018-08-30,83.88,84.1,82.2,82.2,4637189.0
2018-08-31,82.41,82.62,80.46,80.98,4707740.0
2018-09-03,81.41,81.67,79.14,81.46,3815325.0
2018-09-04,81.35,83.73,79.88,83.36,6579156.0
2018-09-05,82.88,82.88,79.61,80.56,8178278.0
2018-09-06,79.93,80.62,78.51,79.03,6024961.0
2018-09-07,79.19,80.46,78.45,79.4,4894724.0
2018-09-10,79.09,79.51,77.4,77.5,4335817.0
2018-09-11,77.5,78.4,76.13,76.87,4808954.0
2018-09-12,76.82,77.61,76.19,76.92,3996270.0
2018-09-13,78.03,78.45,76.82,78.24,5024629.0
2018-09-14,78.3,79.93,77.56,79.3,6423991.0
2018-09-17,78.61,79.46,78.08,78.51,5384854.0
2018-09-18,78.03,80.19,77.77,80.19,6367169.0
2018-09-19,80.19,83.15,79.93,82.83,10816767.0
2018-09-20,82.36,84.2,82.25,82.99,8017437.0
2018-09-21,83.3,84.83,82.57,84.52,9966430.0
2018-09-25,83.94,84.36,83.41,83.62,5087930.0
2018-09-26,83.67,85.41,83.04,84.15,8267302.0
2018-09-27,84.25,84.83,81.78,82.3,8264480.0
2018-09-28,82.62,83.62,82.36,83.41,7181171.0
2018-10-08,81.51,82.46,78.08,78.14,6769036.0
2018-10-09,78.14,79.03,76.87,77.19,5972354.0
2018-10-10,77.24,77.87,76.19,76.71,4893539.0
2018-10-11,73.81,73.81,69.07,70.02,10534212.0
2018-10-12,69.6,70.44,66.75,70.39,7031662.0
2018-10-15,70.54,72.23,69.7,71.28,7442439.0
2018-10-16,70.65,71.28,68.01,68.23,4948309.0
2018-10-17,69.28,70.28,66.12,69.6,7104308.0
2018-10-18,68.81,69.49,67.28,68.28,5516428.0
2018-10-19,67.49,70.65,67.01,70.28,6571099.0
2018-10-22,70.39,75.55,70.39,75.13,9778076.0
2018-10-23,75.5,75.5,73.08,74.08,6276162.0
2018-10-24,73.66,75.29,72.92,74.13,4324991.0
2018-10-25,72.13,73.23,71.23,72.86,4058472.0
2018-10-26,73.08,73.66,69.86,70.44,7124816.0
2018-10-29,69.96,70.33,65.27,65.85,10440732.0
2018-10-30,65.75,67.28,64.96,66.43,7066879.0
2018-10-31,66.75,68.86,66.75,68.38,7160164.0
2018-11-01,69.07,70.97,68.96,69.65,9021908.0
2018-11-02,70.65,74.02,70.65,73.76,10049045.0
2018-11-05,73.71,73.71,71.34,72.65,6773912.0
2018-11-06,72.34,74.34,71.44,73.87,6166699.0
2018-11-07,73.39,74.02,71.6,73.66,11497190.0
2018-11-08,73.6,74.08,72.86,73.44,6962826.0
2018-11-09,72.92,73.29,72.23,72.76,2574553.0
2018-11-12,72.23,74.24,72.07,74.18,3552599.0
2018-11-13,73.23,75.5,72.76,75.03,6141613.0
2018-11-14,74.76,76.13,74.29,74.66,5209500.0
2018-11-15,74.5,75.03,73.71,74.92,5615860.0
2018-11-16,75.13,77.66,74.6,77.24,8665279.0
2018-11-19,76.5,77.19,75.13,76.4,7987165.0
2018-11-20,75.71,75.71,73.6,73.81,5884809.0
2018-11-21,72.92,74.5,72.71,74.29,3371083.0
2018-11-22,74.18,74.82,73.6,74.55,2417811.0
2018-11-23,74.45,74.45,71.44,72.02,5438121.0
2018-11-26,72.02,72.5,70.91,71.44,2479160.0
2018-11-27,72.02,72.5,70.81,71.23,3485618.0
2018-11-28,71.18,73.5,70.28,72.86,4724621.0
2018-11-29,73.18,74.13,71.7,71.76,4869306.0
2018-11-30,71.86,74.97,71.65,74.66,8786016.0
2018-12-03,76.29,77.98,75.66,77.82,11376752.0
2018-12-04,77.5,77.66,76.45,77.29,6818682.0
2018-12-05,75.92,78.4,75.66,77.03,7000574.0
2018-12-06,76.45,77.08,75.5,75.92,4283854.0
2018-12-07,76.03,76.66,74.82,75.24,4928503.0
2018-12-10,74.92,75.29,72.07,72.39,8119293.0
2018-12-11,72.76,73.02,71.81,72.23,6252786.0
2018-12-12,72.39,72.55,71.34,71.7,5454358.0
2018-12-13,71.7,73.92,71.6,73.39,8762354.0
2018-12-14,72.86,73.34,71.12,71.6,6290739.0
2018-12-17,71.18,71.86,70.44,71.23,5237536.0
2018-12-18,70.54,71.28,69.91,70.39,4750019.0
2018-12-19,70.65,70.91,69.65,69.81,3221491.0
2018-12-20,69.65,70.49,69.17,69.91,2982856.0
2018-12-21,69.65,69.91,68.59,69.28,3964588.0
2018-12-24,69.28,70.39,68.81,70.39,2534424.0
2018-12-25,69.6,70.02,68.33,69.91,4701748.0
2018-12-26,69.7,70.18,69.28,69.81,2792805.0
2018-12-27,70.86,70.97,68.54,68.75,4556014.0
2018-12-28,68.96,69.28,67.91,67.96,4806293.0
2019-01-02,67.96,68.44,66.64,67.07,4129286.0
2019-01-03,66.96,67.96,66.27,66.43,4357374.0
2019-01-04,65.8,67.91,65.38,67.91,6155941.0
2019-01-07,68.17,68.54,67.33,68.44,6418882.0
2019-01-08,67.91,68.33,67.8,68.12,3627976.0
2019-01-09,68.17,70.28,68.17,69.6,9482525.0
2019-01-10,69.54,69.54,68.44,68.91,5477775.0
2019-01-11,69.02,69.49,68.33,69.28,3729806.0
2019-01-14,68.86,69.49,68.7,69.12,2436705.0
2019-01-15,69.23,70.76,68.96,70.49,9155022.0
2019-01-16,70.54,70.91,69.86,70.23,6227452.0
2019-01-17,70.23,70.28,69.07,69.33,4529093.0
2019-01-18,69.33,70.6,69.17,70.49,8466545.0
2019-01-21,70.54,71.65,69.96,71.55,12227125.0
2019-01-22,71.23,71.28,69.38,69.7,9498416.0
2019-01-23,69.33,69.7,67.12,68.01,17566252.0
2019-01-24,67.12,68.65,66.8,68.28,10600006.0
2019-01-25,68.01,69.17,67.54,68.12,8296382.0
2019-01-28,67.91,69.49,67.91,69.23,10248090.0
2019-01-29,68.81,68.96,67.01,67.96,8221723.0
2019-01-30,67.43,68.17,66.59,67.17,5700070.0
2019-01-31,67.17,67.91,66.96,67.91,5873629.0
2019-02-01,68.33,69.17,67.75,68.96,7303247.0
2019-02-11,69.33,71.02,68.86,70.86,10802351.0
2019-02-12,70.86,72.55,70.65,71.76,14679920.0
2019-02-13,71.97,73.71,71.76,73.23,12517541.0
2019-02-14,73.02,76.87,72.92,75.92,16277887.0
2019-02-15,75.71,76.66,75.03,75.4,9752130.0
2019-02-18,75.98,77.5,75.71,77.4,9807955.0
2019-02-19,77.35,77.45,75.45,76.03,10725950.0
2019-02-20,76.34,77.08,75.66,76.19,6614713.0
2019-02-21,75.98,76.4,74.87,75.18,10756325.0
2019-02-22,75.29,76.13,74.76,76.13,10057432.0
2019-02-25,76.45,79.88,76.24,79.51,23944526.0
2019-02-26,79.51,79.72,78.4,78.66,16535722.0
2019-02-27,78.98,80.93,78.14,79.4,19088115.0
2019-02-28,79.4,80.51,78.72,79.56,10594521.0
2019-03-01,79.98,80.35,78.35,80.14,13942955.0
2019-03-04,80.56,83.99,80.19,82.57,21852593.0
2019-03-05,81.83,84.36,81.3,83.88,14988527.0
2019-03-06,85.25,87.21,84.2,87.21,21673891.0
2019-03-07,87.36,88.31,84.83,86.15,16853392.0
2019-03-08,84.2,85.89,82.09,82.2,15950842.0
2019-03-11,82.46,85.04,82.46,84.94,9129434.0
2019-03-12,85.1,87.89,85.1,87.15,16803155.0
2019-03-13,86.52,86.68,84.25,84.57,9760688.0
2019-03-14,84.57,85.68,82.09,83.3,9936578.0
2019-03-15,83.57,84.99,83.09,84.1,8248089.0
2019-03-18,84.36,87.15,83.94,86.84,11167472.0
2019-03-19,87.21,87.84,85.78,86.89,7756003.0
2019-03-20,87.31,87.84,84.89,86.73,7976890.0
2019-03-21,87.26,87.26,85.62,86.15,11768558.0
2019-03-22,86.41,94.75,86.15,90.58,44100016.0
2019-03-25,88.58,89.95,87.05,87.63,23890596.0
2019-03-26,87.79,88.47,84.36,84.41,16905515.0
2019-03-27,85.25,85.94,83.3,85.25,12517849.0
2019-03-28,84.62,87.52,83.99,85.83,13611633.0
2019-03-29,85.68,88.68,85.68,88.68,19759819.0
2019-04-01,88.47,91.37,88.47,89.95,26904017.0
2019-04-02,91.37,92.11,88.84,89.84,20407541.0
2019-04-03,88.84,90.79,88.63,90.63,15738157.0
2019-04-04,91.0,91.37,89.95,90.9,18761169.0
2019-04-08,91.95,91.95,87.42,88.15,22442883.0
2019-04-09,87.68,89.31,87.68,88.52,14763069.0
2019-04-10,88.47,88.58,87.31,88.15,14396654.0
2019-04-11,88.1,88.42,84.94,85.2,16640154.0
2019-04-12,84.83,85.78,83.36,84.04,13731088.0
2019-04-15,84.89,87.73,84.89,85.04,19004985.0
2019-04-16,85.15,86.63,84.36,86.52,12495706.0
2019-04-17,86.36,87.26,85.52,86.47,12811978.0
2019-04-18,86.41,86.52,85.57,86.31,11266540.0
2019-04-19,86.1,90.42,86.1,90.42,31166121.0
2019-04-22,89.68,91.32,88.21,90.16,28219397.0
2019-04-23,89.95,91.21,84.36,84.73,37806478.0
2019-04-24,84.89,86.89,83.88,86.63,28306209.0
2019-04-25,85.94,85.94,79.88,80.72,35338424.0
2019-04-26,79.61,79.82,77.45,78.14,26623031.0
2019-04-29,78.82,78.82,73.18,74.6,21572362.0
2019-04-30,75.13,76.08,74.08,75.4,11981496.0
2019-05-06,72.76,73.13,68.44,68.91,22697000.0
2019-05-07,69.44,70.49,68.44,69.6,15966559.0
2019-05-08,68.44,69.86,67.7,69.49,10715503.0
2019-05-09,68.65,69.28,68.28,68.54,8479246.0
2019-05-10,69.07,70.54,68.17,70.02,12546855.0
2019-05-13,69.33,71.28,68.96,70.39,11009565.0
2019-05-14,69.49,71.44,69.07,70.12,7748757.0
2019-05-15,70.86,71.81,70.18,71.28,8447076.0
2019-05-16,70.97,71.55,70.81,71.34,6154185.0
2019-05-17,71.44,71.49,68.54,68.7,9020553.0
2019-05-20,69.02,69.02,67.07,68.44,7002994.0
2019-05-21,68.44,69.6,68.33,68.91,7551535.0
2019-05-22,69.07,69.07,68.12,68.44,6314307.0
2019-05-23,68.12,68.28,67.22,67.38,7009057.0
2019-05-24,67.22,67.65,67.07,67.17,5341614.0
2019-05-27,67.49,68.44,67.01,68.38,8005380.0
2019-05-28,68.28,68.59,67.38,67.75,7247070.0
2019-05-29,67.43,67.86,67.12,67.22,7439151.0
2019-05-30,67.07,67.12,66.01,66.75,7038898.0
2019-05-31,66.75,67.22,66.43,66.59,6037277.0
2019-06-03,66.64,67.17,66.17,66.8,5895871.0
2019-06-04,66.7,67.01,66.01,66.12,4272038.0
2019-06-05,66.54,66.8,66.12,66.38,5019693.0
2019-06-06,66.59,66.64,65.64,65.8,4997660.0
2019-06-10,65.91,66.85,65.8,66.49,5798222.0
2019-06-11,66.64,68.33,66.43,68.17,8045227.0
2019-06-12,68.33,68.33,67.22,67.91,6226227.0
2019-06-13,67.75,68.01,67.33,67.86,4721740.0
2019-06-14,68.07,68.18,66.84,66.95,4225215.0
2019-06-17,66.95,67.96,66.52,67.8,4019377.0
2019-06-18,67.64,68.07,67.27,67.86,3621578.0
2019-06-19,69.03,69.3,68.39,68.66,7154218.0
2019-06-20,68.66,70.09,68.18,69.19,14607239.0
2019-06-21,69.46,70.25,69.3,69.77,10310486.0
2019-06-24,69.83,70.15,69.4,69.72,7082430.0
2019-06-25,70.09,70.09,68.44,68.92,7827909.0
2019-06-26,68.5,68.98,68.23,68.55,6571612.0
2019-06-27,68.71,69.24,68.5,68.92,6132508.0
2019-06-28,68.92,69.03,67.48,67.64,7610259.0
2019-07-01,68.82,70.04,68.39,70.04,15533660.0
2019-07-02,69.99,71.64,69.3,71.37,19230985.0
2019-07-03,70.89,73.24,70.52,71.85,19888799.0
2019-07-04,71.75,72.33,71.05,71.16,9212387.0
2019-07-05,71.05,72.39,70.84,71.11,13276208.0
2019-07-08,71.16,71.16,68.82,68.98,11694689.0
2019-07-09,69.08,69.99,68.82,69.3,10192850.0
2019-07-10,69.3,69.51,68.55,68.76,5756798.0
2019-07-11,69.19,69.56,68.18,68.87,6784832.0
2019-07-12,68.76,69.3,68.34,68.87,4147490.0
2019-07-15,68.92,69.51,67.64,69.03,7205135.0
2019-07-16,68.76,69.4,68.44,69.3,7115035.0
2019-07-17,69.24,69.51,68.66,68.87,5970282.0
2019-07-18,68.76,68.76,67.27,67.43,9395033.0
2019-07-19,67.43,68.28,67.43,67.7,4471867.0
2019-07-22,67.48,67.75,66.52,66.74,5525367.0
2019-07-23,66.79,67.22,66.52,67.0,3824849.0
2019-07-24,67.0,67.91,66.79,67.06,6428352.0
2019-07-25,67.06,67.48,66.9,67.11,5237669.0
2019-07-26,67.06,67.54,67.0,67.27,6914162.0
2019-07-29,67.22,67.43,66.63,66.74,6469631.0
2019-07-30,66.9,67.32,66.68,66.84,4573510.0
2019-07-31,66.84,67.11,66.47,66.95,4755427.0
2019-08-01,67.06,67.96,66.79,67.86,9286554.0
2019-08-02,66.58,67.0,66.2,66.74,5908448.0
2019-08-05,66.52,66.58,65.35,65.46,7158285.0
2019-08-06,64.18,64.28,60.77,61.99,12258468.0
2019-08-07,62.37,62.63,61.03,61.25,6369818.0
2019-08-08,61.57,61.89,60.71,61.14,5340681.0
2019-08-09,61.41,61.57,59.59,59.7,7924404.0
2019-08-12,59.81,60.39,58.1,60.39,8332668.0
2019-08-13,59.7,60.07,58.69,58.95,6188825.0
2019-08-14,59.54,59.91,59.27,59.49,5005212.0
2019-08-15,58.26,59.59,57.89,59.59,5808128.0
2019-08-16,60.66,65.56,60.55,64.92,33048831.0
2019-08-19,64.82,66.26,64.18,65.83,19478330.0
2019-08-20,65.62,66.31,64.87,64.98,11734115.0
2019-08-21,64.6,65.78,64.18,64.76,10501418.0
2019-08-22,64.87,66.36,64.5,65.4,12842979.0
2019-08-23,65.67,65.94,64.6,65.35,10365795.0
2019-08-26,64.44,66.9,64.02,66.42,17725387.0
2019-08-27,66.47,67.91,66.1,66.74,19876615.0
2019-08-28,66.68,69.24,66.42,67.7,21161163.0
2019-08-29,67.59,68.92,66.74,66.9,16194211.0
2019-08-30,67.54,68.12,65.4,65.99,13529491.0
2019-09-02,65.88,68.5,65.83,68.39,19455636.0
2019-09-03,68.23,68.82,67.64,67.91,13787239.0
2019-09-04,67.7,68.76,67.27,68.76,13714781.0
2019-09-05,69.24,70.04,68.34,68.44,23617723.0
2019-09-06,68.44,68.87,68.02,68.6,11470699.0
2019-09-09,68.98,70.15,68.76,70.15,16975406.0
2019-09-10,69.93,70.89,69.4,69.93,15621997.0
2019-09-11,70.09,70.36,68.98,68.98,14854862.0
2019-09-12,69.19,69.88,68.82,69.62,11669077.0
2019-09-16,69.77,69.99,68.76,69.03,13182301.0
2019-09-17,68.76,68.76,66.42,66.9,14085211.0
2019-09-18,67.11,67.54,66.63,67.38,8344448.0
2019-09-19,67.43,71.64,67.43,71.53,45569293.0
2019-09-20,71.27,72.44,70.47,71.8,33197561.0
2019-09-23,72.49,72.97,69.88,70.63,25450588.0
2019-09-24,71.48,71.53,69.3,69.3,24486933.0
2019-09-25,69.3,70.2,67.86,67.86,17315758.0
2019-09-26,68.55,69.08,65.56,65.72,18401015.0
2019-09-27,65.72,66.26,65.46,65.94,11249322.0
2019-09-30,66.04,66.04,64.39,64.44,8631436.0
2019-10-08,64.6,65.03,62.58,62.69,11326245.0
2019-10-09,62.74,63.43,62.26,63.38,5337272.0
2019-10-10,63.22,63.8,62.9,63.38,6471184.0
2019-10-11,63.59,63.64,62.63,63.17,7093092.0
2019-10-14,63.64,64.76,63.43,64.76,11144685.0
2019-10-15,64.55,64.6,64.02,64.39,5296780.0
2019-10-16,64.55,65.51,64.23,64.39,5986667.0
2019-10-17,64.44,64.82,64.07,64.6,4211184.0
2019-10-18,64.39,64.82,61.78,62.05,13272916.0
2019-10-21,62.26,63.01,61.3,62.74,6533220.0
2019-10-22,62.53,63.86,62.53,63.64,5481019.0
2019-10-23,63.64,63.91,62.53,62.79,4145211.0
2019-10-24,63.01,63.01,61.99,62.63,4569322.0
2019-10-25,62.74,63.11,62.15,62.9,4997455.0
2019-10-28,62.95,63.86,62.9,63.64,8443696.0
2019-10-29,63.54,63.91,62.69,62.9,5653154.0
2019-10-30,63.86,65.08,63.38,64.23,13822031.0
2019-10-31,63.7,64.66,63.27,64.5,7901662.0
2019-11-01,64.02,65.14,63.59,64.98,7353940.0
2019-11-04,64.82,66.31,64.82,65.94,9742408.0
2019-11-05,65.94,66.84,65.88,65.99,10628433.0
2019-11-06,65.94,66.36,65.08,65.3,8365073.0
2019-11-07,65.83,66.2,64.98,65.88,5789205.0
2019-11-08,66.2,66.9,65.56,65.72,8641963.0
2019-11-11,65.03,65.08,63.11,63.33,7914185.0
2019-11-12,63.11,63.86,62.42,63.7,5554700.0
2019-11-13,63.49,63.86,63.01,63.27,3717664.0
2019-11-14,63.33,63.54,62.63,62.85,4925689.0
2019-11-15,62.95,63.17,61.62,61.62,5847575.0
2019-11-18,61.67,62.37,60.82,62.15,5148465.0
2019-11-19,62.31,63.33,61.89,63.33,4388685.0
2019-11-20,63.11,63.33,62.05,62.15,3642263.0
2019-11-21,62.15,63.01,61.51,62.63,2753299.0
2019-11-22,62.69,63.43,61.73,61.94,5641528.0
2019-11-25,61.78,62.21,61.03,62.21,4542163.0
2019-11-26,62.21,63.43,62.21,63.06,7597490.0
2019-11-27,62.79,63.54,62.63,62.85,3881228.0
2019-11-28,63.01,63.43,62.42,62.74,3092109.0
2019-11-29,62.53,62.95,61.83,62.37,5263796.0
2019-12-02,62.42,62.85,61.99,62.31,5110038.0
2019-12-03,61.94,62.9,61.83,62.9,4112258.0
2019-12-04,62.53,63.06,62.37,63.01,3955648.0
2019-12-05,63.11,63.54,63.06,63.54,4526715.0
2019-12-06,63.7,63.7,62.95,63.54,4690209.0
2019-12-09,63.43,64.39,63.33,63.96,6638990.0
2019-12-10,63.96,64.5,63.7,64.23,4365714.0
2019-12-11,64.28,64.44,63.59,63.8,4633409.0
2019-12-12,63.7,65.35,63.11,64.87,15231875.0
2019-12-13,64.66,65.3,64.39,65.08,13078135.0
2019-12-16,65.14,65.78,64.92,65.56,11567527.0
2019-12-17,65.56,66.58,65.3,66.31,14577980.0
2019-12-18,66.2,66.31,65.46,65.56,12723033.0
2019-12-19,65.51,66.2,65.14,65.78,14620892.0
2019-12-20,65.78,66.15,65.3,65.4,13394001.0
2019-12-23,65.19,65.62,64.02,64.12,10290495.0
2019-12-24,64.12,64.66,64.07,64.55,6139811.0
2019-12-25,64.6,64.71,64.18,64.55,6071720.0
2019-12-26,64.55,65.24,64.39,64.98,6613075.0
2019-12-27,65.19,65.94,64.87,65.62,16517001.0
2019-12-30,65.88,68.12,65.35,67.64,25005833.0
2019-12-31,67.16,67.75,66.79,67.16,11739044.0
2020-01-02,67.7,68.71,67.43,68.23,15705568.0
2020-01-03,68.28,69.08,67.8,68.6,12145781.0
2020-01-06,67.7,68.92,67.43,68.18,13947830.0
2020-01-07,68.18,69.72,68.18,69.72,16090995.0
2020-01-08,69.19,69.51,67.86,68.23,12404628.0
2020-01-09,68.87,69.88,68.55,68.98,10533247.0
2020-01-10,69.19,69.3,68.39,68.71,6759513.0
2020-01-13,68.71,69.51,68.5,69.3,8620583.0
2020-01-14,69.67,69.72,68.87,69.08,8167640.0
2020-01-15,68.92,69.03,67.59,67.75,9423519.0
2020-01-16,67.91,68.18,67.22,67.59,9147955.0
2020-01-17,67.7,69.4,67.54,68.5,14252714.0
2020-01-20,67.7,67.7,65.24,65.67,30261095.0
2020-01-21,64.55,64.6,62.42,62.63,39942810.0
2020-01-22,61.83,63.7,61.62,63.22,20297909.0
2020-01-23,61.94,62.05,60.13,60.77,21306152.0
2020-02-03,54.69,54.69,54.69,54.69,5079100.0
2020-02-04,49.25,53.57,49.25,52.77,42976412.0
2020-02-05,52.24,53.73,51.65,52.98,19627855.0
2020-02-06,52.88,54.53,52.02,54.37,26183119.0
2020-02-07,53.57,56.02,53.14,55.97,24640433.0
2020-02-10,54.9,57.04,54.32,55.97,22111842.0
2020-02-11,55.7,56.34,55.17,55.22,19428513.0
2020-02-12,55.28,56.77,55.17,56.56,21879999.0
2020-02-13,56.08,56.56,55.44,55.49,16901442.0
2020-02-14,55.44,55.97,55.01,55.54,13013851.0
2020-02-17,55.44,57.78,55.38,57.67,22930046.0
2020-02-18,57.73,59.06,57.62,58.63,22076112.0
2020-02-19,58.63,60.13,58.15,59.7,20602729.0
2020-02-20,60.18,62.42,59.91,61.19,41429266.0
2020-02-21,60.34,60.82,59.38,59.81,36619832.0
2020-02-24,59.17,59.17,57.14,57.94,35124373.0
2020-02-25,56.18,57.04,55.44,56.82,25157490.0
2020-02-26,55.97,57.78,55.65,57.04,20449500.0
2020-02-27,57.09,58.85,56.98,57.14,22371426.0
2020-02-28,55.76,56.13,53.89,54.42,23140195.0
2020-03-02,54.85,56.08,54.37,55.92,17940275.0
2020-03-03,56.56,57.52,55.76,56.29,21009971.0
2020-03-04,55.6,56.82,55.28,56.77,18657631.0
2020-03-05,57.3,58.9,56.88,58.9,31938419.0
2020-03-06,58.05,58.53,57.57,58.1,17592854.0
2020-03-09,57.04,57.25,55.81,55.92,18037080.0
2020-03-10,54.9,57.57,54.85,57.52,22413788.0
2020-03-11,57.78,59.91,57.41,59.01,44256780.0
2020-03-12,57.83,58.42,56.45,56.72,25748735.0
2020-03-13,54.1,57.94,53.73,57.89,26981023.0
2020-03-16,57.83,57.99,55.6,55.92,23342840.0
2020-03-17,56.13,57.04,54.05,54.96,17251049.0
2020-03-18,55.49,56.08,53.73,53.73,18119758.0
2020-03-19,54.1,54.64,52.88,54.58,17950223.0
2020-03-20,54.9,57.67,53.84,57.41,24141677.0
2020-03-23,55.44,55.81,53.84,54.1,20629012.0
2020-03-24,54.9,55.33,53.62,55.17,16267215.0
2020-03-25,56.13,56.88,55.28,55.97,19668399.0
2020-03-26,55.44,55.65,54.42,54.64,14406403.0
2020-03-27,55.17,55.6,54.53,54.64,14466860.0
2020-03-30,53.36,53.57,51.76,52.4,19792036.0
2020-03-31,52.77,52.93,51.49,51.65,11472564.0
2020-04-01,51.54,52.34,51.23,51.7,9664099.0
2020-04-02,51.39,52.56,51.33,52.5,9882299.0
2020-04-03,52.34,52.88,51.97,52.56,9617367.0
2020-04-07,53.52,54.1,53.41,53.84,14353169.0
2020-04-08,53.52,55.54,53.3,54.8,16916191.0
2020-04-09,54.96,55.06,54.26,54.64,12741324.0
2020-04-10,54.32,54.32,52.88,53.09,14897027.0
2020-04-13,52.56,53.09,52.18,52.4,10056304.0
2020-04-14,52.66,53.04,52.13,52.98,11534336.0
2020-04-15,52.82,52.98,52.56,52.77,9734149.0
2020-04-16,52.72,52.98,52.45,52.77,6528597.0
2020-04-17,52.98,54.32,52.82,53.89,18913023.0
2020-04-20,54.0,54.16,53.41,53.73,11154102.0
2020-04-21,53.73,53.73,52.88,53.57,10251032.0
2020-04-22,53.14,54.58,52.98,54.32,14008965.0
2020-04-23,54.58,54.74,53.89,54.16,9900850.0
2020-04-24,53.94,54.9,53.73,54.48,15517002.0
2020-04-27,54.64,55.6,54.16,54.32,15152950.0
2020-04-28,53.78,54.1,51.49,53.3,16966833.0
2020-04-29,52.66,54.58,52.34,53.78,15499996.0
2020-04-30,54.8,56.4,54.69,55.97,33281914.0
2020-05-06,54.69,55.12,53.36,54.0,25013631.0
2020-05-07,53.78,54.0,53.09,53.3,11288719.0
2020-05-08,53.57,54.37,53.3,54.16,13406916.0
2020-05-11,54.1,54.53,53.46,53.62,12464932.0
2020-05-12,53.57,53.73,53.14,53.36,6206455.0
2020-05-13,53.25,53.46,52.88,53.3,7027500.0
2020-05-14,53.04,53.2,52.66,52.66,7901625.0
2020-05-15,52.77,53.04,52.5,52.56,6648402.0
2020-05-18,52.56,52.77,52.08,52.5,8340770.0
2020-05-19,53.09,53.41,52.45,52.5,7850493.0
2020-05-20,52.5,52.56,52.13,52.24,9476062.0
2020-05-21,52.29,52.56,51.92,51.97,10066853.0
2020-05-22,51.97,52.08,50.43,50.53,13910011.0
2020-05-25,50.37,50.53,49.79,50.21,7050189.0
2020-05-26,50.32,51.01,50.21,50.91,7040576.0
2020-05-27,50.85,51.76,50.32,51.7,9019259.0
2020-05-28,51.49,53.68,51.23,53.62,22390598.0
2020-05-29,52.82,54.69,52.77,53.46,25284131.0
2020-06-01,53.57,55.76,53.52,55.01,33717341.0
2020-06-02,54.96,55.49,53.57,53.78,25152627.0
2020-06-03,53.94,54.48,53.36,53.78,12818977.0
2020-06-04,53.73,54.0,53.3,53.62,8083541.0
2020-06-05,53.78,54.96,53.46,54.53,15763305.0
2020-06-08,54.64,54.91,53.94,54.53,16120503.0
2020-06-09,54.53,55.5,54.43,54.59,13481929.0
2020-06-10,54.8,54.91,53.89,54.21,9536624.0
2020-06-11,53.89,54.43,53.57,53.68,9382167.0
2020-06-12,52.98,55.12,52.61,54.91,17479449.0
2020-06-15,53.68,54.16,53.14,53.25,15638857.0
2020-06-16,53.36,53.52,52.71,53.09,12015041.0
2020-06-17,52.98,53.03,51.86,52.34,12418297.0
2020-06-18,52.34,52.39,51.91,52.34,6434006.0
2020-06-19,52.39,53.09,52.29,52.98,9790062.0
2020-06-22,52.77,52.93,52.39,52.66,8299189.0
2020-06-23,52.61,52.66,52.23,52.5,5774583.0
2020-06-24,52.39,52.61,52.02,52.12,6756612.0
2020-06-29,52.34,52.39,51.43,51.54,7039122.0
2020-06-30,51.7,52.87,51.7,52.82,10744239.0
2020-07-01,52.93,53.2,52.34,53.14,11394366.0
2020-07-02,53.09,54.05,52.71,54.0,20372591.0
2020-07-03,54.0,55.28,53.78,55.12,26735922.0
2020-07-06,55.28,59.35,55.28,58.97,41952058.0
2020-07-07,59.67,60.15,57.69,57.74,39495689.0
2020-07-08,57.48,58.87,56.83,58.65,27839441.0
2020-07-09,58.65,61.97,58.44,60.9,40691169.0
2020-07-10,60.21,61.49,59.35,60.05,24646255.0
2020-07-13,59.78,61.7,59.35,61.54,32960353.0
2020-07-14,61.38,63.63,60.63,62.24,41646791.0
2020-07-15,65.88,68.45,63.04,63.58,77935494.0
2020-07-16,62.13,62.29,59.08,59.19,45453970.0
2020-07-17,58.76,61.22,58.39,59.56,26600228.0
2020-07-20,59.62,60.47,58.44,60.37,21856551.0
2020-07-21,60.42,60.42,59.4,60.05,16217077.0
2020-07-22,59.88,61.22,59.35,60.05,23253247.0
2020-07-23,59.4,59.78,56.99,58.49,26380530.0
2020-07-24,58.44,59.14,56.25,56.46,21783878.0
2020-07-27,56.35,56.94,54.96,56.25,17830612.0
2020-07-28,56.41,56.89,55.6,55.92,9702588.0
2020-07-29,55.92,56.99,55.44,56.94,12642914.0
2020-07-30,56.94,57.48,56.25,56.62,13389449.0
2020-07-31,56.51,58.01,56.35,57.42,16298344.0
2020-08-03,57.74,58.81,57.53,58.76,23357993.0
2020-08-04,58.71,58.71,57.9,58.33,15072753.0
2020-08-05,57.9,58.28,57.26,57.58,13702529.0
2020-08-06,57.58,58.44,56.89,58.23,18134393.0
2020-08-07,58.01,59.3,57.37,58.01,18864502.0
2020-08-10,57.85,63.79,57.16,62.19,52962253.0
2020-08-11,62.35,66.68,62.29,64.38,67697389.0
2020-08-12,65.56,66.31,63.2,65.34,39943914.0
2020-08-13,65.72,68.77,65.72,66.84,43132513.0
2020-08-14,65.93,66.73,64.86,65.99,21958230.0
2020-08-17,66.36,67.16,64.86,66.47,26515240.0
2020-08-18,66.47,67.86,65.88,66.79,17800415.0
2020-08-19,66.95,68.61,66.15,66.95,25086285.0
2020-08-20,66.73,68.18,65.5,65.66,20817592.0
2020-08-21,65.82,68.39,65.45,67.54,19689956.0
2020-08-24,68.29,69.73,66.79,68.93,18580756.0
2020-08-25,69.41,69.73,67.54,68.5,20658589.0
2020-08-26,68.13,68.13,65.45,65.72,18868212.0
2020-08-27,66.15,66.63,64.75,65.24,15677317.0
2020-08-28,65.24,66.68,64.49,66.09,14679182.0
2020-08-31,66.84,68.71,65.93,66.15,16101077.0
2020-09-01,66.52,68.93,66.09,68.39,16585189.0
2020-09-02,68.29,69.25,67.16,68.39,17414511.0
2020-09-03,68.66,69.84,66.36,67.06,19808238.0
2020-09-04,65.61,66.9,65.45,66.25,12978005.0
2020-09-07,67.0,71.66,66.52,67.54,37966274.0
2020-09-08,67.64,68.29,64.65,65.4,31887624.0
2020-09-09,64.7,66.36,62.08,62.29,26434543.0
2020-09-10,62.77,63.42,61.06,61.28,18043845.0
2020-09-11,60.95,62.35,60.9,61.86,15265486.0
2020-09-14,62.03,64.7,61.92,64.49,22532765.0
2020-09-15,64.33,66.63,63.95,65.88,25396341.0
2020-09-16,65.02,65.93,63.52,64.97,22658770.0
2020-09-17,64.92,65.93,63.1,63.95,14881321.0
2020-09-18,64.11,65.99,63.58,65.99,17666462.0
2020-09-21,65.99,66.57,63.04,63.74,23746904.0
2020-09-22,63.42,63.68,61.22,61.38,18097047.0
2020-09-23,61.92,61.97,60.47,60.95,14563410.0
2020-09-24,60.53,60.74,59.19,59.3,12881012.0
2020-09-25,59.62,60.15,59.19,59.62,9051155.0
2020-09-28,59.72,59.94,58.87,58.87,7768232.0
2020-09-29,59.14,59.46,58.55,58.65,9649469.0
2020-09-30,58.87,59.24,58.28,58.87,8269187.0
2020-10-09,60.74,61.81,59.56,59.72,18621713.0
2020-10-12,59.46,60.74,58.65,60.31,14786234.0
2020-10-13,59.99,60.21,58.6,58.92,15719588.0
2020-10-14,58.65,58.76,56.46,56.73,19954387.0
2020-10-15,56.73,56.89,55.87,56.14,9858406.0
2020-10-16,56.14,56.57,55.71,55.87,8297215.0
2020-10-19,55.98,56.57,55.34,55.55,10393419.0
2020-10-20,55.44,55.98,55.18,55.92,9642883.0
2020-10-21,55.92,56.41,55.5,55.82,8500490.0
2020-10-22,55.5,55.82,55.12,55.55,6205825.0
2020-10-23,55.55,56.83,55.5,55.92,12671192.0
2020-10-26,55.82,56.14,55.01,55.66,7388145.0
2020-10-27,55.18,55.6,54.16,54.48,9771662.0
2020-10-28,54.53,54.69,53.46,53.94,11228926.0
2020-10-29,53.36,54.32,53.09,53.89,8256956.0
2020-10-30,53.89,54.37,52.29,52.71,11415732.0
2020-11-02,52.82,53.68,52.12,53.41,11243883.0
2020-11-03,53.52,54.85,53.2,54.48,10619661.0
2020-11-04,54.27,55.12,54.05,54.96,8255851.0
2020-11-05,55.12,55.5,54.69,55.23,7922004.0
2020-11-06,55.07,55.66,54.91,55.28,9618534.0
2020-11-09,55.28,56.51,55.28,55.98,15629550.0
2020-11-10,59.08,59.67,57.05,57.58,43301598.0
2020-11-11,56.62,59.08,56.3,57.53,22291963.0
2020-11-12,57.42,58.07,57.05,57.74,10655773.0
2020-11-13,56.99,57.85,56.89,57.53,9304643.0
2020-11-16,57.69,59.51,57.58,58.71,17405594.0
2020-11-17,59.19,60.69,58.92,59.08,21115723.0
2020-11-18,59.08,59.99,58.81,59.4,14447265.0
2020-11-19,59.3,60.95,58.92,60.63,18417238.0
2020-11-20,60.31,60.58,59.46,59.78,16387860.0
2020-11-23,59.14,59.3,57.21,57.42,31146154.0
2020-11-24,57.64,60.05,57.64,59.56,25138683.0
2020-11-25,59.78,62.45,59.72,60.26,27198946.0
2020-11-26,60.47,61.65,59.51,59.99,12931033.0
2020-11-27,59.88,60.69,59.46,60.47,10798883.0
2020-11-30,60.47,61.49,59.72,59.88,17918639.0
2020-12-01,59.88,60.74,59.62,60.58,12261860.0
2020-12-02,60.53,61.44,60.15,61.38,16741797.0
2020-12-03,61.06,61.7,60.37,61.22,12304551.0
2020-12-04,61.17,62.19,60.79,61.28,13505671.0
2020-12-07,61.22,61.28,60.1,60.15,9414712.0
2020-12-08,59.94,60.37,59.62,59.83,7487133.0
2020-12-09,59.88,60.1,57.8,57.85,14271255.0
2020-12-10,57.85,59.08,57.69,58.39,10170797.0
2020-12-11,58.39,58.6,55.76,56.19,15541644.0
2020-12-14,56.3,57.48,55.92,57.26,11197509.0
2020-12-15,57.16,57.74,56.67,57.37,8225469.0
2020-12-16,57.26,59.4,56.89,58.6,10939469.0
2020-12-17,58.39,59.46,58.23,59.3,9015980.0
2020-12-18,59.24,59.4,58.23,58.65,9882533.0
2020-12-21,58.28,58.33,56.35,57.21,18207702.0
2020-12-22,56.89,57.1,54.59,54.8,21350069.0
2020-12-23,54.8,55.55,54.27,55.12,8347598.0
2020-12-24,55.01,55.34,53.57,53.57,11109318.0
2020-12-25,53.78,54.8,53.52,54.59,6032034.0
2020-12-28,54.05,54.1,52.77,53.03,12586692.0
2020-12-29,52.98,53.94,52.93,53.52,9072649.0
2020-12-30,53.36,53.89,52.93,53.46,8685047.0
2020-12-31,53.52,55.76,52.5,54.91,19522078.0
2021-01-04,54.96,56.25,54.64,55.71,13137722.0
2021-01-05,55.55,55.71,54.16,54.69,14718810.0
2021-01-06,54.59,54.59,53.25,53.52,14215998.0
2021-01-07,53.3,53.57,51.8,52.07,22451099.0
2021-01-08,51.86,53.2,51.64,52.12,14929371.0
2021-01-11,51.64,52.02,50.31,50.41,24403642.0
2021-01-12,50.31,51.11,50.09,50.79,13547105.0
2021-01-13,50.79,51.43,50.09,51.32,13641873.0
2021-01-14,50.84,52.29,50.68,51.91,14227980.0
2021-01-15,51.48,52.18,51.43,51.91,8567252.0
2021-01-18,51.8,52.07,51.27,51.32,10072793.0
2021-01-19,51.32,54.27,51.16,53.3,22686523.0
2021-01-20,53.03,53.14,52.29,52.61,11465626.0
2021-01-21,52.5,52.82,51.75,52.02,14436692.0
2021-01-22,51.8,51.96,51.32,51.43,10937737.0
2021-01-25,51.64,53.03,51.27,52.93,15314494.0
2021-01-26,52.39,53.73,52.18,52.98,14115202.0
2021-01-27,52.82,54.1,52.55,53.94,18196120.0
2021-01-28,53.41,54.8,52.98,52.98,14554607.0
2021-01-29,53.41,54.75,52.98,53.3,16912830.0
2021-02-01,52.98,54.16,52.5,53.36,17241832.0
2021-02-02,52.98,53.41,51.54,51.75,19845420.0
2021-02-03,51.75,54.75,51.32,53.3,23374763.0
2021-02-04,53.25,53.3,51.11,51.86,18701128.0
2021-02-05,51.91,53.03,51.86,52.87,15559311.0
2021-02-08,52.55,55.66,52.55,54.43,27810136.0
2021-02-09,54.48,55.39,53.84,54.96,18741779.0
2021-02-10,54.59,56.25,54.48,56.25,18359416.0
2021-02-18,58.12,59.14,56.89,57.74,36122631.0
2021-02-19,57.69,60.9,57.53,60.31,36135122.0
2021-02-22,60.31,61.28,59.35,59.51,32582716.0
2021-02-23,59.46,62.45,59.4,61.38,38363941.0
2021-02-24,61.28,63.31,60.58,62.03,31624343.0
2021-02-25,62.35,62.72,60.53,61.65,20223145.0
2021-02-26,60.69,61.86,60.31,61.01,21374968.0
2021-03-01,61.54,63.68,61.44,62.72,25195100.0
2021-03-02,63.2,64.49,62.03,62.61,27401144.0
2021-03-03,62.51,64.49,62.45,63.31,26900489.0
2021-03-04,63.15,64.06,62.08,62.45,22830626.0
2021-03-05,61.81,62.83,60.95,62.03,23939770.0
2021-03-08,62.88,63.52,60.21,60.37,25439323.0
2021-03-09,60.95,66.41,59.83,65.29,72381431.0
2021-03-10,64.27,64.97,63.1,63.15,43745597.0
2021-03-11,63.42,67.7,63.2,66.52,49565663.0
2021-03-12,66.25,69.2,65.72,66.63,43151842.0
2021-03-15,66.63,72.41,66.04,70.91,59400835.0
2021-03-16,70.64,72.35,69.89,71.6,40786971.0
2021-03-17,70.53,72.19,69.79,70.64,28968499.0
2021-03-18,70.69,71.44,69.3,70.05,28033122.0
2021-03-19,69.41,70.37,68.18,68.45,25644953.0
2021-03-22,69.04,71.18,68.66,70.27,29631355.0
2021-03-23,70.11,70.48,67.16,67.97,27292614.0
2021-03-24,67.27,68.55,66.47,67.38,18861305.0
2021-03-25,66.9,69.52,66.57,67.97,23288296.0
2021-03-26,67.7,70.96,67.59,70.8,33599101.0
2021-03-29,70.8,71.98,70.0,71.39,28319621.0
2021-03-30,70.8,71.02,68.23,69.41,25360956.0
2021-03-31,69.46,69.73,67.54,68.5,17241322.0
2021-04-01,68.39,68.71,66.9,67.27,20809332.0
2021-04-02,67.27,71.71,66.79,70.53,42926278.0
2021-04-06,71.07,71.44,67.54,67.8,30905105.0
2021-04-07,67.59,69.09,67.16,68.61,15275787.0
2021-04-08,67.97,69.3,67.59,67.64,15263686.0
2021-04-09,67.7,69.89,67.7,68.55,21631636.0
2021-04-12,68.55,70.11,66.95,67.7,29054786.0
2021-04-13,67.06,69.25,65.93,66.52,26963342.0
2021-04-14,66.09,69.46,66.09,68.66,29062902.0
2021-04-15,69.04,69.2,67.75,68.77,14680670.0
2021-04-16,68.61,69.62,68.23,69.57,19246293.0
2021-04-19,70.21,72.41,69.62,69.95,42190504.0
2021-04-20,69.89,69.95,68.13,68.23,30300335.0
2021-04-21,67.7,68.77,67.22,67.54,20190508.0
2021-04-22,67.54,67.7,66.15,67.0,24131332.0
2021-04-23,66.79,66.9,63.15,64.54,42184807.0
2021-04-26,64.54,65.56,63.04,64.92,26013291.0
2021-04-27,64.7,65.24,63.47,64.54,18371656.0
2021-04-28,64.22,64.59,62.77,63.95,20382852.0
2021-04-29,63.84,63.84,61.86,63.15,22042250.0
2021-04-30,63.47,64.49,63.15,64.33,20065157.0
2021-05-06,63.1,63.26,61.17,62.29,21333816.0
2021-05-07,62.13,62.67,61.49,61.81,11872880.0
2021-05-10,62.08,62.19,59.78,61.81,13570059.0
2021-05-11,61.12,61.97,60.79,61.6,8642692.0
2021-05-12,61.54,61.54,60.31,60.9,10013266.0
2021-05-13,60.74,61.33,60.15,60.69,9619675.0
2021-05-14,60.58,61.06,59.99,60.58,11200400.0
2021-05-17,60.21,60.21,58.71,59.4,17470533.0
2021-05-18,59.4,60.31,59.24,60.26,10001805.0
2021-05-19,60.21,60.53,59.4,59.88,9326486.0
2021-05-20,59.88,60.42,58.87,59.24,12182507.0
2021-05-21,59.24,60.47,58.92,59.78,15710394.0
2021-05-24,59.4,60.85,59.19,60.42,16348494.0
2021-05-25,60.42,60.9,60.1,60.79,14566744.0
2021-05-26,60.85,60.9,60.37,60.79,11742593.0
2021-05-27,60.74,61.81,60.58,61.17,14299648.0
2021-05-28,61.28,61.76,60.47,60.74,10634032.0
2021-05-31,60.21,60.21,58.6,59.94,14608637.0
2021-06-01,59.83,60.53,59.51,60.21,8356790.0
2021-06-02,60.15,60.37,59.24,59.46,7470297.0
2021-06-03,60.1,60.47,59.46,59.67,7644488.0
2021-06-04,59.35,59.94,58.92,59.56,9190065.0
2021-06-07,59.56,60.42,59.3,60.37,8852460.0
2021-06-08,60.1,61.06,59.94,60.1,7672987.0
2021-06-09,60.1,61.17,59.78,60.26,12340679.0
2021-06-10,60.47,60.58,59.24,59.56,13038206.0
2021-06-11,59.67,59.78,58.6,58.6,12570287.0
2021-06-15,58.39,58.6,56.19,56.19,16249714.0
2021-06-16,56.19,56.83,56.08,56.14,6738686.0
2021-06-17,56.03,56.35,54.8,55.23,14249243.0
2021-06-18,55.28,56.41,54.91,56.19,7983760.0
2021-06-21,55.66,56.35,55.5,55.66,7535556.0
2021-06-22,55.5,56.41,55.28,56.14,8716697.0
2021-06-23,55.98,57.05,55.98,56.67,9255027.0
2021-06-24,56.46,56.57,55.66,55.76,7612014.0
2021-06-25,55.71,56.51,55.66,56.46,6105219.0
2021-06-28,56.57,57.1,56.51,56.83,7512834.0
2021-06-29,57.74,58.33,56.35,56.73,11455464.0
2021-06-30,55.82,56.41,55.76,56.19,8491876.0
2021-07-01,56.25,57.26,55.87,56.51,9366353.0
2021-07-02,56.3,56.83,55.5,56.83,9818673.0
2021-07-05,56.78,56.78,55.71,55.76,8819292.0
2021-07-06,55.82,56.41,55.71,56.35,5419955.0
2021-07-07,56.14,56.41,55.76,55.87,6048424.0
2021-07-08,55.87,55.98,54.27,54.32,12324218.0
2021-07-09,54.21,55.07,54.16,55.07,6052860.0
2021-07-12,55.07,56.03,54.8,55.98,10323399.0
2021-07-13,56.03,56.51,55.55,56.35,7992900.0
2021-07-14,56.08,56.14,55.39,55.44,6832300.0
2021-07-15,55.34,55.39,54.32,54.69,9677875.0
2021-07-16,54.43,54.75,53.68,54.21,12351593.0
2021-07-19,55.18,57.37,55.01,57.21,24414935.0
2021-07-20,56.83,58.07,56.51,57.21,16705935.0
2021-07-21,56.94,57.48,56.3,56.78,12673950.0
2021-07-22,56.73,57.26,56.19,57.21,11616573.0
2021-07-23,57.05,57.1,55.82,56.08,11800592.0
2021-07-26,55.71,55.76,53.84,54.59,14078353.0
2021-07-27,54.64,54.96,53.68,53.84,10715674.0
2021-07-28,54.0,54.21,51.11,51.64,19567343.0
2021-07-29,51.86,52.02,51.0,51.32,15820343.0
2021-07-30,50.84,50.84,49.66,49.82,16794909.0
2021-08-02,48.16,50.09,47.68,49.98,14769648.0
2021-08-03,49.66,50.89,49.4,50.84,10815187.0
2021-08-04,50.47,50.84,49.98,50.31,9754095.0
2021-08-05,50.2,50.79,49.98,50.47,5621221.0
2021-08-06,50.41,50.57,49.88,50.09,5002517.0
2021-08-09,50.04,50.63,49.88,50.36,7347498.0
2021-08-10,50.31,51.0,49.88,50.89,8309700.0
2021-08-11,50.68,51.11,50.52,50.73,6631648.0
2021-08-12,50.73,51.21,50.63,50.89,6112650.0
2021-08-13,50.63,51.0,50.41,50.95,4636010.0
2021-08-16,50.95,52.12,50.84,52.12,10097327.0
2021-08-17,52.07,53.25,51.8,52.07,11988904.0
2021-08-18,51.8,53.03,51.75,52.93,9485497.0
2021-08-19,52.66,53.3,52.5,52.87,7172382.0
2021-08-20,52.93,53.89,52.5,53.62,13415473.0
2021-08-23,53.73,54.85,53.68,54.21,11288253.0
2021-08-24,54.21,54.91,53.84,54.85,10046786.0
2021-08-25,54.96,57.16,54.69,56.19,15611320.0
2021-08-26,56.19,58.39,55.66,57.8,20209885.0
2021-08-27,57.32,57.74,56.51,57.16,13240996.0
2021-08-30,57.05,59.03,56.73,58.81,18628817.0
2021-08-31,58.6,59.83,58.01,58.07,18694654.0
2021-09-01,58.87,60.21,58.6,58.97,17943424.0
2021-09-02,59.14,59.94,57.85,58.39,13727639.0
2021-09-03,58.39,59.51,57.32,59.19,15103271.0
2021-09-06,59.14,59.4,58.28,58.6,12949297.0
2021-09-07,58.44,59.78,58.44,59.14,12065114.0
2021-09-08,59.4,59.78,58.76,59.4,10128086.0
2021-09-09,59.51,60.15,58.97,60.15,14975359.0
2021-09-10,60.47,62.45,58.71,58.92,36404227.0
2021-09-13,57.26,57.26,54.64,54.8,40414849.0
2021-09-14,54.69,55.98,54.59,54.8,15587735.0
2021-09-15,55.01,55.55,53.73,55.39,12038547.0
2021-09-16,55.07,55.82,54.43,54.85,13370206.0
2021-09-17,54.85,55.07,53.52,53.94,15198927.0
2021-09-22,53.03,53.94,52.93,53.46,12698538.0
2021-09-23,53.52,54.8,53.52,54.37,11839226.0
2021-09-24,54.43,54.91,53.94,54.1,9820047.0
2021-09-27,54.32,54.64,53.09,53.68,13099188.0
2021-09-28,53.68,54.32,53.2,53.78,7415919.0
2021-09-29,53.46,54.21,52.98,53.14,9499400.0
2021-09-30,53.25,53.68,52.5,53.36,8639444.0
2021-10-08,54.05,55.28,54.05,54.27,14602507.0
2021-10-11,54.1,54.8,53.78,54.8,11013228.0
2021-10-12,54.64,54.69,53.73,54.05,9811190.0
2021-10-13,54.0,55.39,53.84,55.23,11621944.0
2021-10-14,55.18,57.32,54.64,56.89,23668644.0
2021-10-15,56.35,57.53,56.19,56.89,11917768.0
2021-10-18,56.08,57.05,56.03,56.25,12186844.0
2021-10-19,56.25,57.1,55.76,55.82,16058003.0
2021-10-20,56.73,56.73,54.8,55.5,11125596.0
2021-10-21,54.85,55.6,54.53,55.01,11654960.0
2021-10-22,54.8,55.5,54.43,54.91,10016567.0
2021-10-25,54.1,54.37,52.98,54.27,9323300.0
2021-10-26,54.48,54.53,53.52,53.73,8613519.0
2021-10-27,53.57,53.89,52.45,52.61,9648725.0
2021-10-28,52.66,53.25,51.64,51.91,9791925.0
2021-10-29,51.8,53.57,51.75,53.52,9607920.0
2021-11-01,52.71,53.09,52.23,52.71,10528821.0
2021-11-02,52.87,52.93,50.95,51.54,11824870.0
2021-11-03,51.27,51.86,51.11,51.59,7161234.0
2021-11-04,51.0,51.86,50.89,51.48,7096599.0
2021-11-05,51.64,52.12,51.16,51.91,8799487.0
2021-11-08,53.14,54.59,52.77,53.3,22369173.0
2021-11-09,52.77,54.53,52.71,54.16,17304356.0
2021-11-10,54.0,54.27,53.2,54.27,11365818.0
2021-11-11,54.21,54.48,53.89,53.94,9452623.0
2021-11-12,53.89,54.59,53.57,54.48,9201991.0
2021-11-15,54.16,55.87,54.05,55.39,15984874.0
2021-11-16,55.55,56.08,54.59,55.01,13069513.0
2021-11-17,55.12,56.41,54.85,55.34,10511532.0
2021-11-18,55.34,55.98,54.69,54.69,8828720.0
2021-11-19,54.75,55.44,54.53,55.12,7107336.0
2021-11-22,55.07,55.07,54.16,54.53,11569011.0
2021-11-23,54.69,55.66,54.43,54.48,8999059.0
2021-11-24,54.32,54.64,54.0,54.48,6471621.0
2021-11-25,54.64,55.12,54.27,54.48,6614073.0
2021-11-26,53.84,54.0,52.87,52.98,13885784.0
2021-11-29,51.75,52.07,51.21,51.27,20941616.0
2021-11-30,51.38,51.96,51.32,51.48,8985000.0
2021-12-01,51.54,52.23,51.32,52.02,10447202.0
2021-12-02,51.96,52.23,51.75,51.91,6856230.0
2021-12-03,51.75,52.39,51.75,52.23,6342195.0
2021-12-06,52.07,52.55,51.8,52.02,7953200.0
2021-12-07,52.12,52.66,52.02,52.23,8309632.0
2021-12-08,52.29,52.45,52.07,52.34,6090230.0
2021-12-09,52.77,53.84,52.71,53.25,14749558.0
2021-12-10,53.14,54.37,52.93,53.73,11351690.0
2021-12-13,53.78,53.94,52.77,53.3,14395571.0
2021-12-14,52.82,53.09,52.45,52.61,11677762.0
2021-12-15,52.5,53.3,52.45,52.77,8166826.0
2021-12-16,52.77,53.52,52.5,53.25,8302664.0
2021-12-17,53.25,53.68,52.98,53.14,8134027.0
2021-12-20,52.55,52.98,52.29,52.82,6940580.0
2021-12-21,52.82,53.94,52.66,53.68,12770086.0
2021-12-22,53.89,54.69,53.62,53.78,11193797.0
2021-12-23,53.68,53.94,53.09,53.41,7077817.0
2021-12-24,53.41,53.94,53.2,53.3,10288528.0
2021-12-27,53.3,54.32,53.09,54.05,12167349.0
2021-12-28,54.16,54.8,54.0,54.37,11938969.0
2021-12-29,54.53,55.23,54.1,54.8,13895450.0
2021-12-30,54.8,55.55,54.53,55.34,12989798.0
2021-12-31,55.34,55.71,55.12,55.55,11328355.0
2022-01-04,55.39,58.87,55.39,58.55,38231445.0
2022-01-05,58.87,59.35,57.8,58.01,26895732.0
2022-01-06,57.85,58.44,57.05,57.32,22009371.0
2022-01-07,57.16,58.49,56.83,56.89,16858728.0
2022-01-10,56.19,57.26,55.44,56.78,15840289.0
2022-01-11,56.94,57.74,56.73,56.94,11602117.0
2022-01-12,56.94,59.78,55.98,59.3,30443196.0
2022-01-13,58.87,59.51,58.6,58.87,17410163.0
2022-01-14,58.55,59.24,57.64,57.8,16017829.0
2022-01-17,57.69,58.87,57.37,58.55,12737348.0
2022-01-18,58.39,58.92,57.48,58.17,10432494.0
2022-01-19,57.8,59.78,57.69,59.62,21798719.0
2022-01-20,59.14,59.72,58.28,58.44,15494716.0
2022-01-21,59.46,61.28,59.03,59.19,41393424.0
2022-01-24,58.17,63.2,58.07,61.28,40808725.0
2022-01-25,60.47,62.88,59.83,60.21,33339014.0
2022-01-26,60.21,60.74,58.65,58.97,23712250.0
2022-01-27,58.49,59.08,56.89,57.05,19909190.0
2022-01-28,57.05,61.54,57.05,60.21,32908891.0
2022-02-07,60.79,61.65,58.71,60.63,25550161.0
2022-02-08,60.74,64.65,60.37,63.26,52089015.0
2022-02-09,62.88,65.29,62.45,64.75,49272242.0
2022-02-10,63.95,69.41,63.95,67.86,70746519.0
2022-02-11,66.95,71.93,66.63,68.18,62266263.0
2022-02-14,68.77,71.44,66.95,68.34,72514094.0
2022-02-15,66.79,67.16,64.49,66.63,40948497.0
2022-02-16,66.63,67.38,65.18,66.25,31058185.0
2022-02-17,65.72,66.09,63.15,64.81,41964868.0
2022-02-18,64.49,65.61,64.38,64.81,16191775.0
2022-02-21,64.38,66.41,63.74,65.45,22127263.0
2022-02-22,64.59,65.66,63.36,64.65,20562491.0
2022-02-23,64.92,65.18,63.47,64.17,20472054.0
2022-02-24,63.58,64.86,60.37,61.65,37395830.0
2022-02-25,61.97,62.67,61.17,61.65,15248258.0
2022-02-28,61.12,61.44,59.62,60.9,16865196.0
2022-03-01,60.9,62.99,60.74,62.56,22760327.0
2022-03-02,61.81,63.04,61.65,62.35,10993375.0
2022-03-03,63.1,68.61,62.83,67.54,61569369.0
2022-03-04,66.36,68.39,66.2,66.95,27082593.0
2022-03-07,64.97,66.25,63.26,63.58,23176571.0
2022-03-08,63.04,65.5,62.08,62.88,26717398.0
2022-03-09,63.1,65.72,60.15,62.19,38421503.0
2022-03-10,63.58,65.56,61.97,62.51,29919249.0
2022-03-11,60.95,64.86,59.94,64.22,31351436.0
2022-03-14,62.08,64.11,61.22,61.33,23479657.0
2022-03-15,60.58,62.88,58.12,58.33,29505731.0
2022-03-16,59.94,64.17,59.94,64.17,47005504.0
2022-03-17,65.29,66.41,63.42,64.65,51686085.0
2022-03-18,63.95,67.97,63.95,66.52,41284985.0
2022-03-21,66.15,66.95,64.75,66.84,33738871.0
2022-03-22,64.75,66.57,64.17,64.92,23181134.0
2022-03-23,65.18,66.36,64.06,65.13,24406558.0
2022-03-24,64.7,67.11,64.38,65.24,26791818.0
2022-03-25,65.18,66.68,63.63,65.29,28441267.0
2022-03-28,63.79,67.11,62.08,65.34,37231257.0
2022-03-29,65.45,67.0,64.59,65.88,35388942.0
2022-03-30,65.4,68.23,64.38,67.7,50112688.0
2022-03-31,67.16,67.7,64.75,65.29,38942286.0
2022-04-01,65.29,68.98,64.92,68.02,60721915.0
2022-04-06,66.52,69.79,65.99,69.14,55142863.0
2022-04-07,68.45,69.36,66.09,66.36,41139235.0
2022-04-08,65.88,67.16,63.2,67.11,46688124.0
2022-04-11,65.88,66.36,63.2,64.06,35830800.0
2022-04-12,63.42,70.0,63.42,68.71,69413913.0
2022-04-13,67.43,68.02,65.13,65.18,49904804.0
2022-04-14,65.29,67.43,64.75,66.73,38414387.0
2022-04-15,65.99,67.8,64.01,64.54,37665809.0
2022-04-18,63.58,65.5,62.4,63.2,34218412.0
2022-04-19,63.04,64.75,61.33,62.29,34247259.0
2022-04-20,62.08,64.01,61.7,63.36,31814267.0
2022-04-21,62.88,62.93,58.6,59.08,44577542.0
2022-04-22,58.28,58.6,55.66,57.05,25686923.0
2022-04-25,55.07,56.3,52.45,52.71,32841609.0
2022-04-26,53.25,53.89,51.8,52.45,20377293.0
2022-04-27,51.43,54.27,50.95,54.0,22318189.0
2022-04-28,53.62,55.18,52.61,53.57,19943694.0
2022-04-29,53.62,55.39,52.98,55.28,22698433.0
2022-05-05,53.94,55.07,53.14,54.21,22023876.0
2022-05-06,52.71,53.46,51.48,51.91,25653224.0
2022-05-09,51.64,53.2,51.54,52.71,14611201.0
2022-05-10,51.86,53.73,51.7,53.46,15777513.0
2022-05-11,53.46,55.76,53.3,54.8,26383171.0
2022-05-12,54.0,55.5,54.0,55.23,15108302.0
2022-05-13,55.18,55.92,54.37,55.66,12872574.0
2022-05-16,56.08,57.26,55.39,55.92,19065198.0
2022-05-17,55.39,56.41,55.01,55.76,12434884.0
2022-05-18,55.87,56.99,55.23,55.6,17173505.0
2022-05-19,54.64,56.3,54.21,55.6,13564028.0
2022-05-20,55.92,56.89,55.6,56.3,17790187.0
2022-05-23,56.14,56.41,55.23,56.3,13622605.0
2022-05-24,56.41,56.73,54.16,54.32,15806372.0
2022-05-25,54.16,56.35,54.16,56.03,18422494.0
2022-05-26,56.73,58.01,55.71,57.8,22384273.0
2022-05-27,58.33,58.55,56.73,57.85,22499992.0
2022-05-30,59.19,61.38,58.33,60.69,40778860.0
2022-05-31,60.26,60.79,59.72,60.53,17773110.0
2022-06-01,60.63,61.76,59.72,60.31,17892690.0
2022-06-02,60.1,60.42,59.08,60.15,12991723.0
2022-06-06,60.31,60.47,59.19,60.05,14428159.0
2022-06-07,59.94,60.47,59.08,59.4,15729691.0
2022-06-08,59.4,59.94,58.12,59.24,18850607.0
2022-06-09,58.87,59.78,57.26,57.85,16159886.0
2022-06-10,57.64,59.24,57.42,58.28,15751760.0
2022-06-13,57.64,58.39,56.51,57.48,19948692.0
2022-06-14,57.42,57.64,56.19,57.64,15899384.0
2022-06-15,57.48,59.35,57.21,57.96,22577032.0
2022-06-16,57.64,58.71,57.48,58.23,15977064.0
2022-06-17,57.74,58.17,56.89,58.01,15102230.0
2022-06-20,58.81,60.26,58.55,59.4,26436369.0
2022-06-21,59.4,61.17,58.97,60.53,33519240.0
2022-06-22,60.21,60.9,59.3,59.83,18373037.0
2022-06-23,59.99,61.54,59.94,61.22,23177271.0
2022-06-24,61.49,64.65,60.79,64.06,48798531.0
2022-06-27,63.68,66.09,63.52,63.63,44722211.0
2022-06-28,63.2,67.54,63.2,67.43,60852284.0
2022-06-29,67.38,67.38,65.18,66.04,43763415.0
2022-06-30,67.97,70.48,66.9,68.98,62675332.0
2022-07-01,66.9,66.9,64.59,64.81,41097152.0
2022-07-04,64.86,65.93,63.84,64.49,27955273.0
2022-07-05,63.68,64.81,62.67,63.47,25023492.0
2022-07-06,62.77,62.77,60.95,61.44,27474337.0
2022-07-07,61.06,61.81,60.85,60.95,16468040.0
2022-07-08,63.15,63.58,60.69,60.95,25726577.0
2022-07-11,59.99,60.31,59.24,59.62,22999118.0
2022-07-12,59.62,59.94,58.17,58.33,23569737.0
2022-07-13,58.44,59.4,58.44,58.87,18560090.0
2022-07-14,58.87,59.67,58.33,59.3,15654287.0
2022-07-15,58.87,60.85,58.55,59.3,24119707.0
2022-07-18,58.87,60.31,58.65,59.94,14839223.0
2022-07-19,61.28,61.86,59.4,59.88,21242797.0
2022-07-20,59.67,62.03,59.62,60.95,25788683.0
2022-07-21,60.63,61.22,59.4,59.56,16835964.0
2022-07-22,59.4,60.95,59.19,59.88,16044138.0
2022-07-25,59.67,60.47,59.46,59.67,10759800.0
2022-07-26,61.22,61.86,60.31,61.81,25493372.0
2022-07-27,61.28,61.54,60.21,60.47,17582265.0
2022-07-28,60.79,60.9,59.83,60.15,14824426.0
2022-07-29,59.72,59.72,57.69,58.07,25963834.0
2022-08-01,57.69,58.49,57.48,58.07,14531200.0
2022-08-02,57.1,57.53,55.01,55.76,27958556.0
2022-08-03,55.23,56.41,54.85,54.96,18618592.0
2022-08-04,55.23,55.87,54.48,55.71,14606515.0
2022-08-05,55.39,56.41,55.28,56.19,10005849.0
2022-08-08,55.39,56.41,55.23,56.19,11654270.0
2022-08-09,55.98,56.62,55.44,55.82,8754900.0
2022-08-10,55.55,56.08,54.75,55.07,14744800.0
2022-08-11,54.91,56.03,54.91,55.98,11934049.0
2022-08-12,55.87,57.05,55.87,56.62,14562394.0
2022-08-15,56.25,56.51,55.76,56.46,8339599.0
2022-08-16,56.25,56.83,56.03,56.67,9324743.0
2022-08-17,56.62,57.42,56.41,57.37,11918619.0
2022-08-18,57.37,57.58,56.78,56.99,8914529.0
2022-08-19,56.73,57.16,56.08,56.25,9900358.0
2022-08-22,55.92,57.16,55.55,56.78,13304815.0
2022-08-23,56.89,58.23,56.46,57.42,16982940.0
2022-08-24,56.99,57.96,56.57,56.94,15310692.0
2022-08-25,57.05,57.37,56.19,57.05,9846144.0
2022-08-26,57.21,58.49,57.21,57.9,19986454.0
2022-08-29,57.21,59.08,56.62,58.55,20934822.0
2022-08-30,58.23,59.46,57.96,58.97,18492524.0
2022-08-31,59.14,59.94,58.76,58.87,24042249.0
2022-09-01,58.81,59.46,56.99,57.42,23991000.0
2022-09-02,57.69,58.55,56.89,58.39,16136297.0
2022-09-05,58.23,58.55,57.16,58.12,12067412.0
2022-09-06,58.23,59.88,57.9,59.4,18106774.0
2022-09-07,59.4,59.62,58.65,59.51,9131743.0
2022-09-08,59.94,60.69,59.51,59.67,19108538.0
2022-09-09,59.14,60.26,58.65,59.99,12366173.0
2022-09-13,60.47,60.9,59.67,60.31,12653803.0
2022-09-14,59.67,60.47,59.46,60.21,10942895.0
2022-09-15,60.37,61.06,59.56,60.58,21278415.0
2022-09-16,60.37,61.81,59.67,59.94,22930958.0
2022-09-19,59.3,61.01,58.97,60.1,18222998.0
2022-09-20,60.31,60.95,59.62,60.79,16402981.0
2022-09-21,60.47,60.47,58.23,59.83,16199280.0
2022-09-22,59.51,60.21,57.69,57.96,19896038.0
2022-09-23,57.42,59.35,57.21,57.64,17105292.0
2022-09-26,57.16,61.33,57.1,59.67,32520184.0
2022-09-27,59.4,63.68,59.08,62.93,38411415.0
2022-09-28,62.67,62.77,60.63,60.95,20693546.0
2022-09-29,61.65,61.97,59.4,59.94,19736969.0
2022-09-30,59.83,60.05,57.37,58.33,26019073.0
2022-10-10,58.23,58.39,55.39,56.35,24102111.0
2022-10-11,56.35,56.67,54.59,55.92,16474389.0
2022-10-12,55.5,55.66,53.89,55.39,17951323.0
2022-10-13,55.18,56.19,54.69,55.44,13778674.0
2022-10-14,55.71,56.3,55.34,56.19,19339697.0
2022-10-17,55.44,57.21,55.39,56.67,12785840.0
2022-10-18,57.21,59.03,56.46,57.26,22928765.0
2022-10-19,56.46,57.69,56.35,56.83,12301585.0
2022-10-20,56.25,60.21,55.82,58.87,24774632.0
2022-10-21,58.07,60.58,57.8,60.05,24380774.0
2022-10-24,59.14,59.56,56.94,57.21,21965474.0
2022-10-25,56.62,58.6,56.62,57.8,14070154.0
2022-10-26,57.8,59.4,57.64,58.17,13753897.0
2022-10-27,58.23,59.83,57.85,58.23,14243856.0
2022-10-28,58.28,60.42,57.21,57.8,22220672.0
2022-10-31,56.67,58.23,55.82,57.64,22752885.0
2022-11-01,57.64,62.61,57.32,62.13,38841443.0
2022-11-02,61.06,65.82,60.9,63.42,54834154.0
2022-11-03,63.1,65.18,62.61,63.63,31083148.0
2022-11-04,63.58,68.13,63.26,65.18,47119981.0
2022-11-07,63.58,64.86,63.2,64.49,23609911.0
2022-11-08,64.7,64.97,63.58,64.01,14682096.0
2022-11-09,63.9,66.36,63.68,65.61,21917328.0
2022-11-10,64.75,67.16,64.65,66.2,22116196.0
2022-11-11,67.38,69.84,64.22,67.48,53525194.0
2022-11-14,66.57,67.11,64.54,65.08,36452799.0
2022-11-15,65.02,68.07,65.02,66.47,29160431.0
2022-11-16,68.88,69.41,64.75,65.13,34932931.0
2022-11-17,65.5,66.63,64.92,66.09,22042410.0
2022-11-18,65.61,66.04,64.17,64.43,20153137.0
2022-11-21,63.47,63.47,62.51,63.15,16213518.0
2022-11-22,63.04,63.15,61.54,61.81,15266865.0
2022-11-23,61.97,62.08,60.63,61.7,14001286.0
2022-11-24,61.81,62.03,60.47,60.74,11461043.0
2022-11-25,60.85,62.03,60.31,61.7,19760166.0
2022-11-28,60.47,66.52,60.21,66.47,49200746.0
2022-11-29,66.04,73.1,65.93,73.1,59782641.0
2022-11-30,74.23,77.6,70.8,75.56,98973101.0
2022-12-01,79.47,80.27,72.57,74.66,103008135.0
2022-12-02,74.87,76.8,73.53,75.08,61075815.0
2022-12-05,77.06,77.06,73.64,74.55,65653639.0
2022-12-06,74.98,81.18,74.33,75.56,82386940.0
2022-12-07,74.44,81.18,74.44,79.63,79748830.0
2022-12-08,77.71,84.61,75.99,81.24,76855433.0
2022-12-09,79.74,79.79,76.05,78.03,55579771.0
2022-12-12,76.58,80.27,76.58,78.4,47929895.0
2022-12-13,77.65,86.27,77.65,83.22,92094211.0
2022-12-14,81.93,90.34,81.34,87.66,79228134.0
2022-12-15,86.8,88.36,83.97,86.27,53552517.0
2022-12-16,84.77,87.77,84.13,87.12,41616226.0
2022-12-19,85.68,87.5,82.47,86.21,40638868.0
2022-12-20,85.47,85.57,81.34,81.51,36940200.0
2022-12-21,81.51,84.5,81.51,83.54,34060141.0
2022-12-22,84.02,85.57,82.15,83.49,30191841.0
2022-12-23,82.41,86.96,82.36,83.7,26384551.0
2022-12-26,84.29,90.34,84.07,88.03,42572979.0
2022-12-27,89.16,89.64,82.58,84.56,50741817.0
2022-12-28,83.97,86.7,82.74,84.66,37437668.0
2022-12-29,83.0,83.75,80.06,80.49,46650467.0
2022-12-30,80.97,82.25,79.04,81.29,35944491.0
2023-01-03,80.01,83.22,79.26,82.63,35069524.0
2023-01-04,81.61,85.84,81.61,84.5,29603220.0
2023-01-05,83.75,86.43,82.41,85.63,31435319.0
2023-01-06,85.3,86.11,82.2,83.11,24926886.0
2023-01-09,83.65,87.61,83.0,86.75,30011092.0
2023-01-10,86.7,88.62,84.56,86.64,23672896.0
2023-01-11,86.05,86.7,83.59,85.63,21204434.0
2023-01-12,86.16,86.7,84.29,84.72,14201050.0
2023-01-13,84.07,87.71,82.74,87.07,24622759.0
2023-01-16,87.71,87.87,83.22,84.77,27646095.0
2023-01-17,84.82,85.14,83.22,84.23,13386400.0
2023-01-18,84.23,84.66,82.47,83.54,11847897.0
2023-01-19,82.74,85.09,82.68,84.34,11902025.0
2023-01-20,85.09,87.23,84.66,85.95,15633083.0
2023-01-30,87.71,88.3,79.79,80.7,44022894.0
2023-01-31,80.38,81.77,79.2,79.9,20697291.0
2023-02-01,79.95,80.17,76.96,79.15,37348759.0
2023-02-02,78.62,79.9,77.87,79.79,22800103.0
2023-02-03,79.1,79.79,78.13,79.52,16800916.0
2023-02-06,78.72,80.49,78.24,78.83,15488179.0
2023-02-07,79.15,79.52,75.78,76.69,27482611.0
2023-02-08,76.64,76.69,74.82,75.46,24629742.0
2023-02-09,75.19,76.9,74.92,76.58,22005373.0
2023-02-10,76.37,78.51,75.99,78.08,24767466.0
2023-02-13,77.87,80.49,77.87,80.27,26253229.0
2023-02-14,80.27,80.7,78.45,78.99,18055102.0
2023-02-15,78.78,78.83,77.17,77.6,17557673.0
2023-02-16,77.92,80.81,77.33,78.03,28745305.0
2023-02-17,77.81,78.88,76.53,77.06,19201451.0
2023-02-20,76.64,79.79,76.64,79.69,19880785.0
2023-02-21,79.85,81.08,79.2,80.01,16696601.0
2023-02-22,79.74,80.7,79.2,80.22,11998514.0
2023-02-23,80.27,80.7,78.24,78.88,12856552.0
2023-02-24,78.94,80.43,78.08,80.27,14250870.0
2023-02-27,79.58,81.34,79.04,80.7,21924474.0
2023-02-28,80.65,83.97,80.33,82.9,27338901.0
2023-03-01,83.0,83.97,81.72,83.43,20610652.0
2023-03-02,83.22,85.36,82.9,83.86,21843558.0
2023-03-03,84.02,84.66,83.32,84.45,14892666.0
2023-03-06,84.56,86.43,84.07,86.0,20768749.0
2023-03-07,85.3,85.79,83.27,83.32,18655256.0
2023-03-08,83.86,84.93,82.68,83.7,12657410.0
2023-03-09,83.7,83.75,80.97,81.34,16995487.0
2023-03-10,81.02,81.18,78.99,79.15,13029320.0
2023-03-13,79.2,81.45,78.67,81.29,19243399.0
2023-03-14,81.18,81.18,77.38,78.29,17468295.0
2023-03-15,78.83,79.52,77.65,77.92,11846776.0
2023-03-16,77.12,77.33,75.56,75.89,15027699.0
2023-03-17,76.47,77.6,76.47,76.69,11982368.0
2023-03-20,76.85,77.49,75.73,76.58,16083902.0
2023-03-21,76.58,80.11,76.42,79.58,23790061.0
2023-03-22,79.58,80.81,77.87,78.78,18124605.0
2023-03-23,78.24,79.31,77.76,78.67,15602500.0
2023-03-24,78.67,79.74,77.12,77.87,17738752.0
2023-03-27,77.65,78.51,77.22,77.81,20861494.0
2023-03-28,77.87,79.74,77.38,78.45,22337030.0
2023-03-29,78.51,81.08,78.03,79.52,27395832.0
2023-03-30,79.2,81.88,78.83,81.88,31100802.0
2023-03-31,82.04,82.52,80.6,81.45,24747723.0
2023-04-03,81.88,84.29,81.51,83.54,28964448.0
2023-04-04,83.97,85.25,83.11,83.91,25530572.0
2023-04-06,83.91,84.77,82.52,84.02,18722386.0
2023-04-07,84.02,85.89,83.59,85.09,27038284.0
2023-04-10,85.36,85.89,84.18,84.72,21916687.0
2023-04-11,84.98,86.16,83.91,84.66,25471036.0
2023-04-12,84.56,85.2,82.52,83.16,24686937.0
2023-04-13,83.54,87.5,82.47,87.12,39695256.0
2023-04-14,86.05,86.27,82.15,82.31,47468783.0
2023-04-17,82.31,84.45,81.88,84.02,27205029.0
2023-04-18,84.07,84.45,81.51,81.83,23800612.0
2023-04-19,81.93,83.7,81.45,83.49,26023013.0
2023-04-20,82.68,82.79,79.74,80.17,26970637.0
2023-04-21,80.22,80.65,76.26,76.47,30533606.0
2023-04-24,76.53,76.8,73.21,74.17,26544591.0
2023-04-25,74.17,74.17,70.8,72.73,25199444.0
2023-04-26,72.73,75.56,72.73,74.07,20359960.0
2023-04-27,74.01,74.55,72.89,73.48,15097655.0
2023-04-28,73.91,75.89,73.32,75.89,21883855.0
2023-05-04,74.92,75.08,69.62,72.14,43278714.0
2023-05-05,72.09,73.26,71.18,71.93,18678443.0
2023-05-08,71.98,72.14,69.95,71.28,19235986.0
2023-05-09,71.18,73.05,70.86,71.66,19137046.0
2023-05-10,71.6,72.03,70.86,71.98,11553855.0
2023-05-11,72.14,73.42,71.93,72.19,18275309.0
2023-05-12,72.03,72.09,69.95,70.21,20280765.0
2023-05-15,69.84,71.02,69.68,70.96,15078484.0
2023-05-16,71.02,71.12,69.04,69.36,16215685.0
2023-05-17,69.09,69.46,68.55,69.25,7447009.0
2023-05-18,69.3,69.62,68.61,69.14,8479796.0
2023-05-19,69.09,69.36,67.86,68.71,17063560.0
2023-05-22,68.88,69.68,67.64,69.68,13482066.0
2023-05-23,69.3,69.68,68.34,68.45,9297397.0
2023-05-24,68.07,68.13,66.41,66.63,12307308.0
2023-05-25,66.36,67.11,65.66,66.63,9641110.0
2023-05-26,66.84,67.32,66.41,66.79,7776463.0
2023-05-29,66.63,67.32,66.57,66.73,7159558.0
2023-05-30,66.95,68.34,66.15,68.18,13030683.0
2023-05-31,67.97,69.89,67.91,69.36,20083002.0
2023-06-01,69.36,70.43,69.14,69.25,17692352.0
2023-06-02,69.52,71.6,69.46,69.84,15517314.0
2023-06-05,69.62,71.66,69.62,71.28,17659629.0
2023-06-06,71.07,71.71,69.04,69.14,14784661.0
2023-06-07,69.3,71.82,69.04,71.12,19214904.0
2023-06-08,71.18,71.44,70.16,71.28,10533181.0
2023-06-09,71.07,72.25,70.8,71.07,14525476.0
2023-06-12,71.18,71.71,70.0,71.07,11052250.0
2023-06-13,70.75,72.14,70.59,70.86,10512327.0
2023-06-14,70.86,71.77,70.69,71.12,10132522.0
2023-06-15,71.18,71.71,70.53,71.55,9194041.0
2023-06-16,71.55,71.98,71.23,71.71,10769951.0
2023-06-19,71.77,72.25,70.75,70.8,10579727.0
2023-06-20,70.69,70.8,69.3,69.36,13415437.0
2023-06-21,69.36,70.32,68.34,68.34,10638484.0
2023-06-26,67.91,68.5,66.15,66.31,12852769.0
2023-06-27,66.57,69.2,66.36,69.14,16643435.0
2023-06-28,68.77,68.93,67.16,68.07,10046955.0
2023-06-29,68.13,68.23,66.09,66.25,16177071.0
2023-06-30,66.41,67.48,65.99,66.95,9779947.0
2023-07-03,66.9,71.5,66.9,70.8,31579869.0
2023-07-04,70.59,71.39,70.16,70.91,13330173.0
2023-07-05,70.8,71.07,69.57,69.79,10423254.0
2023-07-06,69.52,70.37,68.39,68.71,13783558.0
2023-07-07,68.61,69.3,68.23,68.98,6876226.0
2023-07-10,69.41,70.8,69.25,70.43,12542195.0
2023-07-11,70.11,70.53,69.46,70.32,8099633.0
2023-07-12,70.32,70.53,69.46,69.57,9863420.0
2023-07-13,69.73,69.95,68.5,69.52,12227840.0
2023-07-14,69.36,69.46,68.29,68.45,10811828.0
2023-07-17,68.07,69.09,67.48,68.77,11553777.0
2023-07-18,68.5,69.2,68.07,68.5,10487779.0
2023-07-19,68.29,69.04,67.75,68.39,8848178.0
2023-07-20,68.45,69.14,68.02,68.13,11911667.0
2023-07-21,68.23,69.09,67.43,68.45,11233567.0
2023-07-24,68.55,69.04,67.86,68.13,9995351.0
2023-07-25,68.66,70.11,68.66,70.11,22341065.0
2023-07-26,70.16,70.48,69.36,69.79,12478621.0
2023-07-27,69.79,71.23,69.52,70.53,19888693.0
2023-07-28,70.27,71.82,70.11,71.55,20904050.0
2023-07-31,72.78,73.05,71.44,72.89,28383406.0
2023-08-01,72.62,73.05,71.77,72.03,16043254.0
2023-08-02,71.6,72.03,70.96,71.07,10406978.0
2023-08-03,70.8,71.6,70.75,71.5,8077757.0
2023-08-04,71.6,72.19,70.75,70.91,13833832.0
2023-08-07,70.8,71.12,70.21,71.12,8129880.0
2023-08-08,71.07,71.93,70.64,71.6,11900486.0
2023-08-09,71.44,71.44,70.48,70.59,9373196.0
2023-08-10,70.43,72.57,70.37,72.19,18663117.0
2023-08-11,72.35,73.96,71.66,71.66,27614009.0
2023-08-14,71.07,73.37,70.69,73.16,29453744.0
2023-08-15,72.84,72.84,70.11,70.96,22710515.0
2023-08-16,71.23,71.44,69.62,69.79,14158398.0
2023-08-17,69.62,70.37,68.18,70.21,12437723.0
2023-08-18,69.84,70.05,67.86,67.86,16588576.0
2023-08-21,67.91,68.23,66.31,66.47,16734818.0
2023-08-22,66.63,66.9,64.11,65.72,20657787.0
2023-08-23,65.56,65.66,64.59,64.59,8920286.0
2023-08-24,64.59,65.29,64.33,64.81,10510816.0
2023-08-25,64.43,65.4,63.63,64.17,12948203.0
2023-08-28,66.79,67.43,64.75,65.13,19229798.0
2023-08-29,65.13,66.73,65.02,66.57,12760750.0
2023-08-30,66.36,66.95,66.09,66.63,10128805.0
2023-08-31,66.47,67.0,66.15,66.31,12030831.0
2023-09-01,66.41,67.91,66.41,67.64,14059481.0
2023-09-04,68.5,68.93,67.59,68.77,15633455.0
2023-09-05,68.61,69.2,68.29,68.39,11305448.0
2023-09-06,68.18,68.45,67.27,67.8,11986553.0
2023-09-07,67.8,68.29,67.0,67.16,12901348.0
2023-09-08,66.9,67.7,66.2,67.54,9173102.0
2023-09-11,67.64,68.5,67.22,68.39,11754142.0
2023-09-12,68.13,68.45,67.54,67.59,7887398.0
2023-09-13,67.38,67.86,66.47,66.95,8396264.0
2023-09-14,67.38,67.54,65.93,66.31,8608214.0
2023-09-15,66.79,67.48,66.47,67.06,12324068.0
2023-09-18,67.11,68.93,67.06,68.77,22681968.0
2023-09-19,68.61,68.66,67.48,67.75,12747643.0
2023-09-20,67.48,67.59,65.45,65.66,18548472.0
2023-09-21,65.29,65.61,64.27,64.33,11631896.0
2023-09-22,64.49,65.13,63.95,65.13,12486379.0
2023-09-25,64.81,64.92,64.17,64.33,11114768.0
2023-09-26,64.22,64.7,64.17,64.38,7370904.0
2023-09-27,64.22,64.75,64.01,64.49,9000127.0
2023-09-28,64.54,64.97,64.33,64.81,11245131.0
2023-10-09,64.11,64.22,59.4,59.94,27425186.0
2023-10-10,60.05,60.37,58.87,59.08,14701681.0
2023-10-11,59.08,59.24,58.49,59.14,10971401.0
2023-10-12,59.3,59.35,58.97,59.14,8045304.0
2023-10-13,58.92,58.92,57.48,58.01,14154060.0
2023-10-16,58.01,58.12,57.37,57.64,7302704.0
2023-10-17,57.64,58.01,56.94,57.37,8907823.0
2023-10-18,57.26,57.26,55.92,56.03,11586497.0
2023-10-19,55.82,56.67,55.82,55.92,8564398.0
2023-10-20,55.82,56.3,55.39,55.55,7985396.0
2023-10-23,55.34,55.5,54.1,54.37,10255463.0
2023-10-24,54.59,55.12,54.48,54.91,11114642.0
2023-10-25,55.34,56.35,55.28,55.6,10534396.0
2023-10-26,55.18,55.71,54.85,55.71,7896512.0
2023-10-27,55.55,57.1,55.23,57.1,14091911.0
2023-10-30,56.78,57.9,56.57,57.64,11942612.0
2023-10-31,56.99,57.8,56.41,57.05,12799900.0
2023-11-01,56.89,57.21,56.3,56.57,9538895.0
2023-11-02,56.46,56.78,55.92,55.98,8709663.0
2023-11-03,56.19,56.67,55.76,56.51,10229724.0
2023-11-06,56.89,57.48,56.25,57.32,13388282.0
2023-11-07,57.21,57.21,56.08,56.89,14434281.0
2023-11-08,56.46,57.21,56.41,56.73,10965270.0
2023-11-09,56.67,56.89,56.19,56.25,8496881.0
2023-11-10,56.25,56.25,55.5,55.98,8015680.0
2023-11-13,55.98,56.83,55.98,56.62,9597600.0
2023-11-14,56.46,57.16,56.46,56.99,9059923.0
2023-11-15,57.32,57.58,56.83,57.16,10910801.0
2023-11-16,57.16,58.65,56.83,57.9,25267877.0
2023-11-17,57.53,57.8,57.1,57.42,11395127.0
2023-11-20,57.48,58.44,57.42,58.23,11635593.0
2023-11-21,58.39,58.76,57.9,58.01,11448459.0
2023-11-22,57.8,58.55,57.74,57.74,9672365.0
2023-11-23,57.64,57.96,57.1,57.85,8594720.0
2023-11-24,57.74,58.49,57.69,58.07,10372903.0
2023-11-27,59.46,59.83,57.58,58.39,20175405.0
2023-11-28,57.85,58.44,57.37,58.23,9411086.0
2023-11-29,58.07,58.23,57.21,57.21,9128209.0
2023-11-30,57.21,58.76,56.99,58.23,14491140.0
2023-12-01,58.07,58.87,57.85,58.39,11235867.0
2023-12-04,58.6,58.65,57.9,58.12,9332834.0
2023-12-05,58.07,58.23,57.21,57.26,10220712.0
2023-12-06,57.1,57.74,56.46,57.53,8567194.0
2023-12-07,57.48,57.8,57.05,57.69,6913300.0
2023-12-08,57.9,58.23,57.16,57.96,11534500.0
2023-12-11,57.32,58.01,56.46,57.85,12416900.0
2023-12-12,57.69,58.65,57.53,58.44,14442375.0
2023-12-13,58.49,58.55,57.32,57.42,12209200.0
2023-12-14,57.53,58.71,57.53,57.8,12422577.0
2023-12-15,58.12,58.6,57.53,58.23,15087750.0
2023-12-18,57.9,58.17,55.92,56.08,17690371.0
2023-12-19,56.14,57.48,55.92,56.83,12806526.0
2023-12-20,56.94,56.99,55.44,55.5,10935000.0
2023-12-21,55.23,56.35,55.23,56.19,8280300.0
2023-12-22,56.08,56.3,55.28,55.66,8434200.0
2023-12-25,55.44,55.6,54.91,55.23,5050729.0
2023-12-26,55.12,55.28,54.59,54.59,5334921.0
2023-12-27,54.85,55.44,54.27,55.34,7319231.0
2023-12-28,55.18,56.57,54.96,56.35,10280986.0
2023-12-29,56.19,56.89,56.08,56.83,7773973.0
2024-01-02,56.73,58.07,56.62,57.32,10276122.0
2024-01-03,57.16,58.44,57.05,58.12,14058506.0
2024-01-04,58.01,59.08,57.64,58.28,15484472.0
2024-01-05,58.01,59.03,56.78,57.05,18111713.0
2024-01-08,57.26,58.17,56.78,56.78,12624648.0
2024-01-09,56.78,59.56,56.73,58.76,26259546.0
2024-01-10,58.33,58.49,57.26,57.74,16131137.0
2024-01-11,57.58,58.33,56.99,57.69,14367807.0
2024-01-12,57.26,57.69,56.73,57.1,10646189.0
2024-01-15,56.73,59.3,56.46,58.92,28797807.0
2024-01-16,58.87,59.78,58.33,59.03,27699648.0
2024-01-17,58.81,59.08,56.78,56.94,18790286.0
2024-01-18,56.19,56.41,54.37,56.08,19617114.0
2024-01-19,55.87,58.87,55.34,57.8,24290028.0
2024-01-22,57.26,57.32,53.84,54.37,21927917.0
2024-01-23,54.43,54.8,52.66,54.43,16185036.0
2024-01-24,54.48,55.66,53.46,55.5,15706599.0
2024-01-25,55.44,61.06,55.07,61.06,58864983.0
2024-01-26,61.6,62.29,60.42,60.53,61671851.0
2024-01-29,60.21,62.19,60.1,60.15,41180157.0
2024-01-30,59.51,60.95,59.03,59.3,29296579.0
2024-01-31,58.6,59.88,54.85,55.12,44663500.0
2024-02-01,53.52,54.59,50.84,53.94,34639757.0
2024-02-02,53.25,55.55,51.38,53.68,28814405.0
2024-02-05,53.03,53.03,49.07,49.5,29045829.0
2024-02-06,48.86,52.77,47.52,51.8,26427878.0
2024-02-07,51.8,54.05,51.48,53.52,23688958.0
2024-02-08,53.62,55.71,53.62,55.44,22493189.0
2024-02-19,56.35,56.99,54.48,55.01,24730995.0
2024-02-20,54.53,54.85,53.52,54.1,19110638.0
2024-02-21,53.52,55.71,53.41,54.43,26353787.0
2024-02-22,54.1,55.44,54.1,54.85,19753799.0
2024-02-23,54.69,54.96,54.1,54.96,17852221.0
2024-02-26,54.85,55.71,54.32,55.01,16978698.0
2024-02-27,55.28,56.25,55.12,56.14,22956934.0
2024-02-28,55.82,57.58,54.16,54.43,32234792.0
2024-02-29,54.32,55.76,54.16,55.66,20000353.0
2024-03-01,55.55,55.98,54.91,55.34,16458292.0
2024-03-04,55.18,55.55,54.37,54.69,14483306.0
2024-03-05,54.48,55.5,54.32,54.91,15769094.0
2024-03-06,54.8,55.12,54.32,54.91,12410317.0
2024-03-07,54.91,56.3,54.8,56.08,27076659.0
2024-03-08,55.55,55.82,54.91,55.76,19530480.0
2024-03-11,55.6,56.19,55.28,56.19,16160667.0
2024-03-12,56.25,57.8,56.03,57.53,25908789.0
2024-03-13,57.16,57.9,56.73,57.42,18210930.0
2024-03-14,57.16,58.71,57.16,57.8,23225933.0
2024-03-15,57.42,59.14,57.37,58.49,17639513.0
2024-03-18,58.28,58.76,57.96,58.65,16914807.0
2024-03-19,58.55,58.65,57.64,57.69,15090807.0
2024-03-20,57.69,58.44,57.64,58.33,11706674.0
2024-03-21,58.33,59.56,58.33,58.97,18956280.0
2024-03-22,58.87,59.3,57.64,57.9,15323608.0
2024-03-25,57.64,57.8,56.51,56.67,14268450.0
2024-03-26,56.62,56.94,55.66,56.83,12183326.0
2024-03-27,56.73,57.26,55.6,55.66,12191817.0
2024-03-28,55.66,56.83,55.55,56.51,11397800.0
2024-03-29,56.46,57.69,56.3,57.53,13930251.0
2024-04-01,57.64,58.6,57.53,58.49,16295727.0
2024-04-02,58.55,58.81,57.96,58.55,17107038.0
2024-04-03,58.23,58.33,57.53,58.17,13996373.0
2024-04-08,58.6,58.81,57.48,57.58,18999312.0
2024-04-09,57.21,60.53,57.16,59.99,35712975.0
2024-04-10,59.3,61.22,59.14,60.1,33491956.0
2024-04-11,59.62,62.03,59.19,61.81,36282393.0
2024-04-12,61.06,63.15,60.53,61.33,38322523.0
2024-04-15,60.85,62.93,58.28,60.69,47861306.0
2024-04-16,59.94,62.35,57.21,60.63,65093232.0
2024-04-17,59.78,65.08,59.35,64.54,82701684.0
2024-04-18,63.68,64.97,62.29,63.04,77051291.0
2024-04-19,61.97,64.49,61.44,63.63,43003311.0
2024-04-22,63.15,65.82,62.51,64.97,48229635.0
2024-04-23,64.22,64.33,60.74,60.79,43470328.0
2024-04-24,60.69,61.86,60.31,61.44,24114192.0
2024-04-25,61.01,62.19,60.58,61.12,21408738.0
2024-04-26,60.79,61.7,60.74,61.33,25459354.0
2024-04-29,61.17,62.13,59.99,61.97,29420589.0
2024-04-30,59.4,59.67,57.48,58.17,45721139.0
2024-05-06,58.33,58.71,57.48,57.85,25696515.0
2024-05-07,57.64,58.12,56.89,57.32,23409720.0
2024-05-08,57.1,57.21,55.66,55.92,25851419.0
2024-05-09,55.92,56.46,55.76,56.41,12723102.0
2024-05-10,56.51,57.05,55.92,56.57,20489526.0
2024-05-13,56.19,56.19,54.96,55.18,20195558.0
2024-05-14,55.18,55.6,55.01,55.34,11257477.0
2024-05-15,55.28,55.6,54.8,55.34,9603323.0
2024-05-16,55.58,56.66,55.47,56.01,15088284.0
2024-05-17,56.17,56.66,55.79,56.66,12580150.0
2024-05-20,58.17,58.6,57.2,57.36,33848600.0
2024-05-21,56.82,58.17,56.6,57.36,19117286.0
2024-05-22,57.2,57.68,56.82,57.52,13084740.0
2024-05-23,57.2,57.41,55.69,55.69,17316114.0
2024-05-24,55.52,56.06,55.36,55.42,7946100.0
2024-05-27,55.69,55.96,55.09,55.9,7996586.0
2024-05-28,55.85,56.44,55.58,55.74,7775469.0
2024-05-29,55.58,56.39,55.58,56.01,7860902.0
2024-05-30,55.69,55.96,55.42,55.69,7346000.0
2024-05-31,55.74,55.96,55.69,55.9,5892000.0
2024-06-03,55.9,55.9,54.12,54.61,13276968.0
2024-06-04,54.39,55.25,54.01,55.25,9074569.0
2024-06-05,55.15,55.25,54.45,54.5,7682749.0
2024-06-06,54.72,55.09,53.8,53.91,12408116.0
2024-06-07,54.18,54.61,53.8,54.5,8261100.0
2024-06-11,54.45,54.45,53.69,54.18,6866444.0
2024-06-12,54.18,54.5,54.01,54.28,5433266.0
2024-06-13,54.28,54.61,54.12,54.23,5006172.0
2024-06-14,54.28,54.66,54.01,54.45,10202895.0
2024-06-17,54.34,54.72,54.07,54.55,5659900.0
2024-06-18,54.55,55.04,54.5,54.93,6300175.0
2024-06-19,54.93,54.98,54.28,54.34,6000700.0
2024-06-20,54.23,54.34,52.5,53.15,13795152.0
2024-06-21,53.04,53.42,52.83,53.1,4766752.0
2024-06-24,52.88,52.88,51.1,51.26,13098600.0
2024-06-25,51.32,52.07,51.15,51.64,9477347.0
2024-06-26,51.32,52.34,50.94,52.23,7464100.0
2024-06-27,52.07,52.34,51.75,51.96,5742909.0
2024-06-28,51.86,52.5,51.75,52.13,7627904.0
2024-07-01,52.13,53.1,52.07,52.93,7036900.0
2024-07-02,52.83,53.31,52.66,52.88,5514400.0
2024-07-03,52.88,53.74,52.66,53.26,8945021.0
2024-07-04,53.04,53.1,51.8,51.8,8420200.0
2024-07-05,51.75,52.61,51.32,52.45,6418576.0
2024-07-08,52.56,52.99,51.42,51.48,6608200.0
2024-07-09,51.59,52.29,50.72,52.13,7154067.0
2024-07-10,51.91,52.29,51.59,51.8,4217930.0
2024-07-11,52.5,54.34,52.18,53.58,13130890.0
2024-07-12,53.8,54.5,53.1,53.47,11965700.0
2024-07-15,53.1,53.53,52.66,53.1,7142400.0
2024-07-16,53.04,53.2,52.23,52.77,5317867.0
2024-07-17,52.72,53.31,52.39,53.15,6780202.0
2024-07-18,52.88,54.77,52.13,54.01,14618134.0
2024-07-19,53.74,53.8,53.04,53.64,7456502.0
2024-07-22,53.42,53.74,53.04,53.42,6097300.0
2024-07-23,53.2,53.53,52.45,52.56,5484400.0
2024-07-24,52.34,52.72,51.59,51.64,6093935.0
2024-07-25,51.59,52.29,51.32,51.75,4620000.0
2024-07-26,51.75,52.5,51.75,52.29,3455495.0
2024-07-29,52.45,52.5,51.8,52.13,3668500.0
2024-07-30,52.07,52.5,51.91,52.45,4146390.0
2024-07-31,52.34,53.91,52.34,53.85,12591136.0
2024-08-01,53.85,53.85,53.37,53.58,7676300.0
2024-08-02,53.31,53.96,53.2,53.37,6908100.0
2024-08-05,53.91,54.55,53.2,53.31,15487446.0
2024-08-06,53.37,54.23,53.37,54.23,11654844.0
2024-08-07,53.96,54.77,53.53,53.74,12214363.0
2024-08-08,53.53,54.28,53.42,53.85,7990102.0
2024-08-09,53.91,54.12,53.1,53.1,7240000.0
2024-08-12,52.99,52.99,51.48,51.8,13408067.0
2024-08-13,51.69,51.91,51.32,51.91,5754000.0
2024-08-14,51.86,52.07,51.42,51.48,4757200.0
2024-08-15,51.42,52.07,51.15,51.75,7087000.0
2024-08-16,51.75,51.8,51.32,51.32,5260300.0
2024-08-19,51.42,51.64,50.88,50.88,6387300.0
2024-08-20,50.88,50.99,49.86,50.13,7699200.0
2024-08-21,50.07,50.72,49.97,50.24,3884440.0
2024-08-22,50.24,50.51,48.94,49.21,8414028.0
2024-08-23,49.1,49.75,48.83,49.59,5377191.0
2024-08-26,49.54,50.13,49.27,49.7,4063595.0
2024-08-27,49.64,49.75,49.16,49.32,3426700.0
2024-08-28,49.32,49.8,49.21,49.43,3733098.0
2024-08-29,49.43,49.75,48.83,49.54,5136300.0
2024-08-30,49.48,50.88,49.43,50.4,9222200.0
2024-09-02,50.29,50.88,49.91,49.97,8419018.0
2024-09-03,50.18,50.45,49.7,50.07,6167460.0
2024-09-04,49.86,50.51,49.75,50.18,4541200.0
2024-09-05,50.02,50.67,50.02,50.56,4097600.0
2024-09-06,50.51,50.72,49.97,49.97,4381600.0
2024-09-09,49.91,50.56,49.64,49.97,5084895.0
2024-09-10,50.02,50.18,48.46,49.05,9177750.0
2024-09-11,49.1,49.1,48.56,48.83,4271200.0
2024-09-12,48.73,49.27,48.67,48.78,3394400.0
2024-09-13,48.94,48.94,48.24,48.29,4626260.0
2024-09-18,48.35,48.46,47.27,47.81,6456360.0
2024-09-19,47.92,49.16,47.92,49.0,7745634.0
2024-09-20,48.83,49.05,48.62,48.94,4584600.0
2024-09-23,49.0,49.21,48.67,49.1,3767800.0
2024-09-24,49.37,50.29,49.16,50.29,12087601.0
2024-09-25,50.61,51.59,50.51,50.67,17200851.0
2024-09-26,50.51,52.88,50.4,52.83,20357035.0
2024-09-27,53.42,54.77,53.31,54.72,27419076.0
2024-09-30,56.55,59.84,55.63,59.84,64786952.0
2024-10-08,64.81,65.29,57.25,59.03,87381891.0
2024-10-09,57.74,57.9,53.96,54.12,43979588.0
2024-10-10,54.23,56.23,53.58,54.93,29290565.0
2024-10-11,54.12,54.72,52.93,53.31,20928102.0
2024-10-14,53.2,53.69,52.5,53.64,18430953.0
2024-10-15,53.31,53.47,52.61,52.61,15501000.0
2024-10-16,52.13,53.1,51.91,52.72,11536417.0
2024-10-17,52.93,53.26,52.34,52.39,11788990.0
2024-10-18,52.29,54.12,52.18,53.47,22493641.0
2024-10-21,53.42,56.77,53.31,55.52,40168290.0
2024-10-22,55.31,55.52,54.34,54.82,21805911.0
2024-10-23,54.93,55.58,54.55,55.04,18390578.0
2024-10-24,54.98,55.36,54.39,54.77,11078810.0
2024-10-25,54.66,55.36,54.55,55.04,14803148.0
2024-10-28,55.04,56.06,54.82,55.96,18375968.0
2024-10-29,56.12,56.44,54.82,54.98,18309100.0
2024-10-30,54.82,55.58,54.61,55.2,13846595.0
2024-10-31,54.82,54.98,54.01,54.72,21704798.0
2024-11-01,54.45,55.15,53.64,54.34,21497503.0
2024-11-04,54.61,55.15,54.18,54.93,15230901.0
2024-11-05,54.77,55.79,54.45,55.69,27805306.0
2024-11-06,55.47,56.12,55.09,55.9,27552202.0
2024-11-07,55.69,57.84,55.31,57.58,37441969.0
2024-11-08,57.84,58.71,56.66,57.31,33432636.0
2024-11-11,56.71,57.2,56.17,57.14,21107720.0
2024-11-12,57.14,57.9,56.71,57.36,28206909.0
2024-11-13,58.28,58.82,56.06,56.77,35231481.0
2024-11-14,56.5,56.93,55.58,55.74,20241848.0
2024-11-15,55.58,56.28,55.2,55.25,14897291.0
2024-11-18,55.36,56.23,54.77,54.93,19886304.0
2024-11-19,54.98,55.52,54.5,55.52,16114674.0
2024-11-20,55.36,55.9,55.2,55.74,14974908.0
2024-11-21,55.52,55.9,55.25,55.74,11190140.0
2024-11-22,55.52,55.85,53.96,53.96,16370389.0
2024-11-25,54.18,55.52,54.18,54.88,20119490.0
2024-11-26,54.72,55.58,54.39,54.98,15619350.0
2024-11-27,54.77,55.42,53.85,55.42,15167580.0
2024-11-28,55.31,56.33,55.04,55.85,21075912.0
2024-11-29,55.58,56.66,55.52,56.44,21310937.0
2024-12-02,56.6,57.47,56.6,57.09,23477200.0
2024-12-03,57.09,57.25,56.39,56.6,17653615.0
2024-12-04,56.39,57.14,55.69,55.85,16728561.0
2024-12-05,55.69,56.5,55.69,56.5,11810408.0
2024-12-06,56.44,57.31,56.12,56.93,17695550.0
2024-12-09,56.82,57.31,56.33,56.55,13417472.0
2024-12-10,57.95,58.28,56.71,56.93,30067523.0
2024-12-11,56.93,58.33,56.77,58.22,30194861.0
2024-12-12,58.33,60.38,57.95,60.38,49994025.0
2024-12-13,60.17,61.73,59.63,60.11,54466708.0
2024-12-16,60.54,61.51,59.36,60.11,43482969.0
2024-12-17,60.11,60.11,57.9,58.01,30773064.0
2024-12-18,58.22,59.09,57.63,57.95,21987104.0
2024-12-19,57.2,57.74,56.71,57.47,19097830.0
2024-12-20,57.36,57.74,56.71,56.82,17966100.0
2024-12-23,56.66,56.87,55.52,55.63,20071932.0
2024-12-24,55.63,56.17,55.42,56.17,14107521.0
2024-12-25,56.12,56.12,55.15,55.96,12976723.0
2024-12-26,55.79,56.55,55.79,56.28,11794016.0
2024-12-27,56.23,57.31,55.96,56.93,16374008.0
2024-12-30,56.66,56.93,55.47,55.79,16081051.0
2024-12-31,55.63,56.17,54.66,54.72,13717300.0
2025-01-02,54.72,55.96,53.91,54.39,18791696.0
2025-01-03,54.45,54.61,52.61,52.77,20597950.0
2025-01-06,52.77,52.93,51.69,52.07,15259120.0
2025-01-07,52.07,52.5,51.59,52.29,11624241.0
2025-01-08,52.07,52.13,50.94,51.69,12683256.0
2025-01-09,51.42,51.86,51.21,51.42,8693166.0
2025-01-10,51.42,51.48,50.4,50.4,9484479.0
2025-01-13,49.91,50.88,49.86,50.83,7783801.0
2025-01-14,51.48,52.5,51.37,52.5,15302637.0
2025-01-15,52.39,53.15,52.18,52.34,14177042.0
2025-01-16,52.34,53.58,52.34,53.04,14186483.0
2025-01-17,52.88,53.69,52.5,53.15,9617350.0
2025-01-20,53.53,58.49,53.53,55.47,44769546.0
2025-01-21,54.93,56.98,54.5,54.72,24463670.0
2025-01-22,54.61,55.09,53.69,53.91,13272238.0
2025-01-23,54.5,54.98,54.12,54.18,11693700.0
2025-01-24,54.18,54.45,53.85,54.28,12205382.0
2025-01-27,54.34,54.88,54.18,54.23,11336200.0
2025-02-05,54.55,54.55,53.31,53.47,11542642.0
2025-02-06,53.42,53.96,53.1,53.85,10697182.0
2025-02-07,53.85,54.45,53.58,54.07,14510757.0
2025-02-10,54.07,54.66,54.07,54.61,14345855.0
2025-02-11,54.77,54.88,54.12,54.28,10191257.0
2025-02-12,54.28,54.66,54.12,54.45,8723497.0
2025-02-13,54.45,54.77,54.18,54.55,11872415.0
2025-02-14,54.34,54.55,54.07,54.18,9824451.0
2025-02-17,54.18,54.45,53.85,53.96,11483900.0
2025-02-18,53.85,53.91,52.45,52.66,16013362.0
2025-02-19,52.83,52.88,52.45,52.72,10204643.0
2025-02-20,52.77,53.2,52.45,53.1,9412770.0
2025-02-21,53.04,53.85,52.83,53.69,14589506.0
2025-02-24,53.69,55.69,53.47,54.82,20198205.0
2025-02-25,54.5,54.72,53.96,54.12,10293202.0
2025-02-26,54.12,54.5,53.96,54.18,12519102.0
2025-02-27,54.18,54.72,53.96,54.45,13914894.0
2025-02-28,54.23,56.66,54.12,55.04,30738152.0
2025-03-03,54.61,55.79,54.39,54.45,21240701.0
2025-03-04,54.07,54.88,54.07,54.77,10410941.0
2025-03-05,54.82,54.93,54.12,54.66,9977972.0
2025-03-06,54.77,55.09,54.5,55.09,15102278.0
2025-03-07,54.98,55.58,54.66,54.98,16449971.0
2025-03-10,54.77,55.2,54.66,55.04,11001701.0
2025-03-11,54.66,55.79,54.61,55.74,19414171.0
2025-03-12,55.63,56.44,55.52,55.58,17572900.0
2025-03-13,55.47,56.23,55.47,56.12,15002837.0
2025-03-14,56.23,57.68,56.01,57.41,28614647.0
2025-03-17,57.79,58.22,57.2,57.31,24959450.0
2025-03-18,57.31,57.52,56.71,57.09,17449206.0
2025-03-19,57.04,57.31,56.6,57.14,13885646.0
2025-03-20,57.09,57.95,56.98,57.31,20589263.0
2025-03-21,57.09,57.74,56.66,57.52,17738142.0
2025-03-24,57.84,60.27,57.74,58.82,51588089.0
2025-03-25,58.28,60.81,58.28,60.17,48802790.0
2025-03-26,59.57,60.6,59.03,59.9,28626482.0
2025-03-27,59.9,60.7,58.33,58.38,30517432.0
2025-03-28,58.28,58.82,57.2,57.25,23060100.0
2025-03-31,57.2,57.9,56.01,56.33,21757478.0
2025-04-01,56.28,57.2,56.12,56.17,21255327.0
2025-04-02,56.23,56.82,55.9,56.44,14206800.0
2025-04-03,55.96,57.41,55.69,55.79,25266563.0
2025-04-07,53.37,54.23,50.24,50.24,44567226.0
2025-04-08,50.72,52.23,50.45,52.13,37997744.0
2025-04-09,51.59,55.47,50.13,55.15,41599023.0
2025-04-10,54.39,56.39,54.28,55.79,37575015.0
2025-04-11,55.58,56.28,54.88,55.15,24647246.0
2025-04-14,55.25,57.04,55.15,56.23,27111000.0
2025-04-15,55.85,56.39,55.09,55.69,18573897.0
2025-04-16,55.47,56.33,55.2,56.06,21678676.0
2025-04-17,55.74,57.14,55.36,56.6,29639533.0
2025-04-18,56.33,56.5,54.77,55.15,22484259.0
2025-04-21,54.93,55.36,54.61,54.98,16200900.0
2025-04-22,54.82,55.31,54.28,54.98,19801102.0
2025-04-23,55.04,55.31,54.34,54.45,16219892.0
2025-04-24,54.5,54.82,53.91,54.01,12240900.0
2025-04-25,54.12,54.93,53.85,54.66,14752729.0
2025-04-28,55.2,55.36,53.26,53.26,25897231.0
2025-04-29,52.93,53.47,52.61,53.04,13860960.0
2025-04-30,52.45,52.56,52.07,52.39,20352802.0
2025-05-06,52.5,52.72,52.07,52.61,18864513.0
2025-05-07,52.93,53.31,52.61,52.88,15881621.0
2025-05-08,52.77,52.99,52.5,52.77,13319645.0
2025-05-09,52.77,52.83,52.5,52.66,9612301.0
2025-05-12,52.77,53.1,52.5,53.04,17376590.0
2025-05-13,53.26,53.37,52.83,52.99,11970017.0
2025-05-14,52.93,53.1,52.56,52.99,11984358.0
2025-05-15,52.88,53.1,52.5,52.56,9522400.0
2025-05-16,52.5,52.72,52.29,52.5,7418902.0
2025-05-19,52.39,52.66,52.34,52.45,11683000.0
2025-05-20,52.5,52.93,52.45,52.77,11226481.0
2025-05-21,52.66,52.83,52.56,52.66,7306733.0
2025-05-22,52.77,52.83,52.12,52.18,10427134.0
2025-05-23,52.18,52.39,51.74,51.8,7953955.0
2025-05-26,51.8,52.07,51.63,51.96,5757500.0
2025-05-27,51.96,52.23,51.9,52.18,5970200.0
2025-05-28,52.23,52.39,52.01,52.12,5483455.0
2025-05-29,52.01,52.45,51.85,52.28,8903613.0
2025-05-30,52.23,52.45,52.07,52.28,6957400.0
2025-06-03,52.18,53.32,52.07,53.26,17309407.0
2025-06-04,53.21,53.59,52.99,53.43,11651340.0
2025-06-05,53.53,53.91,53.05,53.21,10969603.0
2025-06-06,53.32,53.37,52.99,53.32,8030727.0
2025-06-09,53.37,53.7,53.21,53.7,10531883.0
2025-06-10,53.59,54.02,52.94,53.59,14470273.0
2025-06-11,53.48,53.81,53.48,53.59,9982150.0
2025-06-12,53.64,53.75,53.21,53.48,8243687.0
2025-06-13,53.48,53.48,52.56,52.61,12267481.0
2025-06-16,52.45,52.72,52.39,52.66,6667899.0
2025-06-17,52.66,53.26,52.61,53.05,8067262.0
2025-06-18,52.94,53.15,52.56,52.66,5928900.0
2025-06-19,52.56,52.88,51.9,51.96,9990367.0
2025-06-20,52.12,52.28,51.8,51.9,5232300.0
2025-06-23,51.69,52.12,51.69,51.96,8147220.0
2025-06-24,52.07,52.72,52.07,52.66,8303525.0
2025-06-25,52.83,53.26,52.56,53.15,10913131.0
2025-06-26,53.1,54.3,52.99,53.53,25171200.0
2025-06-27,53.1,53.53,52.77,53.37,14201900.0
2025-06-30,53.26,53.59,53.1,53.53,10484000.0
2025-07-01,53.53,53.64,53.15,53.48,9132400.0
2025-07-02,53.43,53.64,53.21,53.43,11212515.0
2025-07-03,53.37,53.59,53.32,53.37,9838200.0
2025-07-04,53.43,53.43,53.05,53.32,9124600.0
2025-07-07,53.15,53.53,53.15,53.32,7464635.0
2025-07-08,53.26,53.53,53.1,53.43,10601663.0
2025-07-09,53.43,53.7,53.32,53.53,11400889.0
2025-07-10,53.48,53.97,53.37,53.81,13326295.0
2025-07-11,53.81,53.97,53.53,53.81,13585798.0
2025-07-14,53.86,53.97,53.59,53.7,9495357.0
2025-07-15,53.64,53.64,52.77,52.99,17133074.0
2025-07-16,53.05,53.26,52.77,53.1,8668058.0
2025-07-17,53.05,53.37,52.99,53.32,9151002.0
2025-07-18,53.32,53.59,53.32,53.59,10421117.0
2025-07-21,53.59,53.91,53.48,53.86,16924055.0
2025-07-22,53.86,54.08,53.59,54.08,13836600.0
2025-07-23,54.08,54.62,53.86,53.91,19224200.0
2025-07-24,53.91,54.89,53.91,54.89,23708049.0
2025-07-25,55.16,55.38,54.51,54.62,15825200.0
2025-07-28,54.62,55.06,54.24,54.35,13966685.0
2025-07-29,54.3,54.62,53.64,54.24,13236390.0
2025-07-30,54.13,54.89,54.02,54.51,17414960.0
2025-07-31,54.57,54.68,53.53,53.59,15809699.0
2025-08-01,53.59,53.86,53.1,53.43,17062000.0
2025-08-04,53.26,53.43,53.1,53.43,10245117.0
2025-08-05,53.43,53.7,53.26,53.64,10924105.0
2025-08-06,53.59,53.7,53.26,53.53,11908191.0
2025-08-07,53.53,53.59,53.32,53.53,11160103.0
2025-08-08,53.48,53.91,53.37,53.64,13358613.0
2025-08-11,53.7,53.86,53.53,53.75,12097842.0
2025-08-12,53.7,53.97,53.64,53.81,9621120.0
2025-08-13,54.35,54.57,53.81,54.02,17083450.0
2025-08-14,53.91,54.35,53.53,53.53,15709300.0
2025-08-15,53.37,53.91,53.37,53.91,12547891.0
2025-08-18,53.97,54.46,53.97,54.24,18669821.0
2025-08-19,54.3,54.51,54.02,54.3,14117083.0
2025-08-20,54.24,54.89,54.02,54.84,19722603.0
2025-08-21,54.78,55.11,54.51,54.78,18971638.0
2025-08-22,54.68,54.95,54.46,54.95,16395565.0
2025-08-25,54.95,55.33,54.84,55.27,21467500.0
2025-08-26,55.11,55.55,55.0,55.27,16577582.0
2025-08-27,55.27,55.33,54.19,54.24,24061300.0
2025-08-28,54.24,55.0,53.7,54.51,21730488.0
2025-08-29,54.62,55.44,54.57,55.38,26014764.0
2025-09-01,55.55,56.14,55.16,55.87,28919145.0
2025-09-02,55.82,55.82,55.16,55.55,20997493.0
2025-09-03,55.65,55.76,54.35,54.95,23872667.0
2025-09-04,54.95,56.09,54.68,55.76,34407710.0
2025-09-05,55.98,56.58,54.84,56.58,39090434.0
2025-09-08,56.36,57.12,56.03,56.25,32826524.0
2025-09-09,56.09,56.52,55.76,56.25,21564226.0
2025-09-10,56.25,56.9,56.09,56.74,24875612.0
2025-09-11,56.52,56.58,55.6,56.41,23683192.0
2025-09-12,56.2,56.63,55.98,56.03,21248800.0
2025-09-15,56.09,56.25,55.55,56.03,15523130.0
2025-09-16,56.25,57.07,55.93,56.58,26665881.0
2025-09-17,57.07,57.28,55.93,56.09,23912484.0
2025-09-18,56.09,56.85,55.93,56.41,36137626.0
2025-09-19,56.2,58.26,55.27,58.15,62172210.0
2025-09-22,57.77,57.77,55.93,56.2,37237949.0
2025-09-23,56.03,56.2,53.97,54.62,32030551.0
2025-09-24,54.4,54.84,53.81,54.78,17931218.0
2025-09-25,54.57,54.84,54.08,54.4,17432170.0
2025-09-26,54.24,54.46,54.02,54.08,10102931.0
2025-09-29,54.08,54.19,53.43,54.02,14778741.0
2025-09-30,54.02,54.19,53.59,53.59,13776473.0
2025-10-09,53.64,53.64,52.56,52.94,21156200.0
2025-10-10,52.88,53.26,52.83,53.05,13351554.0
2025-10-13,52.18,52.61,51.8,52.5,14164407.0
2025-10-14,52.5,52.94,52.5,52.66,11598893.0
2025-10-15,52.77,53.1,52.61,53.05,8683195.0
2025-10-16,53.05,53.21,52.61,52.77,8767362.0
2025-10-17,52.72,52.94,52.01,52.07,10442980.0
2025-10-20,52.34,52.77,52.28,52.66,9092983.0
2025-10-21,52.77,52.94,52.56,52.77,8983395.0
2025-10-22,52.77,52.99,52.66,52.88,7345027.0
2025-10-23,52.83,53.1,52.61,53.05,7963987.0
2025-10-24,53.05,53.1,52.72,52.77,9403836.0
2025-10-27,52.88,52.94,52.66,52.77,9102176.0
2025-10-28,52.72,52.94,52.61,52.66,7626336.0
2025-10-29,52.66,52.66,52.34,52.61,9197324.0
2025-10-30,52.61,52.77,52.34,52.5,9257386.0
2025-10-31,52.23,52.72,52.23,52.72,10454907.0
2025-11-03,52.72,52.94,52.56,52.88,9356508.0
2025-11-04,52.83,53.21,52.72,52.99,12292087.0
2025-11-05,52.88,53.43,52.72,53.26,15984703.0
2025-11-06,53.26,53.26,52.88,53.1,10173320.0
2025-11-07,53.1,53.43,53.05,53.15,10058107.0
2025-11-10,53.26,54.08,53.05,53.97,18689187.0
2025-11-11,53.86,53.97,53.64,53.91,11972081.0
2025-11-12,53.91,54.3,53.59,53.75,12731857.0
2025-11-13,53.7,54.46,53.48,54.19,15679840.0
2025-11-14,53.97,54.57,53.7,53.75,12821100.0
2025-11-17,53.7,53.75,53.15,53.59,12009759.0
2025-11-18,53.48,53.59,52.88,52.99,11046060.0
2025-11-19,53.21,53.26,52.66,53.05,9873611.0
2025-11-20,53.15,53.26,52.56,52.61,11032563.0
2025-11-21,52.23,52.66,51.41,51.52,17927063.0
2025-11-24,51.74,52.39,51.58,52.18,10827037.0
2025-11-25,52.23,52.61,52.01,52.56,11552100.0
2025-11-26,52.45,52.61,51.96,52.12,8738144.0
2025-11-27,52.12,52.39,51.85,51.96,7614569.0
2025-11-28,51.96,52.07,51.69,52.01,7263772.0
2025-12-01,52.07,52.56,52.07,52.34,10089264.0
2025-12-02,52.34,52.56,51.96,52.39,8459451.0
2025-12-03,52.34,52.5,52.07,52.18,9276131.0
2025-12-04,52.23,52.23,51.52,51.8,9480700.0
2025-12-05,51.74,52.01,51.52,51.96,6414900.0
2025-12-08,52.01,52.23,51.85,52.01,8236968.0
2025-12-09,52.07,52.07,51.69,51.8,7555745.0
2025-12-10,52.01,52.07,51.63,51.96,7574851.0
2025-12-11,51.9,51.9,51.14,51.41,11906057.0
2025-12-12,51.41,51.58,51.09,51.25,13807483.0
2025-12-15,51.2,51.25,50.76,50.93,8893216.0
2025-12-16,50.87,51.25,50.71,50.87,8712939.0
2025-12-17,51.03,51.74,50.93,51.63,14009901.0
2025-12-18,51.47,52.18,51.25,51.96,13112507.0
2025-12-19,52.34,55.16,51.9,54.57,57361894.0
2025-12-22,55.38,56.63,55.38,55.55,70302518.0
2025-12-23,55.27,57.61,54.84,55.82,51835876.0
2025-12-24,55.82,55.98,54.84,55.44,30531139.0
2025-12-25,55.33,55.65,54.35,55.0,29540431.0
2025-12-26,54.78,55.16,54.08,54.57,28888757.0
2025-12-29,54.62,55.0,54.02,54.08,25887743.0
2025-12-30,53.75,54.68,52.99,54.4,31572290.0
2025-12-31,54.3,54.51,53.48,53.7,24957425.0
2026-01-05,53.7,53.75,52.83,53.21,29154838.0
2026-01-06,53.21,53.53,53.05,53.48,21196761.0
2026-01-07,53.53,54.57,53.37,54.19,33263562.0
2026-01-08,53.26,53.86,53.26,53.64,20863510.0
2026-01-09,53.64,54.4,53.43,54.24,34726245.0
2026-01-12,54.24,55.22,54.02,55.06,35356876.0
2026-01-13,55.06,55.06,54.19,54.3,24357396.0
2026-01-14,54.3,55.06,53.86,54.73,32389980.0
2026-01-15,56.52,57.56,55.65,56.09,63947972.0
2026-01-16,55.16,55.87,54.13,54.19,44309379.0
2026-01-19,54.02,55.55,54.02,55.49,28145570.0
2026-01-20,55.27,55.65,54.84,55.55,19465919.0
2026-01-21,55.16,55.38,54.62,54.95,14782300.0
2026-01-22,54.89,55.38,54.73,55.06,13595371.0
2026-01-23,55.16,55.22,54.89,55.0,15229686.0
2026-01-26,54.84,55.0,54.02,54.3,20727832.0
2026-01-27,53.7,53.86,52.5,52.72,25689651.0
2026-01-28,52.83,53.05,52.66,52.83,14550352.0
2026-01-29,52.83,53.53,52.28,53.48,20503467.0
2026-01-30,53.59,54.51,53.59,53.7,24127743.0
2026-02-02,53.53,55.22,53.26,54.08,30835460.0
2026-02-03,54.13,55.0,53.81,54.35,16374038.0
2026-02-04,54.19,54.84,53.97,54.62,15504361.0
2026-02-05,54.62,55.55,54.4,55.27,20610914.0
2026-02-06,55.16,55.27,54.4,54.62,15604200.0
2026-02-09,55.0,55.0,54.46,54.89,13245815.0
2026-02-10,54.73,55.55,54.08,55.44,25383684.0
2026-02-11,55.33,55.33,54.35,54.62,17724378.0
2026-02-12,54.51,54.62,53.53,53.64,21232300.0
2026-02-13,53.7,54.84,53.48,54.08,21341456.0
2026-02-24,54.24,54.35,52.88,53.32,20780486.0
2026-02-25,53.32,53.75,53.21,53.37,14728595.0
2026-02-26,53.26,53.53,52.94,52.99,12766576.0
2026-02-27,52.99,53.48,52.99,53.32,10231297.0
2026-03-02,52.61,52.88,51.8,52.23,23358659.0
2026-03-03,52.07,52.56,51.2,51.52,17847225.0
2026-03-04,51.31,51.74,50.49,50.93,18753735.0
2026-03-05,51.36,51.47,50.87,51.09,10146600.0
2026-03-06,50.98,51.74,50.82,51.63,8168935.0
2026-03-09,51.2,51.52,51.03,51.47,11072500.0
2026-03-10,51.74,51.9,51.63,51.85,9250670.0
2026-03-11,51.8,51.85,51.41,51.63,7350400.0
2026-03-12,51.63,51.85,51.52,51.8,10065862.0
2026-03-13,51.74,52.07,51.31,51.41,11949636.0
2026-03-16,51.2,51.85,51.2,51.8,8237216.0
2026-03-17,51.8,52.18,51.47,51.52,8927061.0
2026-03-18,51.63,51.63,50.93,51.36,10000700.0
2026-03-19,51.03,51.2,50.55,50.71,10203350.0
2026-03-20,50.76,50.87,50.38,50.38,9279992.0
2026-03-23,49.84,49.89,48.26,48.48,16007972.0
2026-03-24,49.08,49.51,48.53,49.51,7541854.0
2026-03-25,49.46,50.27,49.3,50.22,9024158.0
2026-03-26,50.06,50.33,49.46,49.73,6832695.0
2026-03-27,49.02,50.0,49.02,49.95,6043348.0
2026-03-30,49.24,50.0,49.19,49.95,5129794.0
2026-03-31,49.89,50.38,49.78,49.89,5652252.0
2026-04-01,50.27,50.6,49.89,50.55,8352272.0
2026-04-02,50.49,50.49,49.68,49.95,6192804.0
2026-04-03,50.0,50.06,49.02,49.3,6474501.0
2026-04-07,49.3,49.62,49.13,49.57,4740851.0
2026-04-08,50.16,50.76,50.11,50.76,12461048.0
2026-04-09,50.44,50.44,49.95,50.0,6603201.0
2026-04-10,50.22,50.76,50.11,50.38,6751187.0
2026-04-13,50.16,50.38,49.89,50.27,4481461.0
2026-04-14,50.33,50.55,49.89,50.38,5445800.0
2026-04-15,50.49,50.87,50.22,50.6,9480856.0
2026-04-16,50.38,51.09,50.33,50.98,11103590.0
2026-04-17,50.76,50.82,50.27,50.6,7954293.0
2026-04-20,50.55,50.76,50.33,50.71,6750917.0
2026-04-21,50.65,50.93,50.0,50.27,7792152.0
2026-04-22,50.0,50.16,49.78,49.89,7118011.0
2026-04-23,49.95,50.06,49.46,49.68,7336210.0
2026-04-24,49.46,49.68,49.08,49.57,5816774.0
2026-04-27,49.24,49.78,49.13,49.73,6239062.0
2026-04-28,49.62,49.62,48.75,49.08,9404048.0
2026-04-29,49.02,49.62,48.97,49.51,7202031.0
2026-04-30,48.97,49.3,48.86,48.97,9795547.0
2026-05-06,48.97,49.08,48.48,48.7,9521724.0
2026-05-07,48.81,48.97,48.43,48.53,7857749.0
2026-05-08,48.53,48.64,48.37,48.59,7007003.0
2026-05-11,48.48,48.59,48.21,48.37,9199810.0
