date,open,high,low,close,volume
2019-07-16,52.72,63.26,52.72,63.26,72176.0
2019-07-17,69.59,69.59,69.59,69.59,38311.0
2019-07-18,76.55,76.55,76.55,76.55,41831.0
2019-07-19,84.21,84.21,84.21,84.21,87638.0
2019-07-22,92.63,92.63,92.63,92.63,168386.0
2019-07-23,101.89,101.89,97.27,101.89,8842905.0
2019-07-24,111.0,112.08,109.5,112.08,3286719.0
2019-07-25,123.29,123.29,123.29,123.29,1891457.0
2019-07-26,123.29,129.0,120.5,124.33,12501508.0
2019-07-29,128.18,128.99,124.88,128.0,7768318.0
2019-07-30,125.5,127.98,123.81,127.6,5749269.0
2019-07-31,127.2,131.33,126.01,127.83,5912517.0
2019-08-01,126.0,134.44,125.1,132.28,5767230.0
2019-08-02,127.0,129.35,125.25,125.77,5964208.0
2019-08-05,124.0,128.2,116.34,117.01,6438048.0
2019-08-06,113.72,122.0,113.0,119.0,5263761.0
2019-08-07,119.0,120.58,115.25,115.85,4134768.0
2019-08-08,116.23,127.44,115.3,125.8,7148025.0
2019-08-09,124.61,132.78,124.41,125.83,5520547.0
2019-08-12,128.64,138.41,127.0,138.41,5733435.0
2019-08-13,136.0,139.0,132.51,137.8,4797587.0
2019-08-14,140.73,147.0,129.34,131.3,5714342.0
2019-08-15,126.82,138.3,126.82,136.99,4300551.0
2019-08-16,136.8,142.58,134.71,138.53,3386296.0
2019-08-19,141.42,147.28,136.83,141.93,3715738.0
2019-08-20,141.4,142.37,136.41,137.2,3185449.0
2019-08-21,137.2,137.6,130.71,137.01,4335222.0
2019-08-22,136.01,140.8,133.8,134.2,3353113.0
2019-08-23,133.5,134.78,127.5,128.35,4266013.0
2019-08-26,125.9,126.88,122.04,123.45,3289433.0
2019-08-27,125.0,129.68,124.61,127.18,2896843.0
2019-08-28,127.01,131.18,124.02,130.84,2642440.0
2019-08-29,130.95,142.8,127.25,139.4,4772963.0
2019-08-30,139.0,148.8,136.42,140.63,4412247.0
2019-09-02,143.1,154.69,140.11,153.49,4555030.0
2019-09-03,151.08,165.35,150.03,156.01,4257213.0
2019-09-04,155.77,159.0,153.0,156.93,2786584.0
2019-09-05,157.5,165.0,155.85,157.05,2908783.0
2019-09-06,157.45,169.25,157.28,166.34,3158715.0
2019-09-09,170.4,182.97,165.79,180.6,4321928.0
2019-09-10,178.08,179.41,168.88,171.5,3683731.0
2019-09-11,171.5,173.22,162.3,165.55,3245549.0
2019-09-12,166.57,170.77,164.18,169.8,2077143.0
2019-09-16,169.01,172.57,167.03,168.8,1827348.0
2019-09-17,168.0,168.8,159.5,161.0,2358824.0
2019-09-18,162.0,162.99,155.5,160.6,2420272.0
2019-09-19,159.08,175.88,158.55,173.0,3397862.0
2019-09-20,171.0,180.8,171.0,173.77,2777483.0
2019-09-23,174.8,191.0,173.77,189.33,4037541.0
2019-09-24,186.98,195.58,183.15,191.5,3270132.0
2019-09-25,189.0,193.5,182.01,183.55,2905567.0
2019-09-26,183.0,192.0,176.0,184.5,3420016.0
2019-09-27,182.02,190.68,177.0,187.5,2844502.0
2019-09-30,189.58,191.0,168.75,168.75,3430204.0
2019-10-08,165.1,168.74,155.58,158.17,2814403.0
2019-10-09,158.01,169.99,156.0,168.6,2416139.0
2019-10-10,168.0,185.46,167.0,185.46,3557521.0
2019-10-11,187.0,190.0,182.0,188.14,1948566.0
2019-10-14,189.89,190.0,184.4,187.0,1935671.0
2019-10-15,184.99,188.85,174.0,184.04,2021523.0
2019-10-16,182.99,184.94,176.6,178.02,1323340.0
2019-10-17,177.0,186.5,177.0,180.2,1626866.0
2019-10-18,178.0,180.87,174.0,175.98,1383462.0
2019-10-21,175.0,176.1,163.9,175.78,1420732.0
2019-10-22,175.44,185.5,175.44,185.32,1513865.0
2019-10-23,184.0,186.46,175.11,177.39,1441658.0
2019-10-24,176.99,176.99,166.99,170.8,2298355.0
2019-10-25,169.38,174.8,166.6,170.92,1463017.0
2019-10-28,172.74,175.0,168.5,173.0,1696700.0
2019-10-29,171.11,172.88,163.2,163.44,2367104.0
2019-10-30,160.96,169.85,158.58,166.11,1561460.0
2019-10-31,155.5,159.95,149.5,149.5,3356540.0
2019-11-01,145.0,149.99,143.33,146.0,1529295.0
2019-11-04,146.0,152.46,145.8,149.94,1327717.0
2019-11-05,151.0,151.23,147.0,150.7,1234735.0
2019-11-06,151.4,157.8,151.1,152.0,1827884.0
2019-11-07,150.1,153.5,146.6,152.08,1129118.0
2019-11-08,153.0,153.49,148.3,148.63,1141341.0
2019-11-11,146.5,146.5,140.0,144.55,1007239.0
2019-11-12,145.4,146.4,143.5,146.12,757329.0
2019-11-13,146.3,151.55,145.03,148.59,1200323.0
2019-11-14,147.95,149.89,146.8,149.3,996410.0
2019-11-15,149.6,155.27,148.36,150.58,1532944.0
2019-11-18,150.4,152.0,146.7,148.93,997118.0
2019-11-19,147.7,152.8,147.7,152.62,1208572.0
2019-11-20,152.62,156.99,151.03,151.97,1378172.0
2019-11-21,150.27,150.27,147.0,147.83,1022591.0
2019-11-22,147.25,150.15,141.78,143.81,1143420.0
2019-11-25,142.78,145.98,133.22,134.0,1538062.0
2019-11-26,133.39,135.96,133.2,134.94,675798.0
2019-11-27,134.36,138.96,133.59,137.34,743162.0
2019-11-28,135.6,138.18,135.2,136.0,522180.0
2019-11-29,135.99,136.88,135.01,136.34,450645.0
2019-12-02,136.59,137.98,133.24,134.27,626516.0
2019-12-03,133.0,135.96,129.0,135.5,747695.0
2019-12-04,134.25,136.99,134.15,135.49,525680.0
2019-12-05,135.74,143.0,135.74,141.39,1202614.0
2019-12-06,141.0,143.98,140.2,143.85,1021749.0
2019-12-09,144.2,149.97,144.2,148.76,1127388.0
2019-12-10,148.8,151.6,146.22,150.0,1017424.0
2019-12-11,150.02,151.99,148.31,148.9,676940.0
2019-12-12,148.1,149.99,146.4,147.32,746412.0
2019-12-13,148.99,152.42,148.02,152.3,1124742.0
2019-12-16,152.84,153.79,149.66,152.1,768687.0
2019-12-17,152.51,161.28,152.5,155.51,1372471.0
2019-12-18,158.0,158.41,154.5,155.4,971475.0
2019-12-19,155.4,155.4,150.11,151.48,1086136.0
2019-12-20,152.21,154.8,147.69,147.69,819200.0
2019-12-23,145.6,150.75,145.5,146.6,762277.0
2019-12-24,146.85,148.8,143.81,145.0,1155111.0
2019-12-25,145.29,147.28,144.5,145.4,953946.0
2019-12-26,145.11,145.6,143.01,144.1,657326.0
2019-12-27,144.69,146.3,142.07,142.22,1073871.0
2019-12-30,139.99,144.83,136.9,143.81,960876.0
2019-12-31,143.29,149.5,143.29,145.9,940426.0
2020-01-02,146.08,152.0,146.08,150.23,1072648.0
2020-01-03,149.56,161.63,148.35,160.64,2214631.0
2020-01-06,158.78,170.75,158.28,169.61,2374307.0
2020-01-07,168.33,174.91,168.1,169.89,1757270.0
2020-01-08,170.88,172.0,167.5,171.48,1450326.0
2020-01-09,172.49,179.0,170.96,176.8,1691187.0
2020-01-10,176.8,178.49,171.2,172.84,1017652.0
2020-01-13,172.97,182.6,171.0,179.8,1278112.0
2020-01-14,180.0,180.64,173.89,175.74,1478779.0
2020-01-15,176.1,180.29,172.56,179.0,1047726.0
2020-01-16,181.0,192.94,179.0,190.27,1513866.0
2020-01-17,191.0,193.0,185.38,186.57,977840.0
2020-01-20,185.91,193.0,183.0,190.0,963452.0
2020-01-21,188.86,193.49,186.5,188.82,815000.0
2020-01-22,186.5,194.0,186.0,191.3,962904.0
2020-01-23,187.97,191.0,172.2,179.31,2100018.0
2020-02-03,161.38,168.43,161.38,161.38,1565783.0
2020-02-04,163.46,177.52,163.46,177.52,1574059.0
2020-02-05,179.8,187.9,177.52,182.6,1336092.0
2020-02-06,183.99,200.86,180.2,200.86,1884906.0
2020-02-07,198.5,209.79,190.4,196.05,1854698.0
2020-02-10,196.05,215.66,192.14,215.66,1960994.0
2020-02-11,213.0,214.08,205.6,211.1,1360039.0
2020-02-12,211.11,217.02,208.98,214.6,762742.0
2020-02-13,213.0,232.5,209.0,223.62,1462814.0
2020-02-14,224.0,241.37,223.0,231.6,1140135.0
2020-02-17,234.7,247.5,229.0,247.48,978688.0
2020-02-18,247.2,256.02,240.79,243.51,1174173.0
2020-02-19,240.0,250.0,240.0,242.05,1063599.0
2020-02-20,241.5,248.0,230.06,244.28,1385619.0
2020-02-21,240.5,249.97,237.3,244.41,1227474.0
2020-02-24,251.41,268.85,251.0,268.0,1711790.0
2020-02-25,258.96,285.0,252.53,266.6,1772999.0
2020-02-26,260.0,262.1,239.94,241.13,1611893.0
2020-02-27,241.5,245.0,231.38,236.0,1549057.0
2020-02-28,221.99,236.0,221.1,224.79,1415864.0
2020-03-02,233.96,247.1,226.06,242.7,1442555.0
2020-03-03,251.86,262.9,242.8,244.1,1882565.0
2020-03-04,242.0,247.6,235.0,240.6,1099068.0
2020-03-05,248.02,258.79,218.05,226.38,2086002.0
2020-03-06,218.0,223.52,213.08,219.0,1636255.0
2020-03-09,215.0,220.0,208.34,208.78,1098719.0
2020-03-10,210.0,220.0,203.8,219.21,1439330.0
2020-03-11,221.0,223.99,209.5,209.9,1233974.0
2020-03-12,205.0,211.0,203.5,209.48,884728.0
2020-03-13,199.83,218.0,198.0,214.34,1443643.0
2020-03-16,214.49,215.0,193.01,198.94,1652978.0
2020-03-17,201.6,204.48,193.64,202.0,1033667.0
2020-03-18,203.9,207.89,189.0,190.75,1926885.0
2020-03-19,192.49,199.0,189.0,196.71,1505557.0
2020-03-20,200.1,201.68,190.88,194.11,1102303.0
2020-03-23,188.0,196.5,185.05,186.09,1133076.0
2020-03-24,192.5,192.5,179.0,187.79,1357655.0
2020-03-25,194.37,194.37,182.67,185.25,2060335.0
2020-03-26,182.46,187.19,178.69,179.94,1457120.0
2020-03-27,183.82,184.2,174.38,175.0,1460190.0
2020-03-30,171.72,172.01,162.01,165.28,1540418.0
2020-03-31,168.0,169.58,162.02,162.58,1450765.0
2020-04-01,163.0,169.55,162.68,162.81,1376616.0
2020-04-02,164.78,174.38,163.17,173.6,2055705.0
2020-04-03,174.06,174.09,168.5,172.76,1368088.0
2020-04-07,177.75,179.98,175.0,177.09,1487271.0
2020-04-08,176.0,178.6,172.5,173.97,1051117.0
2020-04-09,175.41,175.41,169.0,172.93,1135445.0
2020-04-10,172.6,172.6,160.28,162.45,1787139.0
2020-04-13,160.33,160.7,152.97,154.76,1428605.0
2020-04-14,156.89,162.01,154.97,160.74,1745904.0
2020-04-15,158.73,168.86,158.73,164.25,2110476.0
2020-04-16,162.03,170.99,161.22,170.0,1680205.0
2020-04-17,172.5,178.41,172.5,176.95,1755538.0
2020-04-20,177.5,178.66,173.35,177.43,879362.0
2020-04-21,176.1,178.5,172.1,177.0,971106.0
2020-04-22,175.0,176.88,173.68,176.0,652281.0
2020-04-23,176.98,177.85,171.18,172.85,1102296.0
2020-04-24,171.5,179.77,171.5,176.45,1215950.0
2020-04-27,176.46,194.1,171.5,188.44,2056425.0
2020-04-28,185.61,199.0,182.0,194.91,1980229.0
2020-04-29,190.2,197.5,190.2,195.5,1279097.0
2020-04-30,196.0,214.1,196.0,210.99,1503716.0
2020-05-06,209.44,216.24,209.0,213.72,1446300.0
2020-05-07,215.28,221.0,211.0,218.9,1361848.0
2020-05-08,224.99,240.79,224.97,240.79,1980435.0
2020-05-11,240.59,242.9,232.22,235.0,1602020.0
2020-05-12,233.0,238.0,231.21,238.0,1010244.0
2020-05-13,236.07,242.0,235.0,240.65,732731.0
2020-05-14,238.0,240.45,234.01,234.46,817546.0
2020-05-15,237.27,240.87,231.75,234.5,1043337.0
2020-05-18,232.3,236.0,218.81,219.31,2022943.0
2020-05-19,225.06,239.13,223.08,234.21,1618363.0
2020-05-20,236.9,237.62,220.0,221.77,1650626.0
2020-05-21,225.4,225.4,214.1,217.44,1218615.0
2020-05-22,218.0,221.8,212.39,217.0,1031245.0
2020-05-25,214.0,215.97,206.9,210.24,1578904.0
2020-05-26,214.7,225.25,213.5,222.73,1533128.0
2020-05-27,224.81,224.81,215.58,219.0,1231234.0
2020-05-28,218.47,226.5,216.19,226.49,1492472.0
2020-05-29,223.93,223.93,214.0,215.36,1959420.0
2020-06-01,217.91,225.75,213.46,223.2,1591395.0
2020-06-02,224.99,226.58,217.0,220.12,1050582.0
2020-06-03,220.5,225.71,215.67,218.07,1092353.0
2020-06-04,219.82,228.77,217.56,223.2,1112124.0
2020-06-05,224.5,239.88,223.5,238.66,1473328.0
2020-06-08,238.87,248.0,235.02,244.54,1487845.0
2020-06-09,243.56,247.88,242.17,246.0,1033848.0
2020-06-10,246.33,248.7,238.1,243.49,881759.0
2020-06-11,241.57,242.65,235.8,238.08,1254859.0
2020-06-12,231.01,238.08,230.46,235.53,1190141.0
2020-06-15,232.99,239.89,222.86,223.45,1479967.0
2020-06-16,228.46,234.48,219.65,221.75,1998009.0
2020-06-17,222.44,223.44,207.78,211.27,2370925.0
2020-06-18,211.63,214.71,208.76,212.63,1626062.0
2020-06-19,211.63,228.46,209.35,224.93,2635241.0
2020-06-22,225.46,231.96,223.65,227.68,1507059.0
2020-06-23,224.86,233.86,221.85,233.82,1918359.0
2020-06-24,232.29,238.25,230.03,236.87,1421272.0
2020-06-29,234.49,236.38,229.96,232.07,1025516.0
2020-06-30,232.81,252.51,232.81,250.11,1989596.0
2020-07-01,252.39,256.06,241.69,245.29,1628484.0
2020-07-02,248.89,248.89,241.82,242.12,1252353.0
2020-07-03,243.41,245.01,236.88,243.4,1204697.0
2020-07-06,247.69,264.66,245.15,261.76,2126173.0
2020-07-07,261.77,271.5,258.77,265.75,1756100.0
2020-07-08,264.54,270.43,259.73,265.02,1252273.0
2020-07-09,264.54,279.35,263.47,270.55,1587419.0
2020-07-10,267.06,282.39,263.64,276.03,1643105.0
2020-07-13,272.98,275.36,263.65,272.94,1845771.0
2020-07-14,269.67,278.13,259.86,264.27,1681751.0
2020-07-15,262.16,272.81,254.92,263.23,2012990.0
2020-07-16,248.3,251.91,236.91,236.91,5090316.0
2020-07-17,222.45,234.5,213.22,233.15,5364832.0
2020-07-20,228.38,242.24,227.39,239.53,3758268.0
2020-07-21,240.12,242.89,235.63,235.68,2188073.0
2020-07-22,234.24,246.49,233.27,241.84,2248325.0
2020-07-23,240.5,242.8,233.29,240.34,1536525.0
2020-07-24,240.34,240.34,222.98,228.46,1932102.0
2020-07-27,233.86,234.24,223.56,224.86,1584560.0
2020-07-28,227.26,237.7,227.26,233.76,1784264.0
2020-07-29,233.76,242.0,233.67,240.87,1866946.0
2020-07-30,243.25,244.7,237.59,237.59,2073329.0
2020-07-31,237.66,240.46,233.17,236.11,2169808.0
2020-08-03,239.26,243.74,238.08,240.49,2849759.0
2020-08-04,242.91,264.54,239.39,252.93,4304506.0
2020-08-05,251.31,266.94,251.17,262.49,3754828.0
2020-08-06,259.13,264.99,257.18,262.12,2361694.0
2020-08-07,260.22,265.05,248.91,257.43,2375837.0
2020-08-10,255.59,259.13,245.9,252.14,2124575.0
2020-08-11,252.51,258.28,247.84,248.3,1532832.0
2020-08-12,245.25,251.19,234.48,241.33,2045022.0
2020-08-13,242.56,244.1,238.71,240.49,923178.0
2020-08-14,242.77,249.87,240.5,248.68,1397825.0
2020-08-17,252.51,259.13,246.26,255.57,2823848.0
2020-08-18,256.37,256.48,250.75,254.68,1354596.0
2020-08-19,254.68,257.96,245.61,246.5,1447494.0
2020-08-20,246.5,248.02,237.72,239.51,1185534.0
2020-08-21,241.51,245.19,237.39,239.86,856967.0
2020-08-24,241.69,244.07,236.29,243.98,1047899.0
2020-08-25,249.03,260.92,249.03,252.27,3306624.0
2020-08-26,253.7,260.33,249.39,255.99,2434628.0
2020-08-27,256.12,260.2,252.66,257.92,1771369.0
2020-08-28,256.12,261.99,256.12,259.49,1745096.0
2020-08-31,261.17,262.13,250.79,250.79,1988417.0
2020-09-01,246.5,251.64,240.61,247.1,1424529.0
2020-09-02,251.19,271.81,251.19,271.81,4444838.0
2020-09-03,272.95,284.56,271.88,273.92,3569342.0
2020-09-04,271.27,278.82,264.54,274.33,2730498.0
2020-09-07,271.58,274.16,246.9,246.9,4954838.0
2020-09-08,241.69,246.49,228.52,234.56,3381835.0
2020-09-09,233.27,234.44,227.26,228.22,1618840.0
2020-09-10,231.83,233.86,223.04,226.07,1524818.0
2020-09-11,223.68,231.13,223.68,230.87,863923.0
2020-09-14,230.99,238.88,229.67,234.72,1223464.0
2020-09-15,234.48,234.72,229.07,233.23,776296.0
2020-09-16,234.87,235.68,231.74,233.71,550920.0
2020-09-17,232.88,237.37,228.48,233.57,930327.0
2020-09-18,233.03,238.54,232.79,237.7,1210267.0
2020-09-21,239.29,241.09,236.4,240.14,803782.0
2020-09-22,237.68,244.5,235.75,236.82,820780.0
2020-09-23,238.46,241.09,235.68,240.85,675197.0
2020-09-24,240.19,243.45,236.88,238.46,793463.0
2020-09-25,237.89,240.12,232.77,234.0,867788.0
2020-09-28,230.75,234.92,224.4,225.61,1460607.0
2020-09-29,227.21,234.42,225.92,230.81,1289963.0
2020-09-30,233.27,240.22,232.13,238.95,1158248.0
2020-10-09,245.15,245.9,240.49,242.33,1004757.0
2020-10-12,242.29,250.71,241.81,249.12,1351904.0
2020-10-13,249.68,252.95,245.32,249.1,992560.0
2020-10-14,246.62,252.51,245.43,246.86,1071392.0
2020-10-15,247.7,249.89,244.29,246.89,825225.0
2020-10-16,248.91,248.91,227.74,229.28,2828073.0
2020-10-19,230.7,231.45,219.28,224.36,2079486.0
2020-10-20,223.51,224.32,219.64,222.89,1068609.0
2020-10-21,223.65,224.26,219.21,220.65,879324.0
2020-10-22,219.46,221.44,217.46,219.78,746016.0
2020-10-23,220.05,221.24,215.93,216.07,871761.0
2020-10-26,215.24,215.24,208.26,211.83,1057897.0
2020-10-27,211.83,216.4,210.49,215.61,644495.0
2020-10-28,215.61,216.73,212.59,215.03,632435.0
2020-10-29,209.23,212.77,204.42,210.66,1409332.0
2020-10-30,217.64,226.84,217.04,220.11,2250135.0
2020-11-02,218.56,221.11,212.93,217.5,1450162.0
2020-11-03,218.97,224.6,217.58,221.75,1181371.0
2020-11-04,221.75,223.51,218.7,219.45,594780.0
2020-11-05,221.26,236.74,217.91,234.48,2233133.0
2020-11-06,233.51,237.6,230.87,236.88,1719397.0
2020-11-09,238.72,246.95,238.28,241.44,1555214.0
2020-11-10,240.49,240.49,229.69,231.29,1603679.0
2020-11-11,229.67,231.1,217.65,218.06,1668731.0
2020-11-12,221.26,222.28,216.68,217.93,1095140.0
2020-11-13,216.44,224.1,215.25,221.3,921859.0
2020-11-16,222.28,227.25,218.84,226.66,1181665.0
2020-11-17,226.01,227.26,221.35,225.22,958820.0
2020-11-18,223.67,227.25,222.45,222.63,693070.0
2020-11-19,222.63,226.54,218.24,225.21,637267.0
2020-11-20,223.97,229.07,223.97,225.88,640336.0
2020-11-23,228.8,229.65,226.18,228.89,793638.0
2020-11-24,228.49,231.4,224.38,225.76,703418.0
2020-11-25,225.64,225.92,218.4,220.38,1088737.0
2020-11-26,220.17,223.65,217.63,218.08,784244.0
2020-11-27,218.3,221.85,215.92,216.8,743428.0
2020-11-30,217.29,218.84,214.41,217.52,1022318.0
2020-12-01,216.45,225.66,215.84,225.53,1099000.0
2020-12-02,224.64,227.11,222.21,223.67,749583.0
2020-12-03,223.67,226.66,218.95,223.25,637737.0
2020-12-04,225.94,226.84,221.61,226.52,824052.0
2020-12-07,225.65,228.75,224.86,227.86,780996.0
2020-12-08,228.46,228.46,223.2,224.99,636755.0
2020-12-09,224.86,234.33,224.86,228.96,1885091.0
2020-12-10,229.41,234.31,228.6,233.61,1486287.0
2020-12-11,233.95,237.94,228.46,230.87,2001677.0
2020-12-14,230.82,238.73,230.14,238.17,1543497.0
2020-12-15,238.08,242.28,234.48,238.32,1275153.0
2020-12-16,238.88,239.2,233.14,236.67,1029989.0
2020-12-17,236.28,238.08,232.67,235.56,771151.0
2020-12-18,233.48,236.85,229.57,233.97,880340.0
2020-12-21,230.87,234.3,229.87,230.81,1038375.0
2020-12-22,228.46,230.87,210.43,215.24,3992028.0
2020-12-23,213.88,215.93,207.54,211.03,2137922.0
2020-12-24,209.47,215.17,209.47,211.82,1244282.0
2020-12-25,211.73,212.78,203.39,207.84,1460908.0
2020-12-28,205.71,215.68,204.56,210.94,1355579.0
2020-12-29,209.23,226.3,208.62,224.95,2274417.0
2020-12-30,223.41,225.58,217.7,222.04,1208337.0
2020-12-31,224.26,226.74,220.47,224.78,959974.0
2021-01-04,224.86,231.71,222.81,230.27,1435626.0
2021-01-05,229.02,231.99,227.41,230.46,1203183.0
2021-01-06,233.19,239.26,229.28,233.95,1319921.0
2021-01-07,232.06,235.7,226.55,230.09,1606715.0
2021-01-08,228.25,236.17,226.06,228.7,1715199.0
2021-01-11,229.79,238.6,229.79,235.44,2504930.0
2021-01-12,235.44,236.47,229.67,235.99,1289909.0
2021-01-13,235.34,236.28,227.86,233.66,1425609.0
2021-01-14,234.08,249.37,234.08,242.89,2699298.0
2021-01-15,240.5,244.32,230.33,238.6,1978156.0
2021-01-18,235.44,252.96,234.93,249.93,2202817.0
2021-01-19,250.71,254.92,245.98,247.7,1253017.0
2021-01-20,247.1,252.53,246.53,251.31,1157427.0
2021-01-21,251.31,257.5,247.1,248.91,1460816.0
2021-01-22,246.81,252.21,243.12,251.79,1326269.0
2021-01-25,246.49,253.72,237.93,244.57,2040854.0
2021-01-26,245.68,258.85,245.68,249.42,2616692.0
2021-01-27,251.31,265.6,247.7,264.57,3623965.0
2021-01-28,259.73,262.13,242.89,246.98,3118301.0
2021-01-29,248.91,257.2,246.5,256.9,2671195.0
2021-02-01,275.95,282.6,259.73,282.6,3938987.0
2021-02-02,291.35,310.86,290.99,310.86,3935365.0
2021-02-03,314.8,326.39,307.5,311.19,4259800.0
2021-02-04,310.23,317.2,298.84,305.61,2693754.0
2021-02-05,308.16,318.65,301.21,302.29,2639201.0
2021-02-08,303.02,325.83,303.02,321.17,2452507.0
2021-02-09,319.28,326.49,313.6,322.25,2015938.0
2021-02-10,322.39,324.41,312.66,318.43,1821530.0
2021-02-18,322.71,329.41,309.03,317.75,1896475.0
2021-02-19,314.9,324.65,303.03,305.12,2368783.0
2021-02-22,303.83,309.34,286.28,287.73,3365390.0
2021-02-23,286.77,307.24,286.04,301.84,2855289.0
2021-02-24,302.1,308.14,293.42,296.64,1978795.0
2021-02-25,298.21,301.81,293.4,298.41,1949056.0
2021-02-26,289.19,311.67,283.32,303.02,2412327.0
2021-03-01,304.22,318.17,296.41,300.6,1807951.0
2021-03-02,298.53,317.6,298.04,317.6,2477980.0
2021-03-03,312.64,316.23,305.43,312.36,2484579.0
2021-03-04,312.64,324.07,283.55,287.38,3447223.0
2021-03-05,279.05,298.33,279.05,295.8,1712221.0
2021-03-08,290.51,307.43,286.9,287.99,1728635.0
2021-03-09,288.84,296.23,271.75,279.58,2403642.0
2021-03-10,284.38,287.38,272.17,274.11,1889765.0
2021-03-11,278.22,279.94,271.97,279.93,1012057.0
2021-03-12,279.92,286.05,273.01,281.97,1260751.0
2021-03-15,276.74,276.74,253.78,253.78,2296332.0
2021-03-16,250.23,256.94,243.49,254.92,2869556.0
2021-03-17,258.18,266.32,254.32,262.73,1208993.0
2021-03-18,262.25,266.44,256.1,264.02,913940.0
2021-03-19,266.02,268.91,259.27,262.47,902099.0
2021-03-22,263.7,269.94,261.63,265.48,986897.0
2021-03-23,268.34,268.34,253.75,257.21,1205353.0
2021-03-24,258.5,261.39,250.13,251.25,1016910.0
2021-03-25,249.72,256.88,247.82,254.5,666255.0
2021-03-26,254.32,257.64,249.51,255.88,1215580.0
2021-03-29,253.91,260.93,253.91,256.48,954703.0
2021-03-30,254.92,260.91,254.24,258.56,768672.0
2021-03-31,257.92,259.57,251.31,251.74,1225136.0
2021-04-01,262.85,276.92,261.27,263.94,2038593.0
2021-04-02,264.25,277.88,264.19,277.16,1861079.0
2021-04-06,276.56,282.51,271.87,280.84,1010277.0
2021-04-07,281.77,282.29,272.44,275.36,651421.0
2021-04-08,274.75,280.15,274.36,276.72,581335.0
2021-04-09,276.49,279.69,271.75,272.83,536340.0
2021-04-12,271.15,276.5,264.54,268.51,928187.0
2021-04-13,268.51,271.18,264.54,265.85,568889.0
2021-04-14,265.09,270.55,265.09,268.16,460974.0
2021-04-15,268.15,268.15,261.05,265.66,642068.0
2021-04-16,264.54,266.38,259.49,261.95,554356.0
2021-04-19,265.14,281.62,261.53,278.73,1470562.0
2021-04-20,250.85,250.85,250.85,250.85,651300.0
2021-04-21,230.8,235.69,225.77,225.77,5880133.0
2021-04-22,223.65,223.65,214.95,215.96,6238872.0
2021-04-23,216.13,229.52,214.19,224.38,3827086.0
2021-04-26,224.36,232.67,222.45,226.06,2626246.0
2021-04-27,226.07,231.23,224.47,227.26,1299646.0
2021-04-28,229.04,230.29,226.18,228.46,1474080.0
2021-04-29,221.97,224.71,216.25,216.44,4294191.0
2021-04-30,216.44,221.23,214.35,217.07,1912754.0
2021-05-06,215.24,219.89,214.71,217.05,1156385.0
2021-05-07,217.05,221.87,211.75,214.62,1423494.0
2021-05-10,214.61,214.61,201.77,202.61,1749683.0
2021-05-11,200.94,205.61,200.4,201.14,1054717.0
2021-05-12,201.16,201.99,195.31,197.19,2009830.0
2021-05-13,194.41,197.78,192.49,196.13,1091031.0
2021-05-14,197.5,197.67,194.92,197.09,1091440.0
2021-05-17,197.14,199.11,191.43,198.7,3014108.0
2021-05-18,198.38,198.38,191.85,194.11,2325523.0
2021-05-19,193.81,197.19,193.59,195.61,1004729.0
2021-05-20,196.53,197.57,193.06,195.04,1047137.0
2021-05-21,195.05,195.51,187.59,189.51,1912088.0
2021-05-24,189.38,194.76,188.78,194.33,1418297.0
2021-05-25,194.51,197.92,192.55,197.13,1380822.0
2021-05-26,198.4,204.01,196.02,201.05,2057858.0
2021-05-27,201.84,214.52,200.27,206.16,2445441.0
2021-05-28,206.23,211.73,203.83,209.83,1865253.0
2021-05-31,209.71,218.58,207.45,217.58,1813628.0
2021-06-01,217.64,229.59,217.64,228.78,3013141.0
2021-06-02,229.64,241.69,229.05,239.98,3507661.0
2021-06-03,239.89,244.4,234.5,238.5,2350084.0
2021-06-04,238.08,240.46,233.51,237.47,1622130.0
2021-06-07,237.47,248.79,236.28,246.14,2021145.0
2021-06-08,250.11,252.39,244.7,246.59,1551647.0
2021-06-09,249.12,250.1,239.5,246.5,1292033.0
2021-06-10,246.54,251.32,243.13,248.91,1521579.0
2021-06-11,258.56,258.89,249.5,253.17,1802681.0
2021-06-15,249.94,254.64,243.93,253.08,3023145.0
2021-06-16,253.08,256.21,241.32,245.23,2624143.0
2021-06-17,245.05,250.48,238.19,248.81,2070343.0
2021-06-18,252.0,255.43,246.02,251.18,1966398.0
2021-06-21,251.98,263.28,245.26,260.69,2997446.0
2021-06-22,260.91,261.51,254.64,257.01,1944362.0
2021-06-23,257.78,262.17,253.37,255.9,1327365.0
2021-06-24,255.88,257.79,249.28,256.37,1459719.0
2021-06-25,254.19,255.32,251.23,253.23,1187315.0
2021-06-28,252.53,256.21,250.71,253.7,1052678.0
2021-06-29,253.55,255.9,247.59,247.98,1535255.0
2021-06-30,247.59,272.6,247.28,267.35,3496270.0
2021-07-01,267.35,271.11,258.56,259.36,1360447.0
2021-07-02,257.54,257.54,245.26,253.23,1847100.0
2021-07-05,253.23,257.46,249.19,252.7,1169482.0
2021-07-06,254.33,254.38,241.48,251.82,2946442.0
2021-07-07,248.94,256.77,246.9,252.18,1750078.0
2021-07-08,252.15,256.29,249.16,249.32,1540041.0
2021-07-09,247.73,248.66,240.05,246.42,1499427.0
2021-07-12,248.67,264.03,246.93,263.25,3224244.0
2021-07-13,261.7,278.87,261.7,273.65,3015485.0
2021-07-14,273.7,276.57,267.04,267.52,1392166.0
2021-07-15,270.28,282.46,265.0,282.07,2502611.0
2021-07-16,282.19,285.39,267.43,282.07,3305259.0
2021-07-19,276.57,279.75,266.73,266.76,1919104.0
2021-07-20,266.38,274.23,258.61,261.85,2881156.0
2021-07-21,263.06,263.06,250.76,251.4,3125398.0
2021-07-22,251.68,252.2,226.59,229.23,4567577.0
2021-07-23,229.23,230.79,219.39,224.79,2939523.0
2021-07-26,224.09,224.09,206.85,209.5,3371319.0
2021-07-27,209.0,215.8,206.38,207.29,2880145.0
2021-07-28,205.27,209.03,196.05,198.2,3875146.0
2021-07-29,202.9,218.02,202.87,218.02,3390262.0
2021-07-30,216.25,229.21,213.13,227.78,3423561.0
2021-08-02,230.12,231.14,219.4,223.49,2586536.0
2021-08-03,223.43,228.79,220.33,224.87,1852621.0
2021-08-04,241.32,245.24,230.67,237.22,4444293.0
2021-08-05,231.15,237.22,228.35,232.0,2193927.0
2021-08-06,236.43,248.92,236.09,243.99,3307007.0
2021-08-09,242.89,248.96,235.62,245.87,2265801.0
2021-08-10,237.91,248.81,237.91,246.7,1931886.0
2021-08-11,246.51,251.76,241.34,244.54,2059426.0
2021-08-12,242.15,255.58,241.93,254.74,3081141.0
2021-08-13,253.44,253.44,247.67,247.69,1529572.0
2021-08-16,246.64,256.98,243.09,248.69,1448067.0
2021-08-17,247.11,253.39,240.24,245.48,2224462.0
2021-08-18,249.16,254.64,244.47,253.01,1947081.0
2021-08-19,253.0,255.33,249.16,250.93,1071555.0
2021-08-20,251.35,253.08,241.86,249.39,1337856.0
2021-08-23,251.29,259.92,247.62,258.56,1920739.0
2021-08-24,266.16,268.48,254.64,260.79,2489827.0
2021-08-25,260.79,273.28,256.07,268.57,1846070.0
2021-08-26,269.12,270.91,252.45,255.3,2185893.0
2021-08-27,257.9,274.18,255.47,267.65,3069973.0
2021-08-30,267.73,272.35,260.29,263.07,1683192.0
2021-08-31,264.03,264.52,248.34,255.99,1817086.0
2021-09-01,256.04,260.05,247.98,250.73,1567678.0
2021-09-02,249.94,256.34,248.92,251.71,997728.0
2021-09-03,250.41,254.47,242.11,246.2,1570409.0
2021-09-06,245.04,253.0,239.77,242.0,2186893.0
2021-09-07,241.59,252.23,238.57,250.55,2321147.0
2021-09-08,252.45,252.45,244.93,246.01,1490256.0
2021-09-09,250.73,270.61,247.59,270.61,5891862.0
2021-09-10,270.6,270.6,257.09,258.87,4033779.0
2021-09-13,256.99,260.11,246.97,248.08,2479369.0
2021-09-14,249.14,253.06,244.46,248.5,1494700.0
2021-09-15,246.5,248.14,235.06,238.97,2196378.0
2021-09-16,237.42,239.49,230.75,233.72,1964910.0
2021-09-17,231.92,236.0,230.39,235.06,1148008.0
2021-09-22,232.72,246.97,231.31,246.02,1754331.0
2021-09-23,244.82,247.59,241.18,243.8,831101.0
2021-09-24,240.59,245.87,233.52,240.07,1213914.0
2021-09-27,241.5,247.84,235.09,239.91,786437.0
2021-09-28,239.91,252.2,235.13,250.73,1857636.0
2021-09-29,249.14,255.76,244.46,251.85,1587214.0
2021-09-30,251.81,263.45,251.67,254.31,1271390.0
2021-10-08,254.3,263.2,251.98,259.03,967546.0
2021-10-11,257.59,261.15,251.65,253.15,934689.0
2021-10-12,251.51,257.68,248.64,249.24,928514.0
2021-10-13,248.44,252.83,245.59,248.08,919538.0
2021-10-14,247.22,251.04,244.61,248.09,756680.0
2021-10-15,250.35,266.71,244.69,262.21,2205064.0
2021-10-18,262.21,267.43,257.93,264.03,1164367.0
2021-10-19,262.51,268.87,259.34,267.96,1173654.0
2021-10-20,267.96,271.1,262.95,264.5,773216.0
2021-10-21,262.48,265.05,257.78,260.99,955175.0
2021-10-22,258.56,273.87,257.97,268.28,1614831.0
2021-10-25,268.83,278.31,268.83,276.38,2060452.0
2021-10-26,282.07,283.63,268.48,276.05,2457976.0
2021-10-27,277.37,283.3,273.84,276.16,1982353.0
2021-10-28,278.95,291.92,271.52,276.22,2396450.0
2021-10-29,278.82,287.39,276.58,281.71,2164808.0
2021-11-01,282.58,299.6,278.93,293.05,2845928.0
2021-11-02,292.5,297.27,287.55,292.93,2083927.0
2021-11-03,292.93,295.86,282.65,292.93,1611443.0
2021-11-04,290.23,293.82,287.1,291.0,1105286.0
2021-11-05,293.04,300.24,291.22,292.49,1440894.0
2021-11-08,293.04,294.57,285.98,288.49,1246252.0
2021-11-09,289.23,293.37,280.5,291.47,1400876.0
2021-11-10,289.89,294.99,282.07,287.88,1135616.0
2021-11-11,288.33,293.82,285.4,288.84,1234844.0
2021-11-12,289.89,292.72,285.2,288.81,1198340.0
2021-11-15,287.79,296.12,282.43,285.72,1244290.0
2021-11-16,284.4,287.71,278.93,282.36,1109819.0
2021-11-17,280.81,286.75,276.74,284.84,1208204.0
2021-11-18,284.86,295.26,280.23,290.01,1338302.0
2021-11-19,291.16,294.26,284.42,291.16,1380054.0
2021-11-22,293.08,312.62,292.69,308.14,3296500.0
2021-11-23,307.14,307.89,298.16,299.37,1829796.0
2021-11-24,301.18,302.11,289.9,290.69,1564368.0
2021-11-25,290.61,300.39,289.9,295.31,1769333.0
2021-11-26,291.94,298.52,285.19,289.9,1711149.0
2021-11-29,284.18,288.65,281.49,285.95,1371642.0
2021-11-30,287.88,303.19,287.88,302.16,2796101.0
2021-12-01,301.33,313.38,301.33,309.62,2991550.0
2021-12-02,309.04,311.15,300.1,308.68,1606437.0
2021-12-03,305.79,317.51,305.79,314.5,1506873.0
2021-12-06,314.82,319.68,291.53,298.52,2627776.0
2021-12-07,299.3,301.65,290.56,294.23,1170597.0
2021-12-08,297.58,309.91,294.15,308.71,1872812.0
2021-12-09,308.71,311.35,297.27,299.59,1979059.0
2021-12-10,297.99,302.44,292.75,294.26,1384630.0
2021-12-13,294.26,300.09,292.25,299.59,1277972.0
2021-12-14,297.74,313.52,297.74,313.38,2025569.0
2021-12-15,310.96,318.41,309.22,311.84,1120233.0
2021-12-16,312.11,317.8,307.5,311.86,1007000.0
2021-12-17,310.29,313.25,299.3,300.04,1208436.0
2021-12-20,300.07,304.88,298.77,300.24,991355.0
2021-12-21,300.48,307.14,296.0,305.57,1220478.0
2021-12-22,301.22,313.02,300.9,312.09,1092572.0
2021-12-23,313.03,317.22,307.16,316.54,1152126.0
2021-12-24,314.88,320.44,306.34,311.84,875331.0
2021-12-27,310.27,314.38,305.57,307.14,837491.0
2021-12-28,308.69,316.23,306.36,315.55,1146581.0
2021-12-29,315.29,324.66,310.57,324.36,1923702.0
2021-12-30,322.81,323.84,311.53,321.87,1524464.0
2021-12-31,319.64,322.62,316.54,319.52,775273.0
2022-01-04,319.49,324.38,311.06,315.49,1025084.0
2022-01-05,316.54,317.75,296.56,299.23,2022329.0
2022-01-06,297.42,299.3,279.75,289.82,1952474.0
2022-01-07,289.9,294.6,280.72,283.26,1328495.0
2022-01-10,282.07,288.46,275.27,284.89,1189522.0
2022-01-11,284.89,289.53,278.13,280.45,1199155.0
2022-01-12,282.52,289.9,280.5,287.35,1042765.0
2022-01-13,287.55,290.47,280.64,284.26,936266.0
2022-01-14,285.2,288.26,280.19,282.82,938918.0
2022-01-17,285.15,304.01,285.01,301.64,1505073.0
2022-01-18,303.86,313.34,300.87,308.63,1138818.0
2022-01-19,304.82,314.97,304.01,309.63,1227971.0
2022-01-20,306.98,309.49,300.09,301.0,978908.0
2022-01-21,299.3,302.12,295.26,296.48,567514.0
2022-01-24,300.2,309.69,294.93,308.39,721771.0
2022-01-25,307.42,310.27,297.78,298.22,607517.0
2022-01-26,294.89,305.07,290.84,300.9,708660.0
2022-01-27,301.42,304.6,294.99,295.59,622929.0
2022-01-28,294.62,303.54,286.06,294.29,798908.0
2022-02-07,297.31,297.74,285.83,288.33,1046341.0
2022-02-08,293.04,293.04,272.66,276.58,1454614.0
2022-02-09,274.23,277.93,263.26,274.33,1434408.0
2022-02-10,274.34,281.89,268.86,270.05,1345445.0
2022-02-11,271.68,271.68,258.66,260.36,1429544.0
2022-02-14,259.36,267.18,254.35,263.87,1089234.0
2022-02-15,264.41,273.76,261.84,272.84,870735.0
2022-02-16,273.71,276.58,269.3,270.14,445880.0
2022-02-17,270.42,281.74,266.41,278.09,867386.0
2022-02-18,277.52,280.89,273.51,275.36,813332.0
2022-02-21,276.19,278.74,266.74,269.22,664358.0
2022-02-22,266.49,268.01,260.3,266.68,560309.0
2022-02-23,265.53,281.44,265.53,280.03,950696.0
2022-02-24,277.76,278.93,271.1,275.34,691133.0
2022-02-25,276.05,288.65,274.78,287.27,1031967.0
2022-02-28,285.92,295.98,283.63,295.23,1249631.0
2022-03-01,295.23,296.08,290.84,291.33,759660.0
2022-03-02,291.33,298.02,285.25,296.78,1017021.0
2022-03-03,297.42,298.83,291.33,294.71,788788.0
2022-03-04,293.04,294.15,278.49,279.95,1143124.0
2022-03-07,279.94,280.06,264.83,269.94,1022384.0
2022-03-08,270.31,288.02,270.31,277.4,1602502.0
2022-03-09,281.17,288.96,269.53,278.45,1818990.0
2022-03-10,283.95,285.09,269.69,271.32,1877658.0
2022-03-11,269.04,281.99,267.01,275.66,1799599.0
2022-03-14,272.01,274.64,265.13,267.16,818679.0
2022-03-15,267.63,271.1,261.35,262.64,1027006.0
2022-03-16,266.22,271.54,255.43,268.56,1187779.0
2022-03-17,271.1,283.68,269.55,276.79,1429780.0
2022-03-18,284.45,289.87,281.99,286.22,1314144.0
2022-03-21,287.54,297.3,285.23,294.07,1313383.0
2022-03-22,293.9,299.55,286.24,288.79,703585.0
2022-03-23,288.99,298.21,287.21,296.12,1091121.0
2022-03-24,293.27,298.36,283.81,293.73,1035885.0
2022-03-25,292.05,293.6,283.48,283.81,637418.0
2022-03-28,285.2,285.2,275.89,281.93,552954.0
2022-03-29,282.07,285.19,269.23,274.78,1077896.0
2022-03-30,277.37,283.59,275.33,283.2,770309.0
2022-03-31,279.34,283.63,275.96,280.59,536672.0
2022-04-01,277.46,282.46,274.33,276.97,526222.0
2022-04-06,275.17,276.91,264.37,269.17,1015991.0
2022-04-07,268.37,272.95,262.71,265.17,777694.0
2022-04-08,264.64,264.83,256.24,260.5,1088456.0
2022-04-11,258.26,258.26,241.65,247.09,1197713.0
2022-04-12,242.7,246.78,236.47,244.13,926891.0
2022-04-13,243.22,245.46,239.29,242.11,537244.0
2022-04-14,242.03,242.86,223.77,224.87,1751779.0
2022-04-15,223.63,229.49,221.27,227.3,936907.0
2022-04-18,230.01,233.47,221.66,231.92,1217101.0
2022-04-19,232.67,232.67,222.17,227.3,1296055.0
2022-04-20,228.74,233.22,224.87,229.04,926817.0
2022-04-21,227.5,236.25,222.68,224.27,730731.0
2022-04-22,224.09,224.27,215.5,218.81,943516.0
2022-04-25,213.46,215.61,204.0,204.5,940495.0
2022-04-26,204.81,207.77,197.45,198.68,772309.0
2022-04-27,197.48,216.08,196.08,214.68,1038809.0
2022-04-28,213.04,226.8,211.63,223.18,844377.0
2022-04-29,231.92,240.54,231.92,233.1,1672653.0
2022-05-05,235.04,243.36,231.97,236.69,931217.0
2022-05-06,232.99,238.03,229.77,236.48,1116464.0
2022-05-09,237.42,237.42,228.65,229.34,1215103.0
2022-05-10,225.65,242.08,222.55,235.84,1705593.0
2022-05-11,237.11,244.46,235.82,239.11,1609034.0
2022-05-12,236.47,245.4,235.38,242.91,922629.0
2022-05-13,243.39,245.54,237.88,241.86,777694.0
2022-05-16,242.23,243.75,239.44,240.65,511203.0
2022-05-17,239.76,245.24,235.24,243.17,831222.0
2022-05-18,243.02,243.02,237.48,238.19,797113.0
2022-05-19,235.1,240.54,234.26,239.18,714418.0
2022-05-20,241.53,243.2,234.05,239.27,1033680.0
2022-05-23,243.53,244.14,239.3,240.89,1171234.0
2022-05-24,239.98,252.09,239.27,246.02,1852439.0
2022-05-25,248.11,250.73,243.13,243.71,1057887.0
2022-05-26,244.61,248.38,240.07,246.04,886324.0
2022-05-27,248.63,250.73,245.24,246.81,731351.0
2022-05-30,246.02,250.32,242.88,249.39,625735.0
2022-05-31,253.23,270.03,247.44,269.66,1605462.0
2022-06-01,266.96,275.61,264.83,273.81,1047005.0
2022-06-02,269.89,279.06,267.96,278.62,943906.0
2022-06-06,277.84,285.55,277.84,283.63,2096683.0
2022-06-07,285.06,285.56,279.53,284.4,961267.0
2022-06-08,284.42,286.58,278.74,283.63,882676.0
2022-06-09,284.57,284.57,270.31,272.19,1405149.0
2022-06-10,272.13,279.36,269.98,278.62,1101068.0
2022-06-13,277.37,289.82,274.86,287.66,1031068.0
2022-06-14,288.37,288.37,278.95,286.2,891849.0
2022-06-15,285.19,287.55,279.87,281.75,656681.0
2022-06-16,281.28,284.73,274.22,277.84,862870.0
2022-06-17,277.9,283.01,272.66,281.88,1063446.0
2022-06-20,281.13,285.14,279.09,280.58,804806.0
2022-06-21,281.28,281.3,273.18,276.43,733370.0
2022-06-22,281.2,281.72,271.11,273.15,1017243.0
2022-06-23,275.42,279.87,269.66,274.14,1534313.0
2022-06-24,279.62,281.6,274.23,275.8,1386602.0
2022-06-27,278.93,296.17,278.93,292.19,2251006.0
2022-06-28,294.9,294.9,282.07,283.48,1862682.0
2022-06-29,285.69,285.97,273.13,273.6,1330535.0
2022-06-30,275.8,286.17,265.75,273.44,2385515.0
2022-07-01,272.09,272.09,257.98,260.96,3202078.0
2022-07-04,260.64,276.94,260.39,276.12,3134120.0
2022-07-05,271.4,285.39,271.07,278.48,2175979.0
2022-07-06,276.45,280.85,270.07,274.55,1480445.0
2022-07-07,275.86,283.35,271.03,280.07,1417065.0
2022-07-08,285.09,285.09,267.76,270.66,1919775.0
2022-07-11,271.4,271.4,255.73,263.19,1803253.0
2022-07-12,263.07,263.11,252.45,253.93,1504930.0
2022-07-13,253.27,260.35,251.0,253.68,3084168.0
2022-07-14,262.54,278.85,261.86,277.72,3250500.0
2022-07-15,277.82,305.5,277.82,305.2,6581909.0
2022-07-18,301.14,305.63,294.62,299.61,4379216.0
2022-07-19,300.65,314.03,300.65,306.85,2760943.0
2022-07-20,307.12,310.96,302.35,306.89,1594719.0
2022-07-21,307.45,316.02,302.8,311.58,2066765.0
2022-07-22,310.88,315.94,309.7,313.01,1435799.0
2022-07-25,313.62,313.62,302.99,303.68,1353748.0
2022-07-26,304.77,319.31,300.78,318.1,1825015.0
2022-07-27,318.1,318.1,307.3,309.94,1293170.0
2022-07-28,310.96,322.58,310.74,313.95,1527360.0
2022-07-29,313.22,327.09,310.96,320.99,2189648.0
2022-08-01,321.26,322.24,313.13,320.29,1161272.0
2022-08-02,311.52,337.56,310.96,334.49,3270929.0
2022-08-03,335.15,337.52,328.35,330.97,2005784.0
2022-08-04,331.46,334.47,324.84,328.58,1286996.0
2022-08-05,327.64,337.97,325.31,337.01,1614432.0
2022-08-08,337.36,339.77,328.35,335.15,1390132.0
2022-08-09,333.47,333.49,325.31,329.95,1876955.0
2022-08-10,329.36,335.21,327.58,330.87,1039530.0
2022-08-11,332.1,333.43,321.21,327.37,1266509.0
2022-08-12,327.33,327.33,314.05,319.05,1290792.0
2022-08-15,317.72,328.93,315.77,324.26,1465838.0
2022-08-16,325.29,335.41,321.34,326.8,913079.0
2022-08-17,327.97,330.03,321.44,326.59,657561.0
2022-08-18,327.31,337.56,324.28,335.72,1232509.0
2022-08-19,335.72,338.34,324.2,324.3,899672.0
2022-08-22,326.57,332.45,319.86,331.61,973145.0
2022-08-23,331.42,335.43,325.9,328.25,948671.0
2022-08-24,333.47,342.14,324.75,328.33,2000391.0
2022-08-25,327.68,345.95,315.96,324.26,2965679.0
2022-08-26,322.65,331.81,312.56,312.7,2119567.0
2022-08-29,306.05,324.26,305.85,313.11,1376162.0
2022-08-30,315.06,315.96,306.91,311.21,1066306.0
2022-08-31,308.82,317.0,299.98,302.07,1233787.0
2022-09-01,299.04,306.87,297.16,304.11,1428418.0
2022-09-02,306.16,318.25,301.76,312.25,1467428.0
2022-09-05,308.94,312.25,287.62,290.32,2706150.0
2022-09-06,293.27,293.78,279.75,288.46,2875092.0
2022-09-07,286.41,296.36,284.37,291.92,1541802.0
2022-09-08,295.62,295.83,284.47,290.69,1550489.0
2022-09-09,287.11,290.67,281.5,288.42,1458920.0
2022-09-13,291.02,295.78,284.57,292.29,1704580.0
2022-09-14,284.78,290.4,282.65,285.49,1321807.0
2022-09-15,287.77,289.79,270.99,273.24,1948818.0
2022-09-16,272.03,276.7,268.21,268.74,1610918.0
2022-09-19,269.62,275.27,263.56,269.19,2119455.0
2022-09-20,270.05,275.12,263.91,265.75,1937385.0
2022-09-21,265.75,268.62,257.94,258.47,1667488.0
2022-09-22,257.77,262.34,251.64,254.46,2885847.0
2022-09-23,254.99,256.34,241.41,248.65,2944739.0
2022-09-26,247.01,253.6,244.97,249.57,1987082.0
2022-09-27,252.92,253.17,245.09,250.61,1802123.0
2022-09-28,250.35,250.59,238.09,239.71,2553556.0
2022-09-29,244.54,245.13,240.63,241.59,1743989.0
2022-09-30,243.1,243.23,233.06,233.41,1207401.0
2022-10-10,234.86,238.34,222.99,225.49,2193574.0
2022-10-11,226.92,231.18,224.02,225.47,1930195.0
2022-10-12,227.05,227.05,215.4,226.02,2752721.0
2022-10-13,225.45,233.22,223.16,227.31,2660468.0
2022-10-14,229.11,233.04,223.2,230.58,2154877.0
2022-10-17,230.5,236.54,226.55,233.1,2381123.0
2022-10-18,236.58,241.18,228.52,230.32,2764314.0
2022-10-19,230.34,232.57,228.03,228.03,1600427.0
2022-10-20,225.04,232.41,222.44,231.18,1967359.0
2022-10-21,232.2,232.2,221.81,226.51,1608648.0
2022-10-24,230.87,232.2,220.48,223.53,2277466.0
2022-10-25,221.93,228.7,218.9,220.87,1957764.0
2022-10-26,222.99,230.52,220.29,224.41,2375485.0
2022-10-27,227.8,231.18,216.96,216.96,2573358.0
2022-10-28,216.65,221.77,210.02,210.74,2203228.0
2022-10-31,211.03,220.17,207.88,210.51,4397926.0
2022-11-01,209.84,212.7,203.76,207.08,3692461.0
2022-11-02,209.12,219.97,206.38,219.97,4107554.0
2022-11-03,216.86,222.65,212.81,214.79,5429684.0
2022-11-04,215.69,228.48,210.6,226.29,5778524.0
2022-11-07,224.92,229.01,221.38,224.92,4247851.0
2022-11-08,223.34,224.04,213.17,214.2,4384874.0
2022-11-09,213.67,215.3,210.72,211.56,2185948.0
2022-11-10,208.88,211.5,201.06,203.07,4099070.0
2022-11-11,209.41,215.55,206.69,209.12,5069026.0
2022-11-14,209.72,210.09,204.99,205.73,2463165.0
2022-11-15,206.12,226.31,204.79,226.31,5951774.0
2022-11-16,227.09,238.89,226.37,231.89,6512465.0
2022-11-17,229.91,239.32,229.36,237.32,5391368.0
2022-11-18,236.64,242.41,233.22,237.58,4739319.0
2022-11-21,235.0,235.78,228.95,231.89,3051845.0
2022-11-22,231.91,237.21,228.01,230.28,3733295.0
2022-11-23,229.13,230.46,221.56,227.09,2566498.0
2022-11-24,227.54,230.36,220.74,221.26,2391470.0
2022-11-25,221.34,221.95,213.07,213.95,2997500.0
2022-11-28,209.7,212.54,206.77,209.76,3225984.0
2022-11-29,209.76,212.72,208.71,210.39,2958382.0
2022-11-30,210.33,212.52,208.67,212.36,2477628.0
2022-12-01,215.22,222.59,214.61,215.81,3695654.0
2022-12-02,213.97,220.5,213.81,217.65,2230264.0
2022-12-05,219.39,221.15,214.14,219.13,2306541.0
2022-12-06,218.88,223.44,215.63,220.33,2238135.0
2022-12-07,218.9,222.18,216.67,216.86,1822254.0
2022-12-08,216.28,216.88,212.79,214.24,1647441.0
2022-12-09,214.18,214.26,210.72,211.82,1816547.0
2022-12-12,211.76,219.52,211.76,217.23,2539348.0
2022-12-13,218.29,218.31,209.76,210.68,2403132.0
2022-12-14,212.15,214.97,207.86,208.84,1769258.0
2022-12-15,209.25,217.39,206.85,215.67,2559538.0
2022-12-16,213.26,214.81,209.51,210.66,1901009.0
2022-12-19,208.9,211.87,203.89,204.64,2189785.0
2022-12-20,204.17,211.09,204.03,209.49,1999881.0
2022-12-21,208.61,211.13,205.67,209.47,1301855.0
2022-12-22,209.51,210.94,204.34,204.62,1666777.0
2022-12-23,204.54,204.54,201.08,202.92,1100662.0
2022-12-26,203.15,207.61,202.95,205.46,1134335.0
2022-12-27,206.63,214.73,206.63,212.97,2425597.0
2022-12-28,212.15,215.42,207.14,210.78,1906967.0
2022-12-29,210.06,212.15,207.49,209.29,1255262.0
2022-12-30,210.72,211.95,204.6,206.26,2044360.0
2023-01-03,205.05,220.95,203.56,219.52,3833042.0
2023-01-04,221.97,222.59,216.04,217.94,2108815.0
2023-01-05,216.86,219.88,216.16,217.45,1933303.0
2023-01-06,217.45,225.04,215.42,220.13,2619090.0
2023-01-09,221.97,221.97,216.16,217.88,1816893.0
2023-01-10,217.47,233.02,216.55,231.2,4041229.0
2023-01-11,232.57,233.73,227.43,229.73,2905300.0
2023-01-12,229.7,233.18,228.46,230.87,1368749.0
2023-01-13,231.18,232.81,222.99,224.9,2064668.0
2023-01-16,225.86,231.87,224.28,226.92,2255404.0
2023-01-17,229.13,240.2,227.7,238.36,2948889.0
2023-01-18,239.16,239.16,233.08,234.86,1440681.0
2023-01-19,234.51,240.79,232.94,239.28,1636893.0
2023-01-20,237.42,243.19,237.32,239.3,1555993.0
2023-01-30,245.5,245.5,235.88,236.68,2125891.0
2023-01-31,233.22,236.09,227.62,227.84,3097486.0
2023-02-01,228.97,235.84,228.01,234.59,2246955.0
2023-02-02,235.84,240.36,234.98,237.54,1718981.0
2023-02-03,238.24,242.02,234.61,238.36,2248426.0
2023-02-06,237.32,237.32,232.98,235.62,1240705.0
2023-02-07,235.23,243.76,234.1,242.76,2376830.0
2023-02-08,242.37,248.57,241.45,244.39,1989777.0
2023-02-09,243.8,255.71,240.55,253.68,2658484.0
2023-02-10,252.37,260.02,249.75,251.62,3228964.0
2023-02-13,251.86,257.02,247.63,254.91,2530791.0
2023-02-14,253.78,259.61,253.78,255.63,1365484.0
2023-02-15,254.75,262.81,253.37,260.94,2301271.0
2023-02-16,259.82,265.34,253.11,257.18,2655861.0
2023-02-17,256.75,257.73,247.4,247.75,1942490.0
2023-02-20,249.79,251.55,242.43,251.51,2124543.0
2023-02-21,251.57,255.48,248.59,252.07,1398833.0
2023-02-22,251.64,251.64,242.23,244.56,2287037.0
2023-02-23,243.76,245.5,240.49,241.59,2028660.0
2023-02-24,241.43,243.19,236.39,237.09,1591914.0
2023-02-27,235.62,237.44,232.83,234.19,1728630.0
2023-02-28,236.25,243.19,234.25,236.95,2272427.0
2023-03-01,237.29,250.2,236.31,248.73,3957765.0
2023-03-02,249.57,258.43,248.77,250.41,3174607.0
2023-03-03,248.57,251.21,242.25,246.46,2670526.0
2023-03-06,246.56,248.51,240.38,241.94,1776504.0
2023-03-07,241.04,241.04,234.61,236.7,1972082.0
2023-03-08,235.25,241.51,233.65,237.89,1801020.0
2023-03-09,237.32,239.28,233.53,236.93,1330598.0
2023-03-10,234.66,236.29,230.93,231.59,1420670.0
2023-03-13,230.77,233.69,227.5,231.01,1707632.0
2023-03-14,229.68,230.71,221.97,224.0,2393898.0
2023-03-15,227.8,230.11,219.93,221.73,2413529.0
2023-03-16,220.89,222.2,214.87,216.43,1748152.0
2023-03-17,219.48,222.5,217.49,218.84,1466300.0
2023-03-20,218.98,225.61,217.16,219.39,2190832.0
2023-03-21,220.7,220.95,217.84,218.08,1793062.0
2023-03-22,218.13,225.18,218.13,222.38,2573745.0
2023-03-23,222.38,244.62,221.46,240.12,6779377.0
2023-03-24,243.04,253.85,241.41,245.72,6535396.0
2023-03-27,243.0,258.39,243.0,257.75,8375283.0
2023-03-28,253.33,256.75,247.77,249.24,3370493.0
2023-03-29,249.59,252.27,244.19,245.91,3530451.0
2023-03-30,246.17,247.32,238.4,240.85,2923162.0
2023-03-31,242.63,247.85,239.32,245.87,2541286.0
2023-04-03,247.65,250.61,244.48,248.57,3300577.0
2023-04-04,246.52,250.82,241.0,250.82,4352889.0
2023-04-06,251.64,270.46,251.51,266.47,9250988.0
2023-04-07,266.47,268.51,259.0,261.7,3305862.0
2023-04-10,263.09,272.65,259.72,261.62,5299375.0
2023-04-11,260.23,260.35,248.65,251.64,5441035.0
2023-04-12,250.02,255.38,247.77,253.97,3851138.0
2023-04-13,259.0,262.68,247.77,247.83,4831080.0
2023-04-14,249.45,250.92,242.43,249.43,3080505.0
2023-04-17,249.34,249.34,239.77,241.45,3802483.0
2023-04-18,242.12,242.12,234.14,237.25,4740329.0
2023-04-19,236.91,237.97,228.7,229.36,5887441.0
2023-04-20,229.13,235.86,228.99,232.49,4208467.0
2023-04-21,232.2,232.32,219.54,220.54,4153444.0
2023-04-24,220.95,227.05,220.64,221.97,3643446.0
2023-04-25,199.77,199.77,199.77,199.77,900800.0
2023-04-26,179.81,179.81,179.81,179.81,1654800.0
2023-04-27,165.71,168.58,161.82,161.89,14453171.0
2023-04-28,161.31,164.83,158.04,159.66,9457362.0
2023-05-04,159.57,161.39,153.03,153.83,7316987.0
2023-05-05,154.03,156.12,151.43,154.95,5244367.0
2023-05-08,154.52,154.52,150.82,151.82,3964337.0
2023-05-09,151.9,153.6,148.94,149.55,3420302.0
2023-05-10,149.88,151.76,146.97,150.14,4499571.0
2023-05-11,149.82,154.01,149.51,152.99,3666956.0
2023-05-12,152.29,153.64,147.28,147.77,3390256.0
2023-05-15,147.75,150.35,147.44,149.96,2587664.0
2023-05-16,149.96,149.96,145.99,146.38,3667411.0
2023-05-17,145.95,148.67,145.87,147.71,1976591.0
2023-05-18,148.71,151.33,147.65,149.47,3304293.0
2023-05-19,150.76,164.42,150.76,164.42,8093017.0
2023-05-22,167.76,169.33,161.6,163.24,8507819.0
2023-05-23,161.68,163.26,155.69,155.97,6063248.0
2023-05-24,154.81,159.74,154.81,155.46,3920402.0
2023-05-25,155.5,158.76,151.8,153.85,4077198.0
2023-05-26,153.03,157.49,152.62,154.85,3355243.0
2023-05-29,161.62,166.41,157.67,158.02,8753241.0
2023-05-30,156.73,157.49,152.99,157.24,5472217.0
2023-05-31,157.32,166.41,157.24,162.34,7871966.0
2023-06-01,160.06,165.71,159.98,163.17,5933296.0
2023-06-02,164.28,179.5,163.69,175.06,12811018.0
2023-06-05,179.52,192.57,176.96,184.16,18894103.0
2023-06-06,177.99,182.43,173.89,174.1,10145830.0
2023-06-07,174.1,177.02,171.54,172.61,5548034.0
2023-06-08,176.96,186.48,173.75,175.72,8301372.0
2023-06-09,175.59,181.26,172.97,180.44,8147089.0
2023-06-12,180.28,182.22,176.47,178.52,6617056.0
2023-06-13,176.49,180.67,175.2,179.58,4638733.0
2023-06-14,179.62,181.26,174.92,180.01,5276140.0
2023-06-15,179.42,187.93,176.46,182.46,9332734.0
2023-06-16,180.0,182.11,175.56,180.86,7387016.0
2023-06-19,180.89,196.33,180.86,192.8,13687318.0
2023-06-20,189.9,191.18,183.27,183.65,10073666.0
2023-06-21,183.67,189.7,181.13,184.46,8137239.0
2023-06-26,181.76,185.7,170.96,172.96,10415737.0
2023-06-27,171.1,174.98,170.2,173.82,6159178.0
2023-06-28,173.39,173.39,162.29,165.08,8570890.0
2023-06-29,166.81,168.32,164.84,165.97,5102559.0
2023-06-30,165.08,168.26,162.67,167.19,5378968.0
2023-07-03,168.87,169.62,164.5,164.99,5401582.0
2023-07-04,165.13,173.48,163.42,169.3,7683329.0
2023-07-05,168.32,171.48,164.15,164.55,5757914.0
2023-07-06,163.77,167.6,162.7,163.11,4900141.0
2023-07-07,162.5,163.25,158.04,160.06,4502525.0
2023-07-10,161.83,164.5,159.92,162.99,3906811.0
2023-07-11,162.27,179.3,161.77,179.3,15870110.0
2023-07-12,181.21,184.05,175.19,175.91,13307116.0
2023-07-13,176.4,177.45,171.91,173.68,8132297.0
2023-07-14,174.17,178.49,173.82,174.64,7768306.0
2023-07-17,170.93,179.04,169.62,176.58,7579256.0
2023-07-18,175.27,177.39,172.09,172.29,5136899.0
2023-07-19,171.85,174.69,167.8,169.33,5187219.0
2023-07-20,169.74,170.9,163.77,164.12,4714161.0
2023-07-21,163.71,166.58,163.22,165.22,3179461.0
2023-07-24,165.13,168.49,163.37,165.63,3418053.0
2023-07-25,168.03,177.1,165.25,174.26,6743878.0
2023-07-26,174.26,176.95,170.78,174.37,4857609.0
2023-07-27,175.07,180.23,170.93,173.01,6017263.0
2023-07-28,172.43,174.95,170.72,170.93,4803892.0
2023-07-31,172.38,172.38,164.38,165.71,7457940.0
2023-08-01,165.68,167.05,163.97,164.64,4260948.0
2023-08-02,164.64,166.26,163.74,165.51,3081422.0
2023-08-03,164.26,165.8,161.66,165.16,4000792.0
2023-08-04,165.42,169.54,164.84,167.36,4367353.0
2023-08-07,166.87,168.32,164.44,164.84,2917820.0
2023-08-08,164.7,165.13,162.24,162.84,2610208.0
2023-08-09,162.24,162.29,153.2,153.37,8725071.0
2023-08-10,153.37,156.12,151.81,153.43,4052560.0
2023-08-11,153.43,154.73,148.33,148.48,4106643.0
2023-08-14,148.01,148.45,141.96,146.24,6557583.0
2023-08-15,140.51,141.72,133.27,137.81,8535372.0
2023-08-16,137.76,138.77,132.74,133.27,6433165.0
2023-08-17,133.24,138.34,131.7,136.48,4934969.0
2023-08-18,136.57,137.84,133.18,133.18,3768446.0
2023-08-21,132.63,135.24,128.95,128.95,5597549.0
2023-08-22,130.34,132.71,127.65,131.32,5715209.0
2023-08-23,132.69,132.98,129.15,129.24,4589067.0
2023-08-24,129.62,132.31,128.86,129.38,3735014.0
2023-08-25,128.43,128.63,125.62,126.28,3826431.0
2023-08-28,133.27,133.32,126.37,126.92,6320785.0
2023-08-29,126.46,135.18,125.73,133.79,7196825.0
2023-08-30,134.42,139.44,134.42,137.5,5475323.0
2023-08-31,136.45,138.31,134.71,137.03,3807805.0
2023-09-01,137.84,138.31,134.57,135.15,2271690.0
2023-09-04,136.16,139.38,135.15,139.35,3895054.0
2023-09-05,138.48,140.51,137.44,138.07,2842496.0
2023-09-06,137.44,141.41,136.28,141.06,3821902.0
2023-09-07,140.45,140.45,136.1,136.19,4677960.0
2023-09-08,135.12,139.03,134.13,137.18,3469068.0
2023-09-11,137.99,140.68,137.61,139.47,3971367.0
2023-09-12,139.93,140.54,138.36,139.96,2743303.0
2023-09-13,139.06,139.47,134.89,136.51,3217525.0
2023-09-14,137.32,140.68,135.9,136.54,4318856.0
2023-09-15,136.54,138.02,133.41,134.02,4593259.0
2023-09-18,133.12,136.92,132.57,133.44,3341625.0
2023-09-19,132.69,134.13,130.69,130.83,3535607.0
2023-09-20,130.95,133.56,130.22,130.66,3421078.0
2023-09-21,130.4,132.31,129.33,130.05,2935858.0
2023-09-22,129.21,133.93,129.18,133.41,4514196.0
2023-09-25,134.37,134.37,129.62,131.41,4207521.0
2023-09-26,130.8,132.63,129.21,129.93,2997986.0
2023-09-27,129.79,132.22,129.06,129.44,2770820.0
2023-09-28,130.28,132.95,130.22,132.28,3979416.0
2023-10-09,131.82,133.27,130.25,131.93,3971724.0
2023-10-10,132.11,135.53,131.93,134.22,3996247.0
2023-10-11,134.95,137.9,132.66,136.16,4704932.0
2023-10-12,136.42,138.1,135.29,136.83,3606071.0
2023-10-13,136.45,143.93,135.26,139.78,8449451.0
2023-10-16,139.06,139.78,134.19,135.58,5094155.0
2023-10-17,135.55,137.38,133.24,134.63,3322756.0
2023-10-18,135.0,136.45,131.32,132.02,3576858.0
2023-10-19,131.38,135.5,130.6,131.32,4127100.0
2023-10-20,129.96,132.11,126.02,126.2,4372606.0
2023-10-23,125.12,127.99,119.5,120.72,6536639.0
2023-10-24,120.52,124.05,117.79,120.72,6017805.0
2023-10-25,121.24,124.28,120.4,121.91,4500989.0
2023-10-26,130.08,134.11,130.08,134.11,3596748.0
2023-10-27,141.29,141.38,134.13,137.41,14088083.0
2023-10-30,137.03,143.06,136.34,139.87,11667864.0
2023-10-31,139.49,141.41,137.93,138.8,5942557.0
2023-11-01,138.94,141.67,137.55,139.29,4705576.0
2023-11-02,138.19,142.62,138.05,138.05,5950116.0
2023-11-03,138.1,141.96,138.05,140.91,5437059.0
2023-11-06,142.97,146.91,141.75,145.64,7725121.0
2023-11-07,145.35,150.01,144.42,149.0,7360519.0
2023-11-08,148.94,157.69,148.24,151.2,9850002.0
2023-11-09,150.53,153.14,147.17,148.42,5837828.0
2023-11-10,147.17,150.04,146.59,149.0,4299294.0
2023-11-13,151.4,156.82,148.91,155.57,8362940.0
2023-11-14,154.76,163.37,154.41,161.37,8755243.0
2023-11-15,163.92,166.23,159.98,161.89,7981034.0
2023-11-16,161.51,162.21,158.61,158.79,4729637.0
2023-11-17,157.89,160.58,157.72,159.69,4205730.0
2023-11-20,159.69,160.35,156.79,159.28,3983345.0
2023-11-21,160.06,160.06,155.46,155.86,4341406.0
2023-11-22,154.01,155.72,150.97,151.11,4237036.0
2023-11-23,151.08,154.41,149.23,153.69,4170486.0
2023-11-24,153.86,154.56,150.36,150.91,2801248.0
2023-11-27,149.6,156.15,149.55,152.68,3840760.0
2023-11-28,152.59,153.95,150.5,152.42,2696578.0
2023-11-29,152.1,158.9,151.89,152.56,5482056.0
2023-11-30,152.56,152.97,149.4,150.85,2844872.0
2023-12-01,150.65,153.54,148.91,153.08,3198316.0
2023-12-04,153.05,153.34,149.84,150.45,2972277.0
2023-12-05,149.52,150.42,146.27,146.3,3408631.0
2023-12-06,145.9,148.62,144.85,146.62,3041893.0
2023-12-07,146.01,149.17,145.64,147.92,2595419.0
2023-12-08,148.33,152.91,148.04,151.0,3844403.0
2023-12-11,151.46,152.88,147.81,152.24,3311312.0
2023-12-12,152.24,155.14,151.81,152.73,3601178.0
2023-12-13,153.49,157.11,151.89,152.21,3445030.0
2023-12-14,153.83,154.33,151.17,151.29,2163824.0
2023-12-15,151.52,152.5,149.49,149.81,2157646.0
2023-12-18,149.03,149.03,145.66,146.19,2931071.0
2023-12-19,144.88,151.2,144.88,149.78,2532738.0
2023-12-20,149.78,149.84,145.26,145.69,2570432.0
2023-12-21,145.29,148.5,143.9,147.49,2863881.0
2023-12-22,146.85,147.72,144.8,146.53,2615122.0
2023-12-25,146.16,148.76,144.97,148.07,2520451.0
2023-12-26,147.75,148.62,143.98,147.37,2872640.0
2023-12-27,146.62,147.63,144.68,146.91,2469403.0
2023-12-28,147.72,158.93,146.01,157.11,7204334.0
2023-12-29,156.41,157.86,154.56,155.72,3945697.0
2024-01-02,156.15,156.93,152.97,152.99,3041307.0
2024-01-03,152.97,152.97,146.91,148.59,4129037.0
2024-01-04,148.53,152.1,146.94,149.52,2937848.0
2024-01-05,149.89,149.89,136.8,137.96,8439908.0
2024-01-08,133.61,139.29,133.53,135.58,5597688.0
2024-01-09,135.7,138.31,133.61,134.45,3473509.0
2024-01-10,133.67,136.39,130.48,134.05,3425031.0
2024-01-11,134.05,139.9,133.29,138.6,3562822.0
2024-01-12,138.6,138.6,135.21,136.39,2285720.0
2024-01-15,135.81,136.1,131.38,133.03,4897103.0
2024-01-16,133.27,133.27,128.43,130.74,4994295.0
2024-01-17,130.72,131.32,127.5,127.56,2761870.0
2024-01-18,125.5,128.46,124.17,127.59,5150703.0
2024-01-19,127.93,129.79,126.23,126.23,2968614.0
2024-01-22,126.02,127.82,117.51,118.61,5132932.0
2024-01-23,118.78,120.4,116.93,119.01,4251107.0
2024-01-24,119.56,121.1,113.74,118.98,4953651.0
2024-01-25,119.56,123.01,117.85,122.78,4347429.0
2024-01-26,123.99,125.44,118.0,118.35,5469796.0
2024-01-29,118.46,119.13,112.52,112.78,5666587.0
2024-01-30,112.41,113.28,107.57,107.66,4954687.0
2024-01-31,107.57,108.58,100.3,100.47,7484962.0
2024-02-01,100.3,103.37,98.62,100.59,5531214.0
2024-02-02,102.47,103.34,93.29,97.52,7092302.0
2024-02-05,96.85,97.34,87.75,88.94,8049512.0
2024-02-06,87.49,95.57,86.27,94.82,8148830.0
2024-02-07,94.65,101.46,93.6,99.11,8286604.0
2024-02-08,100.79,107.77,99.95,106.12,6932463.0
2024-02-19,108.64,109.1,104.79,107.63,6302618.0
2024-02-20,106.7,108.52,104.87,108.23,4030165.0
2024-02-21,106.82,111.8,106.03,107.77,5241232.0
2024-02-22,109.16,111.25,108.06,110.52,4417057.0
2024-02-23,110.9,120.23,109.45,117.1,10208990.0
2024-02-26,115.56,117.33,112.64,114.52,9513798.0
2024-02-27,113.01,120.69,112.64,120.69,9042032.0
2024-02-28,120.75,123.85,112.67,113.25,10497429.0
2024-02-29,112.7,118.75,112.7,117.85,6734650.0
2024-03-01,117.39,124.89,117.39,124.2,9452643.0
2024-03-04,124.92,127.09,122.55,124.26,8502775.0
2024-03-05,121.56,123.24,119.65,121.27,6343873.0
2024-03-06,121.04,122.84,118.0,121.62,4556691.0
2024-03-07,121.13,122.37,116.75,116.84,6587397.0
2024-03-08,117.22,120.37,116.67,119.97,4355093.0
2024-03-11,119.01,122.92,117.62,122.81,4977206.0
2024-03-12,122.84,125.33,121.91,122.86,4919156.0
2024-03-13,124.14,126.6,122.84,124.02,5241400.0
2024-03-14,122.78,124.11,120.55,122.14,3666868.0
2024-03-15,122.11,124.34,120.61,124.23,3893064.0
2024-03-18,124.28,125.96,123.13,125.88,4208228.0
2024-03-19,125.88,127.79,124.83,125.85,4835272.0
2024-03-20,125.47,128.17,124.6,126.54,3997921.0
2024-03-21,127.27,127.65,124.31,124.75,3864335.0
2024-03-22,123.68,125.39,121.97,122.4,4145330.0
2024-03-25,122.31,122.78,118.2,118.23,4199076.0
2024-03-26,118.23,120.23,115.42,116.93,4318272.0
2024-03-27,116.61,117.85,109.45,109.86,4735695.0
2024-03-28,110.38,114.67,109.91,112.55,3833098.0
2024-03-29,112.55,119.71,111.02,118.58,6574660.0
2024-04-01,118.58,119.68,116.46,117.91,5803786.0
2024-04-02,117.59,118.03,114.52,115.25,3910438.0
2024-04-03,114.75,114.9,112.17,113.59,3138318.0
2024-04-08,113.85,113.85,109.83,109.83,3223762.0
2024-04-09,109.83,113.04,109.83,112.41,3074607.0
2024-04-10,111.16,112.09,107.42,108.12,3201585.0
2024-04-11,108.12,112.09,107.48,109.51,3099979.0
2024-04-12,109.48,113.94,109.28,111.33,4613057.0
2024-04-15,111.22,118.81,111.02,113.88,8227713.0
2024-04-16,112.99,116.38,106.24,106.9,8055159.0
2024-04-17,111.13,114.43,108.93,111.36,7777393.0
2024-04-18,109.8,114.72,107.19,112.9,6740901.0
2024-04-19,112.67,121.33,110.99,121.1,12079320.0
2024-04-22,119.36,119.45,112.41,116.64,10462037.0
2024-04-23,114.75,115.45,106.61,108.76,13893929.0
2024-04-24,107.92,113.51,107.92,112.26,8679404.0
2024-04-25,110.87,113.48,109.83,110.64,5323822.0
2024-04-26,109.74,116.11,109.74,115.85,9271465.0
2024-04-29,117.01,119.94,116.95,118.78,7620960.0
2024-04-30,120.23,120.61,116.78,116.78,6174759.0
2024-05-06,119.07,122.72,118.17,121.39,8217085.0
2024-05-07,121.91,123.04,119.53,120.95,6406582.0
2024-05-08,120.11,120.75,116.64,116.84,5563204.0
2024-05-09,116.46,123.36,116.26,122.66,8242554.0
2024-05-10,122.2,130.66,119.71,127.73,13475102.0
2024-05-13,126.43,128.34,123.76,127.5,8660427.0
2024-05-14,126.89,131.27,126.54,128.28,9498595.0
2024-05-15,127.47,135.38,126.54,130.95,9875052.0
2024-05-16,131.01,138.42,130.89,137.55,13678742.0
2024-05-17,135.67,139.64,133.18,138.13,10285442.0
2024-05-20,136.74,143.9,134.83,142.33,11286909.0
2024-05-21,142.25,142.25,139.06,141.26,5912266.0
2024-05-22,141.61,141.61,137.5,138.07,6622683.0
2024-05-23,137.32,139.9,135.87,136.16,5926779.0
2024-05-24,135.26,138.19,132.69,133.03,5978939.0
2024-05-27,133.03,134.05,131.27,134.05,5090743.0
2024-05-28,133.7,134.66,129.93,130.46,5669308.0
2024-05-29,130.74,131.82,128.72,130.02,3798493.0
2024-05-30,129.21,134.31,127.56,132.66,6017722.0
2024-05-31,132.4,138.51,132.31,135.09,7274322.0
2024-06-03,134.86,138.48,134.31,135.81,6110071.0
2024-06-04,135.29,137.67,133.84,137.41,5068706.0
2024-06-05,138.19,141.03,137.32,140.16,7110086.0
2024-06-06,140.36,140.36,135.0,137.81,6931978.0
2024-06-07,138.36,138.71,131.99,134.68,5699496.0
2024-06-11,133.82,136.45,131.82,136.16,3589257.0
2024-06-12,135.81,138.77,135.73,136.65,3373370.0
2024-06-13,136.71,140.8,136.71,138.51,4525630.0
2024-06-14,139.18,143.67,136.74,142.25,5665161.0
2024-06-17,143.64,147.11,142.33,144.91,6829235.0
2024-06-18,144.27,148.56,143.78,147.46,5277818.0
2024-06-19,147.84,148.56,144.42,144.65,4153852.0
2024-06-20,144.71,145.72,141.64,141.9,4104141.0
2024-06-21,140.51,147.06,140.51,145.03,4757180.0
2024-06-24,145.17,146.1,135.42,135.59,7511252.0
2024-06-25,136.26,137.25,131.82,132.6,5909734.0
2024-06-26,133.56,135.24,129.96,134.58,5691044.0
2024-06-27,133.3,134.69,132.08,132.17,3558898.0
2024-06-28,131.67,137.86,131.18,135.68,5189380.0
2024-07-01,135.59,135.59,127.17,131.29,6810192.0
2024-07-02,130.97,131.56,127.4,128.07,4434635.0
2024-07-03,128.74,131.21,125.31,128.8,3833812.0
2024-07-04,129.81,133.7,128.62,129.15,4833684.0
2024-07-05,128.25,128.62,122.09,123.72,7110689.0
2024-07-08,123.51,124.85,121.8,122.67,5055761.0
2024-07-09,122.87,129.87,121.77,128.51,5822895.0
2024-07-10,135.01,141.37,133.65,141.37,10507691.0
2024-07-11,143.49,150.37,141.51,148.08,16239698.0
2024-07-12,148.02,148.83,145.84,148.42,8700150.0
2024-07-15,148.08,151.12,146.71,148.37,6970156.0
2024-07-16,148.31,154.41,147.73,154.38,9383044.0
2024-07-17,152.43,153.59,148.08,148.6,8162771.0
2024-07-18,148.19,148.6,142.56,146.28,7008815.0
2024-07-19,144.77,150.54,144.33,147.67,5649788.0
2024-07-22,148.6,148.6,142.94,143.81,6041483.0
2024-07-23,145.17,145.17,138.2,138.35,5668465.0
2024-07-24,138.03,139.34,134.52,134.81,5754458.0
2024-07-25,132.54,134.28,131.64,132.28,4447030.0
2024-07-26,132.4,135.1,131.18,133.38,5057337.0
2024-07-29,133.56,135.45,129.09,131.82,9382272.0
2024-07-30,131.9,134.14,129.23,130.45,6881465.0
2024-07-31,129.44,136.67,129.38,134.78,9169982.0
2024-08-01,135.48,136.32,132.69,134.66,7730970.0
2024-08-02,133.27,133.27,128.71,128.88,7686649.0
2024-08-05,126.94,128.65,122.67,123.11,7992710.0
2024-08-06,124.82,125.69,121.07,123.45,5634468.0
2024-08-07,123.43,126.65,122.53,124.3,4943571.0
2024-08-08,124.24,124.3,120.78,122.64,4125552.0
2024-08-09,124.18,125.31,122.58,122.82,3409560.0
2024-08-12,121.83,122.79,120.38,120.84,3276325.0
2024-08-13,120.84,123.83,120.84,123.25,3152744.0
2024-08-14,123.98,124.41,121.89,121.89,2694650.0
2024-08-15,121.57,124.79,120.81,122.5,3815077.0
2024-08-16,122.41,124.41,122.24,122.7,3597967.0
2024-08-19,124.85,126.21,122.85,123.54,5508880.0
2024-08-20,122.67,123.28,120.61,121.13,3839934.0
2024-08-21,121.22,123.69,120.32,121.54,3113806.0
2024-08-22,121.65,122.03,119.33,119.56,3674250.0
2024-08-23,119.13,121.07,119.13,120.2,3542676.0
2024-08-26,120.7,121.07,118.87,119.85,3400438.0
2024-08-27,122.29,124.41,120.03,120.14,6670585.0
2024-08-28,118.14,123.98,118.14,122.09,5667843.0
2024-08-29,121.36,125.4,120.67,124.7,5823549.0
2024-08-30,124.56,128.59,124.18,126.88,6125424.0
2024-09-02,127.06,127.14,120.58,120.84,6468545.0
2024-09-03,120.49,124.53,119.91,124.21,4422964.0
2024-09-04,123.4,125.98,122.26,124.82,3506691.0
2024-09-05,124.85,128.33,124.53,126.79,3672708.0
2024-09-06,126.53,127.17,124.79,125.02,2765430.0
2024-09-09,123.54,125.05,122.18,123.57,2548479.0
2024-09-10,124.73,127.08,122.21,125.95,3099662.0
2024-09-11,125.43,126.94,124.44,125.57,2492946.0
2024-09-12,128.33,129.03,124.27,124.27,3354202.0
2024-09-13,123.86,125.4,122.24,122.44,2625653.0
2024-09-18,122.32,122.44,118.17,121.54,2741892.0
2024-09-19,123.11,126.01,121.22,124.12,3561836.0
2024-09-20,124.5,125.25,121.51,122.82,2941976.0
2024-09-23,118.75,121.19,113.82,114.11,9542267.0
2024-09-24,113.76,117.85,111.23,116.95,7804835.0
2024-09-25,117.62,123.14,116.95,117.71,8861684.0
2024-09-26,117.76,121.27,115.34,121.27,7348270.0
2024-09-27,123.14,128.87,122.88,128.61,6530439.0
2024-09-30,137.31,141.46,132.96,141.46,15572562.0
2024-10-08,155.61,155.61,143.48,155.58,18335726.0
2024-10-09,151.98,152.54,140.27,141.14,18353095.0
2024-10-10,142.92,146.37,139.1,139.42,13984408.0
2024-10-11,144.65,147.16,138.22,142.37,17956352.0
2024-10-14,144.09,144.09,135.88,142.57,16030887.0
2024-10-15,142.02,152.8,139.27,146.29,17241008.0
2024-10-16,143.22,146.55,141.73,144.39,8367022.0
2024-10-17,144.91,153.42,144.09,151.22,14952006.0
2024-10-18,149.91,166.36,149.91,163.61,20644441.0
2024-10-21,166.57,169.78,162.33,167.44,20252834.0
2024-10-22,160.72,162.12,154.2,157.68,19570107.0
2024-10-23,156.34,158.97,153.97,154.38,12407869.0
2024-10-24,155.11,159.99,153.24,156.22,10372787.0
2024-10-25,155.52,156.95,151.95,155.46,9922292.0
2024-10-28,155.52,156.19,150.64,152.83,10917866.0
2024-10-29,152.83,156.92,152.54,153.06,10066314.0
2024-10-30,152.25,156.78,151.6,154.06,7605024.0
2024-10-31,154.12,155.9,151.11,153.27,9236670.0
2024-11-01,153.21,153.21,145.23,145.23,11336573.0
2024-11-04,145.53,150.52,144.74,148.65,7731970.0
2024-11-05,148.68,155.46,148.01,154.38,10289540.0
2024-11-06,154.88,156.78,151.6,152.8,9178842.0
2024-11-07,151.95,154.17,149.88,153.88,8152113.0
2024-11-08,154.73,161.25,154.73,157.48,12677221.0
2024-11-11,156.05,164.26,155.9,164.11,14710829.0
2024-11-12,165.25,168.49,161.22,163.15,13634907.0
2024-11-13,161.25,168.61,160.87,167.53,12804406.0
2024-11-14,168.03,168.2,159.08,159.08,10643825.0
2024-11-15,157.36,161.45,154.29,154.29,8021937.0
2024-11-18,153.71,154.76,148.16,149.0,7077028.0
2024-11-19,149.91,153.42,147.8,152.25,5773609.0
2024-11-20,152.25,153.09,150.73,152.54,5342750.0
2024-11-21,151.95,152.68,147.98,149.82,5945524.0
2024-11-22,150.0,150.67,143.48,143.68,6196914.0
2024-11-25,144.09,144.79,138.83,141.26,5486116.0
2024-11-26,143.19,146.55,141.81,142.4,5908224.0
2024-11-27,141.87,145.79,138.75,145.79,6127177.0
2024-11-28,146.11,146.4,143.51,143.86,4609532.0
2024-11-29,143.22,147.25,142.25,145.85,6267819.0
2024-12-02,144.94,147.57,143.77,147.28,6595660.0
2024-12-03,146.69,147.22,142.6,144.24,6025817.0
2024-12-04,144.24,144.5,139.33,140.0,6505622.0
2024-12-05,139.51,142.63,139.33,141.99,4225811.0
2024-12-06,142.28,146.4,142.16,145.5,7299953.0
2024-12-09,145.35,160.05,144.36,157.65,21373310.0
2024-12-10,166.54,173.43,163.64,173.43,24417582.0
2024-12-11,187.02,190.79,184.45,190.79,15696258.0
2024-12-12,204.55,204.55,177.32,192.43,63526878.0
2024-12-13,184.86,196.78,180.09,180.8,43907960.0
2024-12-16,176.79,177.9,166.57,167.15,32740709.0
2024-12-17,167.73,175.51,165.13,165.28,21602695.0
2024-12-18,166.01,181.82,163.18,178.78,34064853.0
2024-12-19,174.81,182.52,174.4,180.68,25237025.0
2024-12-20,177.96,190.64,176.65,185.18,23900944.0
2024-12-23,189.94,198.71,187.28,189.65,27685179.0
2024-12-24,188.16,193.68,185.56,190.41,17107443.0
2024-12-25,189.88,198.56,187.46,194.41,17211813.0
2024-12-26,198.3,213.85,195.79,213.85,24109606.0
2024-12-27,214.52,216.91,204.55,208.26,23239981.0
2024-12-30,208.26,211.77,203.03,204.93,14788531.0
2024-12-31,206.1,207.21,197.77,199.99,13973566.0
2025-01-02,200.29,210.11,198.71,200.7,15783457.0
2025-01-03,202.07,205.08,196.84,197.83,15575572.0
2025-01-06,194.03,199.91,191.7,194.33,15053106.0
2025-01-07,181.21,183.1,174.89,182.32,24897202.0
2025-01-08,180.39,198.01,179.71,192.34,18726143.0
2025-01-09,196.17,208.06,193.51,198.71,16262484.0
2025-01-10,200.17,203.97,195.2,196.9,9682853.0
2025-01-13,198.71,207.65,194.91,203.09,15683820.0
2025-01-14,201.63,209.52,194.06,207.74,19584441.0
2025-01-15,209.08,228.52,208.06,224.42,26156427.0
2025-01-16,227.23,228.52,214.96,218.58,21418108.0
2025-01-17,218.0,239.59,213.47,234.94,23181863.0
2025-01-20,235.24,247.83,234.94,239.56,19389623.0
2025-01-21,254.23,263.52,250.14,263.52,34399298.0
2025-01-22,260.08,263.0,250.05,256.57,22541033.0
2025-01-23,248.39,251.28,234.01,236.41,38720512.0
2025-01-24,242.54,246.28,239.65,245.7,23971786.0
2025-01-27,254.23,270.16,251.54,262.0,28427975.0
2025-02-05,265.92,269.95,245.11,251.16,31829074.0
2025-02-06,249.56,276.29,249.56,266.77,32848310.0
2025-02-07,264.46,275.18,258.91,263.23,29286380.0
2025-02-10,260.19,260.22,251.05,256.86,21624560.0
2025-02-11,257.15,274.69,254.79,264.22,27653925.0
2025-02-12,260.22,279.36,260.22,270.6,25272120.0
2025-02-13,270.86,275.86,251.34,251.83,26693416.0
2025-02-14,250.61,254.17,244.56,248.42,16964387.0
2025-02-17,245.49,254.49,243.92,251.75,14723270.0
2025-02-18,248.97,251.72,238.66,239.59,18141308.0
2025-02-19,239.59,248.33,239.59,248.3,13381679.0
2025-02-20,251.63,253.88,245.61,249.09,14661938.0
2025-02-21,249.26,254.64,245.9,253.88,20036181.0
2025-02-24,250.37,252.19,244.0,246.05,16354954.0
2025-02-25,239.39,270.65,239.33,262.79,31802279.0
2025-02-26,263.35,269.22,254.99,259.46,19517321.0
2025-02-27,258.61,260.05,242.19,246.63,18614066.0
2025-02-28,242.95,245.32,235.53,238.01,15128718.0
2025-03-03,236.79,237.87,228.22,230.88,13781348.0
2025-03-04,225.33,236.99,225.18,234.36,9500148.0
2025-03-05,235.24,238.42,231.2,237.84,10600851.0
2025-03-06,238.13,252.48,236.14,246.75,17720253.0
2025-03-07,244.47,246.72,237.28,238.89,11415326.0
2025-03-10,239.62,245.44,234.92,243.45,11964253.0
2025-03-11,237.57,243.04,234.59,236.96,8470434.0
2025-03-12,237.43,248.44,235.7,241.31,10747277.0
2025-03-13,242.54,244.85,232.08,243.86,12875420.0
2025-03-14,241.43,259.17,240.12,251.28,19270103.0
2025-03-17,248.53,260.05,245.76,256.86,15441230.0
2025-03-18,257.18,274.69,254.41,264.43,19915169.0
2025-03-19,265.45,277.26,261.54,263.41,15614043.0
2025-03-20,265.92,276.24,262.56,264.14,19134699.0
2025-03-21,262.91,263.58,244.97,245.03,17119337.0
2025-03-24,244.97,256.16,244.88,251.63,14129131.0
2025-03-25,249.61,251.54,235.59,236.35,13157922.0
2025-03-26,237.05,245.41,237.05,243.19,9927087.0
2025-03-27,241.26,252.8,239.62,245.93,11317883.0
2025-03-28,245.17,258.99,245.08,245.73,11581663.0
2025-03-31,242.6,260.02,242.6,258.56,16028029.0
2025-04-01,254.23,257.15,243.68,248.85,17181575.0
2025-04-02,246.34,252.92,241.37,243.92,10704260.0
2025-04-03,239.33,241.58,219.52,219.54,21672958.0
2025-04-07,197.6,197.83,197.6,197.6,3606000.0
2025-04-08,184.1,194.18,177.84,178.2,20380924.0
2025-04-09,173.58,183.72,165.63,183.72,20424752.0
2025-04-10,202.1,202.1,196.05,202.1,18480011.0
2025-04-11,200.7,204.12,195.03,199.85,21734614.0
2025-04-14,204.93,207.71,199.56,201.37,15006318.0
2025-04-15,200.17,203.62,199.73,201.92,9442651.0
2025-04-16,199.82,200.96,193.04,196.08,9547462.0
2025-04-17,195.99,200.17,195.44,196.61,7543993.0
2025-04-18,195.73,198.62,194.56,197.72,6383249.0
2025-04-21,199.59,206.45,196.05,205.34,10109684.0
2025-04-22,203.44,203.85,198.71,199.73,8786887.0
2025-04-23,203.38,207.33,202.04,206.07,13329012.0
2025-04-24,206.6,206.77,200.17,201.37,10098152.0
2025-04-25,201.37,205.14,199.76,202.1,9151051.0
2025-04-28,201.19,203.85,199.59,201.57,6817275.0
2025-04-29,203.53,210.22,202.68,209.23,15941318.0
2025-04-30,209.23,222.99,208.59,220.39,15394597.0
2025-05-06,224.02,229.39,219.75,226.79,13856897.0
2025-05-07,229.04,232.37,224.86,227.35,11675967.0
2025-05-08,227.29,232.11,226.32,226.76,8820966.0
2025-05-09,226.38,226.38,219.46,220.13,9828728.0
2025-05-12,223.96,226.15,221.5,226.15,7577940.0
2025-05-13,229.39,230.62,225.65,226.76,7493931.0
2025-05-14,226.76,229.48,222.47,228.02,8237023.0
2025-05-15,227.2,227.87,219.19,219.22,6450391.0
2025-05-16,218.29,222.7,217.27,219.98,4446793.0
2025-05-19,218.29,219.98,215.45,218.87,4244173.0
2025-05-20,218.05,220.8,216.94,218.93,3903018.0
2025-05-21,219.16,219.52,212.76,214.17,5721982.0
2025-05-22,213.29,217.27,212.53,213.35,5009502.0
2025-05-23,213.9,215.48,209.67,209.67,4880636.0
2025-05-26,209.64,212.09,208.94,211.98,3731488.0
2025-05-27,210.98,210.98,206.01,206.77,4084456.0
2025-05-28,207.33,209.96,207.13,207.56,3321864.0
2025-05-29,208.35,211.92,207.48,211.04,5123139.0
2025-05-30,210.11,210.4,205.66,207.04,4267620.0
2025-06-03,206.57,212.94,205.72,209.32,5419921.0
2025-06-04,210.58,213.99,210.17,211.58,3828524.0
2025-06-05,210.61,221.84,209.82,221.52,9129133.0
2025-06-06,221.4,228.1,218.46,226.81,9975934.0
2025-06-09,226.84,231.33,224.57,225.84,8508399.0
2025-06-10,225.07,225.48,217.78,219.93,7816247.0
2025-06-11,220.1,233.68,219.58,229.72,11660182.0
2025-06-12,228.13,234.57,227.66,228.54,7835890.0
2025-06-13,226.57,229.51,223.98,226.31,5962381.0
2025-06-16,226.42,233.36,226.42,228.04,6427516.0
2025-06-17,227.81,234.54,226.34,228.98,6972572.0
2025-06-18,228.16,233.68,225.57,231.86,6841118.0
2025-06-19,231.86,239.56,230.77,237.15,11206799.0
2025-06-20,236.62,237.51,227.39,227.92,8728471.0
2025-06-23,225.16,230.83,224.48,230.16,7158955.0
2025-06-24,231.57,242.39,231.04,240.95,11414051.0
2025-06-25,241.77,244.62,240.89,243.83,8103568.0
2025-06-26,241.92,246.0,239.24,239.68,8690335.0
2025-06-27,239.59,245.09,236.77,242.44,6677339.0
2025-06-30,244.06,253.64,242.0,252.2,10280598.0
2025-07-01,252.61,260.87,249.56,258.61,10890371.0
2025-07-02,255.7,255.73,243.83,246.0,10330173.0
2025-07-03,246.32,252.53,246.0,251.91,7703221.0
2025-07-04,250.85,252.79,247.59,248.62,6559857.0
2025-07-07,245.82,249.2,240.92,243.09,6332584.0
2025-07-08,243.94,255.08,243.94,254.58,10174573.0
2025-07-09,252.76,255.5,250.47,253.76,6325764.0
2025-07-10,252.79,255.08,248.38,252.23,5470075.0
2025-07-11,254.26,254.26,238.39,241.56,15868184.0
2025-07-14,239.92,246.74,239.92,241.74,7516042.0
2025-07-15,241.03,246.12,240.71,243.47,9078440.0
2025-07-16,243.47,248.82,242.36,243.33,7596633.0
2025-07-17,242.74,248.91,241.8,246.56,7552807.0
2025-07-18,247.44,250.79,243.47,244.27,7370465.0
2025-07-21,243.38,247.32,242.5,243.97,6684284.0
2025-07-22,243.97,244.21,235.74,238.09,10414978.0
2025-07-23,236.04,238.39,234.24,235.83,6832860.0
2025-07-24,235.83,236.8,234.45,235.65,6529669.0
2025-07-25,235.83,239.5,234.68,238.15,6225898.0
2025-07-28,239.56,242.65,236.74,241.06,8396277.0
2025-07-29,240.0,242.77,236.39,241.77,7629235.0
2025-07-30,240.68,241.33,236.77,238.24,6215902.0
2025-07-31,238.45,249.65,237.68,239.5,15493519.0
2025-08-01,240.92,247.79,238.39,242.3,11396367.0
2025-08-04,239.56,244.8,239.27,241.65,6343676.0
2025-08-05,241.94,250.97,240.45,248.41,13335129.0
2025-08-06,247.12,252.76,247.12,248.91,10354635.0
2025-08-07,249.56,251.41,246.18,247.65,8404470.0
2025-08-08,247.74,249.09,244.0,245.32,6559304.0
2025-08-11,244.88,251.56,244.56,249.03,8052279.0
2025-08-12,248.88,252.41,246.56,251.85,8403308.0
2025-08-13,253.08,255.7,250.73,255.14,9636672.0
2025-08-14,255.14,257.44,252.35,253.17,8629738.0
2025-08-15,256.58,256.58,247.59,253.38,12342325.0
2025-08-18,252.53,263.05,252.2,258.49,13890618.0
2025-08-19,257.67,277.48,257.67,272.78,17925108.0
2025-08-20,272.93,277.63,267.78,277.42,13344008.0
2025-08-21,276.31,287.68,275.16,282.36,14713501.0
2025-08-22,280.95,286.15,278.78,285.74,12951731.0
2025-08-25,288.06,293.33,282.77,287.77,14258793.0
2025-08-26,287.8,316.55,285.12,302.06,18752109.0
2025-08-27,310.11,332.27,307.85,324.04,27843151.0
2025-08-28,333.79,333.82,316.18,327.47,25570645.0
2025-08-29,324.96,327.91,316.39,324.93,15735416.0
2025-09-01,327.65,333.56,308.71,315.53,18914189.0
2025-09-02,313.14,316.1,288.92,290.54,21746382.0
2025-09-03,294.71,295.39,284.58,288.65,12220236.0
2025-09-04,289.48,292.37,264.43,270.31,18722617.0
2025-09-05,273.73,279.2,268.45,278.61,13762808.0
2025-09-08,278.58,284.37,276.66,282.45,12810972.0
2025-09-09,279.67,280.11,271.43,273.64,9556685.0
2025-09-10,274.62,283.54,274.44,279.67,10919338.0
2025-09-11,278.73,294.26,274.86,294.26,15233323.0
2025-09-12,293.35,295.3,288.92,290.07,11064836.0
2025-09-15,290.1,293.64,286.23,286.61,8695326.0
2025-09-16,285.64,301.27,285.55,298.9,14421244.0
2025-09-17,300.97,308.36,295.74,302.74,12241594.0
2025-09-18,302.8,313.61,292.46,300.23,15632519.0
2025-09-19,300.23,303.92,295.06,296.54,10047734.0
2025-09-22,302.8,313.14,302.8,306.76,12272118.0
2025-09-23,307.23,308.65,289.45,297.81,14503372.0
2025-09-24,294.29,305.25,292.11,305.08,10566235.0
2025-09-25,308.3,319.88,305.22,313.38,12490094.0
2025-09-26,310.42,313.14,301.03,301.77,9866992.0
2025-09-29,301.03,303.66,297.19,301.92,7033302.0
2025-09-30,303.69,311.96,298.61,310.54,11225764.0
2025-10-09,312.14,329.95,307.74,318.73,15568996.0
2025-10-10,316.92,320.41,304.52,306.64,9862620.0
2025-10-13,288.03,297.34,285.79,295.62,12082330.0
2025-10-14,298.37,308.65,286.58,288.74,11913436.0
2025-10-15,289.48,308.86,288.03,302.18,14359470.0
2025-10-16,299.58,300.65,292.82,296.16,7957082.0
2025-10-17,296.16,296.16,276.86,277.01,10915050.0
2025-10-20,282.71,291.22,280.88,283.6,9725311.0
2025-10-21,286.55,292.64,283.87,290.69,8324080.0
2025-10-22,287.15,289.69,284.81,287.94,5601085.0
2025-10-23,284.96,293.47,278.22,293.05,10560889.0
2025-10-24,293.05,295.27,287.62,294.12,13049874.0
2025-10-27,295.42,305.08,291.61,293.2,12171301.0
2025-10-28,295.39,297.34,286.55,288.86,10411974.0
2025-10-29,292.14,294.77,287.97,292.34,8737080.0
2025-10-30,292.4,292.4,280.79,280.88,10848314.0
2025-10-31,280.65,286.41,277.72,280.11,7720720.0
2025-11-03,277.84,281.3,270.04,280.65,9301714.0
2025-11-04,278.43,279.38,267.38,269.8,8234617.0
2025-11-05,262.92,268.68,262.57,265.88,5649830.0
2025-11-06,267.35,269.69,264.04,268.47,6481241.0
2025-11-07,265.93,270.16,264.1,266.61,4560190.0
2025-11-10,267.0,268.71,261.98,265.58,5375087.0
2025-11-11,268.53,269.57,261.15,261.3,5727610.0
2025-11-12,260.56,268.98,260.26,265.88,7403497.0
2025-11-13,264.84,269.39,262.92,269.27,5754882.0
2025-11-14,266.85,267.0,261.15,261.15,5822897.0
2025-11-17,259.02,261.5,255.54,258.11,5285984.0
2025-11-18,258.11,260.41,255.59,256.13,4521134.0
2025-11-19,255.77,257.43,251.43,253.14,5054087.0
2025-11-20,256.42,257.07,250.22,253.67,4688931.0
2025-11-21,250.81,251.93,243.72,243.72,6207277.0
2025-11-24,245.79,248.68,243.69,246.67,4637440.0
2025-11-25,248.39,260.73,248.39,254.53,7788490.0
2025-11-26,254.06,263.33,252.58,257.4,6310907.0
2025-11-27,257.6,269.36,256.72,259.7,9482126.0
2025-11-28,261.74,264.22,257.46,262.18,6012647.0
2025-12-01,268.83,282.42,266.08,278.43,18265824.0
2025-12-02,277.69,277.69,269.27,271.75,11288425.0
2025-12-03,270.31,271.16,264.69,265.76,7068685.0
2025-12-04,264.4,266.76,261.53,266.38,5221583.0
2025-12-05,267.0,272.32,264.43,269.77,6592322.0
2025-12-08,272.08,272.61,268.53,270.84,7396801.0
2025-12-09,269.86,273.26,268.53,269.36,5682493.0
2025-12-10,268.89,271.34,265.82,271.34,4987852.0
2025-12-11,270.63,271.28,264.07,264.49,4693283.0
2025-12-12,264.49,275.56,262.57,273.88,8649807.0
2025-12-15,271.78,271.78,265.28,265.79,5238794.0
2025-12-16,267.06,269.72,262.18,262.89,5672076.0
2025-12-17,267.82,280.65,267.82,280.06,14614581.0
2025-12-18,277.34,279.2,271.04,271.25,7739692.0
2025-12-19,272.97,277.51,270.93,271.81,6620622.0
2025-12-22,274.74,284.13,273.26,277.84,8599606.0
2025-12-23,277.34,279.17,272.4,273.67,6246207.0
2025-12-24,274.15,280.71,272.67,280.56,6943228.0
2025-12-25,279.73,284.49,277.51,281.59,6823982.0
2025-12-26,281.62,282.95,277.01,278.99,6189398.0
2025-12-29,277.57,280.5,274.97,275.89,5747304.0
2025-12-30,273.82,281.24,273.56,278.02,5807303.0
2025-12-31,279.91,286.44,274.5,281.86,11249357.0
2026-01-05,282.36,297.19,282.06,295.77,14762232.0
2026-01-06,297.04,298.05,290.48,294.15,10205506.0
2026-01-07,292.46,297.34,290.1,292.88,8406280.0
2026-01-08,293.85,299.67,290.13,294.68,8819648.0
2026-01-09,293.35,305.11,291.16,300.5,11948161.0
2026-01-12,306.38,316.21,300.73,314.8,14804144.0
2026-01-13,313.14,313.26,297.78,300.76,12977565.0
2026-01-14,300.76,312.4,297.72,302.24,14069396.0
2026-01-15,298.08,302.6,296.51,301.27,7173037.0
2026-01-16,301.33,302.98,295.71,298.9,9050805.0
2026-01-19,296.89,298.37,291.55,292.23,8727930.0
2026-01-20,293.41,295.12,285.67,290.6,7141408.0
2026-01-21,288.92,296.01,286.2,295.39,8263574.0
2026-01-22,295.12,296.89,283.6,284.75,12188105.0
2026-01-23,286.26,296.04,285.22,294.68,11386303.0
2026-01-26,294.18,294.68,281.09,282.09,9754782.0
2026-01-27,281.03,286.55,276.89,285.46,6495658.0
2026-01-28,285.37,287.74,280.23,282.42,5798570.0
2026-01-29,279.7,284.13,273.56,273.94,7557958.0
2026-01-30,273.02,276.42,267.35,272.61,6264663.0
2026-02-02,259.97,266.88,257.04,259.38,9927710.0
2026-02-03,262.95,262.95,254.0,262.21,8424232.0
2026-02-04,260.26,261.92,256.51,260.06,5252198.0
2026-02-05,258.19,259.97,256.6,257.46,3843850.0
2026-02-06,255.24,258.16,252.17,254.59,4445439.0
2026-02-09,249.36,254.0,245.2,253.2,9668113.0
2026-02-10,252.67,255.77,251.31,252.29,5042478.0
2026-02-11,258.22,261.12,254.83,255.12,8743598.0
2026-02-12,255.54,256.13,251.13,254.41,6575322.0
2026-02-13,254.38,256.07,252.23,252.43,5394511.0
2026-02-24,254.86,254.94,248.71,250.1,5232111.0
2026-02-25,251.1,251.96,248.86,250.84,5430663.0
2026-02-26,250.84,256.89,249.01,256.86,8185151.0
2026-02-27,255.24,258.25,251.31,255.27,6136790.0
2026-03-02,251.05,251.93,245.82,247.23,8681028.0
2026-03-03,247.23,250.22,235.09,235.27,8814601.0
2026-03-04,233.38,240.0,231.9,232.64,5662806.0
2026-03-05,236.33,237.81,233.08,234.06,4952087.0
2026-03-06,233.44,244.58,232.97,241.68,6361110.0
2026-03-09,236.81,240.88,229.83,238.99,6696492.0
2026-03-10,243.72,244.58,238.7,241.56,5805271.0
2026-03-11,241.36,243.07,238.79,238.96,4611659.0
2026-03-12,238.05,239.32,233.38,234.06,4945300.0
2026-03-13,232.73,235.39,231.49,233.32,4160596.0
2026-03-16,232.76,234.65,226.76,234.53,4620358.0
2026-03-17,235.45,239.23,232.49,233.02,5405399.0
2026-03-18,232.79,235.09,227.23,232.26,5500857.0
2026-03-19,228.89,230.07,226.23,226.88,4195835.0
2026-03-20,227.26,230.43,226.02,226.02,4482287.0
2026-03-23,220.56,222.74,213.29,215.42,6483400.0
2026-03-24,218.58,218.9,211.78,217.07,5023720.0
2026-03-25,218.02,222.98,218.02,221.56,4715177.0
2026-03-26,220.82,221.03,214.38,214.65,3693051.0
2026-03-27,211.81,217.43,211.73,215.21,3372309.0
2026-03-30,211.52,215.3,209.89,214.47,3729133.0
2026-03-31,214.47,224.52,213.2,219.2,7037915.0
2026-04-01,224.52,224.52,218.9,220.76,5390944.0
2026-04-02,219.2,220.09,212.46,213.67,4744817.0
2026-04-03,213.67,221.0,212.7,217.1,5202061.0
2026-04-07,217.13,220.23,212.4,214.41,4234591.0
2026-04-08,218.25,226.11,218.25,225.85,7537131.0
2026-04-09,223.63,225.31,220.79,224.13,4392821.0
2026-04-10,226.11,231.72,226.05,228.12,6244148.0
2026-04-13,224.66,228.12,224.25,224.84,4510491.0
2026-04-14,227.18,231.55,227.12,230.28,6128790.0
2026-04-15,231.25,233.02,225.26,226.7,5045238.0
2026-04-16,226.91,230.34,225.4,229.6,4607375.0
2026-04-17,229.07,229.07,226.11,227.47,4417531.0
2026-04-20,227.62,234.77,227.18,233.38,7963340.0
2026-04-21,233.56,234.44,227.8,231.75,5074818.0
2026-04-22,230.43,243.1,229.83,240.85,9688618.0
2026-04-23,239.38,253.5,239.32,251.19,14453361.0
2026-04-24,235.15,235.15,226.08,226.08,18391747.0
2026-04-27,223.07,224.22,216.54,218.7,10964650.0
2026-04-28,217.99,221.53,216.84,219.11,6019598.0
2026-04-29,219.44,219.7,215.39,216.75,6219932.0
2026-04-30,215.83,216.69,212.26,213.59,5975335.0
2026-05-06,212.7,219.44,212.7,216.25,7098112.0
2026-05-07,218.02,219.91,215.62,219.76,5390353.0
2026-05-08,218.61,224.43,217.43,223.69,6472454.0
2026-05-11,225.64,226.17,221.12,222.04,6644257.0
