date,open,high,low,close,volume
2017-08-01,12.53,15.03,12.53,15.03,29700.0
2017-08-02,16.53,16.53,16.53,16.53,13100.0
2017-08-03,18.18,18.18,18.18,18.18,17943.0
2017-08-04,20.0,20.0,20.0,20.0,92546.0
2017-08-07,22.0,22.0,19.51,20.54,37537331.0
2017-08-08,19.95,20.2,19.51,19.89,22994688.0
2017-08-09,19.54,19.79,19.2,19.24,16022893.0
2017-08-10,19.06,20.75,19.03,19.95,21416665.0
2017-08-11,19.57,20.17,19.57,19.67,13187869.0
2017-08-14,19.51,20.15,19.51,19.99,12880210.0
2017-08-15,20.0,21.99,19.91,21.99,27926027.0
2017-08-16,21.7,22.8,21.1,21.7,32741191.0
2017-08-17,21.26,23.39,20.85,22.49,31692273.0
2017-08-18,22.04,22.4,21.55,22.22,20745679.0
2017-08-21,21.98,23.5,21.82,23.14,24632218.0
2017-08-22,22.85,23.99,22.38,22.45,22611368.0
2017-08-23,22.09,23.38,21.52,22.88,24103743.0
2017-08-24,22.5,25.1,22.5,23.68,36959106.0
2017-08-25,23.3,26.05,23.03,26.05,38633799.0
2017-08-28,27.13,28.66,26.31,28.66,35091937.0
2017-08-29,29.7,31.53,28.4,28.67,37771880.0
2017-08-30,28.41,31.54,28.38,31.54,42195545.0
2017-08-31,32.52,34.69,32.52,34.69,44732908.0
2017-09-01,35.25,38.1,35.15,36.87,40932145.0
2017-09-04,34.8,34.83,33.18,33.18,22639161.0
2017-09-05,31.18,35.5,31.1,34.3,34266382.0
2017-09-06,32.85,33.29,31.21,32.13,29364344.0
2017-09-07,31.82,33.54,31.56,32.13,25580770.0
2017-09-08,31.4,31.64,29.84,30.2,23875783.0
2017-09-11,30.2,31.3,29.56,30.82,17556121.0
2017-09-12,30.75,31.57,29.65,31.19,22340284.0
2017-09-13,30.52,33.8,30.09,33.07,33353909.0
2017-09-14,32.42,34.79,32.11,32.86,32828372.0
2017-09-15,32.01,34.49,31.9,33.93,29894334.0
2017-09-18,33.53,33.95,31.15,31.91,21810099.0
2017-09-19,31.22,32.23,30.32,31.17,18927621.0
2017-09-20,30.52,31.37,30.51,31.04,12164680.0
2017-09-21,31.28,31.55,30.0,30.06,11501086.0
2017-09-22,29.69,31.5,28.72,30.84,18404782.0
2017-09-25,30.49,31.45,30.25,30.77,14028612.0
2017-09-26,30.28,30.3,27.85,28.2,15962302.0
2017-09-27,28.3,28.5,27.68,28.0,8719067.0
2017-09-28,27.95,28.43,26.88,27.03,9886101.0
2017-09-29,27.0,27.45,26.31,26.79,8787315.0
2017-10-09,27.3,29.06,27.06,28.85,14137745.0
2017-10-10,28.8,29.86,28.33,29.02,13851625.0
2017-10-11,28.64,28.8,27.49,27.58,10610229.0
2017-10-12,27.3,28.3,27.3,27.77,6072285.0
2017-10-13,27.78,28.28,27.02,27.91,6250450.0
2017-10-16,27.8,27.8,26.95,26.97,5737904.0
2017-10-17,26.99,27.47,26.85,27.22,4150327.0
2017-10-18,27.0,27.32,26.33,26.48,5477778.0
2017-10-19,26.34,26.49,25.33,25.43,6018551.0
2017-10-20,25.45,25.96,25.35,25.86,3829790.0
2017-10-23,25.78,26.9,25.7,26.62,5981908.0
2017-10-24,26.36,26.56,25.72,26.0,4361469.0
2017-10-25,26.02,26.66,25.88,26.36,4380766.0
2017-10-26,26.26,26.73,26.02,26.68,5255780.0
2017-10-27,26.99,27.2,26.32,26.47,4830699.0
2017-10-30,26.0,26.17,24.9,24.98,6285800.0
2017-10-31,25.08,25.68,25.08,25.5,3966442.0
2017-11-01,25.31,27.8,25.31,27.25,10564069.0
2017-11-02,27.06,29.82,26.85,29.37,23674489.0
2017-11-03,28.91,30.5,28.2,29.56,19797660.0
2017-11-06,29.6,29.63,28.58,29.24,12582158.0
2017-11-07,28.91,29.36,28.21,28.95,11081468.0
2017-11-08,28.71,29.99,28.71,29.43,16598388.0
2017-11-09,29.2,29.2,28.44,28.53,9487719.0
2017-11-10,28.61,28.91,27.8,27.97,9026505.0
2017-11-13,28.14,28.88,27.6,28.75,8812601.0
2017-11-14,28.65,28.8,27.78,28.05,7742010.0
2017-11-15,27.85,28.16,25.58,26.22,10043860.0
2017-11-16,26.33,26.37,25.15,25.37,7699662.0
2017-11-17,25.27,25.49,23.53,23.77,8098958.0
2017-11-20,23.69,24.48,22.86,24.45,4587354.0
2017-11-21,24.23,24.68,23.5,23.99,4528944.0
2017-11-22,23.99,24.2,23.6,24.04,4071600.0
2017-11-23,23.87,23.89,22.7,22.74,4450740.0
2017-11-24,22.68,22.98,22.51,22.61,3133240.0
2017-11-27,22.8,23.19,22.33,22.62,3046028.0
2017-11-28,22.65,23.16,22.65,23.13,2842314.0
2017-11-29,23.15,23.22,22.4,22.72,3237155.0
2017-11-30,22.6,23.14,22.52,22.69,2567186.0
2017-12-01,22.78,23.75,22.61,23.58,5434246.0
2017-12-04,23.27,23.46,21.82,22.02,5209791.0
2017-12-05,21.84,22.29,20.3,20.79,5289965.0
2017-12-06,20.81,21.23,20.37,21.19,3836653.0
2017-12-07,21.0,21.26,20.7,20.91,2617218.0
2017-12-08,20.85,21.8,20.85,21.45,4805793.0
2017-12-11,21.59,23.09,21.27,22.73,7417740.0
2017-12-12,22.59,22.59,21.62,21.7,5630235.0
2017-12-13,21.79,22.5,21.7,22.09,3863790.0
2017-12-14,21.95,22.14,21.62,21.94,3388878.0
2017-12-15,21.77,22.3,21.7,22.1,3715943.0
2017-12-18,21.97,21.97,21.25,21.44,2917301.0
2017-12-19,21.44,21.92,21.44,21.69,2388179.0
2017-12-20,21.61,21.73,21.08,21.17,2473603.0
2017-12-21,21.15,21.45,20.3,21.13,3977922.0
2017-12-22,20.99,21.34,20.78,20.86,2076887.0
2017-12-25,20.71,20.94,20.34,20.72,2676788.0
2017-12-26,20.8,21.84,20.75,21.73,7114907.0
2017-12-27,21.71,22.28,21.58,21.81,7772395.0
2017-12-28,21.56,21.96,21.1,21.71,5035557.0
2017-12-29,21.87,22.3,21.7,21.87,4272478.0
2018-01-02,21.85,22.11,21.6,21.93,3245751.0
2018-01-03,21.87,23.47,21.81,22.44,8299587.0
2018-01-04,22.46,23.79,22.43,23.15,12252517.0
2018-01-05,22.61,23.5,22.5,22.63,7165631.0
2018-01-08,22.8,23.27,22.11,22.95,7220432.0
2018-01-09,22.69,22.88,22.35,22.48,5155633.0
2018-01-10,22.31,22.57,21.85,22.1,4941012.0
2018-01-11,22.09,22.34,21.64,22.2,4232030.0
2018-01-12,22.1,24.42,21.93,24.19,19796004.0
2018-01-15,23.5,23.68,22.5,22.65,12325470.0
2018-01-16,22.3,24.88,22.25,24.29,15816827.0
2018-01-17,24.31,25.6,23.63,24.78,17138757.0
2018-01-18,24.44,26.16,24.1,25.6,15455577.0
2018-01-19,25.25,25.33,24.41,24.61,11198943.0
2018-01-22,24.1,24.3,22.88,23.67,8049688.0
2018-01-23,23.67,24.55,23.4,24.24,7313999.0
2018-01-24,24.11,24.28,23.61,23.89,5888567.0
2018-01-25,23.66,24.12,23.3,23.38,5480789.0
2018-01-26,23.24,23.65,22.73,22.85,5607432.0
2018-01-29,22.85,23.09,22.06,22.29,4978073.0
2018-01-30,22.29,22.45,21.84,22.16,4159417.0
2018-01-31,22.07,22.07,21.2,21.38,4899529.0
2018-02-01,21.38,21.68,20.58,21.07,3446899.0
2018-02-02,20.5,21.02,20.13,20.87,2724746.0
2018-02-05,20.4,21.39,20.11,21.26,2847391.0
2018-02-06,20.78,21.0,19.13,19.13,4619083.0
2018-02-07,19.58,19.95,18.0,19.16,3639853.0
2018-02-08,19.09,19.68,19.09,19.39,2073200.0
2018-02-09,18.51,18.86,17.88,18.08,3840800.0
2018-02-12,18.45,18.78,18.28,18.66,2524108.0
2018-02-13,18.9,19.77,18.7,18.9,3462194.0
2018-02-14,18.71,18.88,18.42,18.74,1910514.0
2018-02-22,19.08,19.25,18.84,19.14,1849994.0
2018-02-23,19.24,19.77,19.22,19.46,3468310.0
2018-02-26,19.62,20.22,19.58,20.1,4640210.0
2018-02-27,20.1,20.1,19.67,19.82,3096157.0
2018-02-28,19.7,19.75,19.33,19.58,2263482.0
2018-03-01,19.29,19.85,19.2,19.67,2692657.0
2018-03-02,19.38,20.35,19.36,19.9,4260034.0
2018-03-05,19.7,20.29,19.7,20.23,3995830.0
2018-03-06,20.19,20.45,19.91,20.22,4026129.0
2018-03-07,20.21,20.43,20.0,20.05,3246729.0
2018-03-08,19.9,21.17,19.88,20.89,7757125.0
2018-03-09,20.85,22.16,20.8,21.58,10794429.0
2018-03-12,21.3,21.75,21.14,21.43,6217886.0
2018-03-13,21.39,21.39,20.61,20.65,4890903.0
2018-03-14,20.73,21.29,20.73,20.82,3989900.0
2018-03-15,20.48,20.48,19.45,19.94,5675349.0
2018-03-16,19.95,20.11,19.67,19.69,2296538.0
2018-03-19,19.72,20.16,19.5,19.95,2554415.0
2018-03-20,19.73,20.35,19.34,20.33,5070868.0
2018-03-21,20.1,20.46,19.88,19.91,3937758.0
2018-03-22,19.91,20.38,19.85,20.18,3490960.0
2018-03-23,19.5,19.5,18.16,18.31,5701229.0
2018-03-26,18.0,18.97,17.25,18.69,3662968.0
2018-03-27,18.83,19.29,18.81,19.05,3386420.0
2018-03-28,18.7,19.98,18.43,19.29,4779753.0
2018-03-29,19.31,20.88,19.01,20.45,7081195.0
2018-03-30,20.3,20.51,19.98,20.37,6043970.0
2018-04-02,20.37,20.61,20.2,20.51,5327291.0
2018-04-03,20.22,21.48,20.03,20.86,7606186.0
2018-04-04,20.78,22.13,20.61,21.71,12994891.0
2018-04-09,21.16,21.7,20.9,21.38,7535009.0
2018-04-10,21.45,22.1,20.66,21.15,8197408.0
2018-04-11,21.0,21.61,20.9,21.18,5735441.0
2018-04-12,21.11,21.75,21.03,21.61,7350551.0
2018-04-13,21.88,21.88,20.93,20.98,7059754.0
2018-04-16,20.88,21.13,20.4,20.65,3698581.0
2018-04-17,20.93,21.07,19.8,19.86,3854186.0
2018-04-18,20.03,20.27,19.16,20.09,4620855.0
2018-04-19,20.12,20.98,19.9,20.28,4225711.0
2018-04-20,20.12,20.4,19.28,19.42,3604420.0
2018-04-23,19.52,19.76,19.3,19.68,2194460.0
2018-04-24,19.6,20.35,19.6,20.32,3873700.0
2018-04-25,20.11,20.75,20.11,20.65,4454143.0
2018-04-26,20.58,20.78,19.72,19.76,3618837.0
2018-04-27,19.78,20.13,19.55,19.72,2300841.0
2018-05-02,20.2,21.69,20.05,21.0,13430206.0
2018-05-03,20.84,23.06,20.6,22.6,18952993.0
2018-05-04,22.18,22.5,22.02,22.19,11245841.0
2018-05-07,22.25,23.54,22.13,23.13,13237925.0
2018-05-08,23.13,23.15,22.58,22.77,9337512.0
2018-05-09,22.84,22.95,22.34,22.86,7826700.0
2018-05-10,22.79,22.79,22.26,22.55,5823215.0
2018-05-11,22.66,22.78,22.14,22.21,4248157.0
2018-05-14,22.28,23.45,22.27,23.39,11917913.0
2018-05-15,23.1,24.28,22.95,23.56,11788244.0
2018-05-16,23.22,23.45,22.59,22.72,8626298.0
2018-05-17,22.63,22.97,22.42,22.94,4645893.0
2018-05-18,22.8,23.07,22.43,22.85,4388400.0
2018-05-21,23.0,23.88,22.89,23.29,7874322.0
2018-05-22,23.36,24.16,22.74,24.1,12036573.0
2018-05-23,23.8,24.43,23.52,23.58,9939582.0
2018-05-24,23.53,24.94,23.53,24.32,13564211.0
2018-05-25,24.12,24.9,23.98,24.26,10021103.0
2018-05-28,24.27,24.27,23.11,23.23,6471399.0
2018-05-29,23.07,23.55,22.46,22.53,5167612.0
2018-05-30,21.95,22.2,20.88,21.24,6694769.0
2018-05-31,21.48,22.4,21.48,22.33,6190273.0
2018-06-01,22.13,22.9,22.05,22.5,5437651.0
2018-06-04,22.64,23.02,22.27,22.71,4018499.0
2018-06-05,22.81,23.51,22.61,23.46,5751999.0
2018-06-06,23.44,23.44,23.06,23.31,4395413.0
2018-06-07,23.27,23.55,22.51,22.62,4574068.0
2018-06-08,22.27,23.0,21.94,22.93,5037745.0
2018-06-11,22.68,22.81,22.2,22.55,3337649.0
2018-06-12,22.65,22.8,21.8,22.65,3846814.0
2018-06-13,22.44,22.52,21.92,21.94,3067037.0
2018-06-14,21.79,22.4,21.75,22.17,2515039.0
2018-06-15,22.15,22.34,21.07,21.17,3848551.0
2018-06-19,20.81,20.81,19.05,19.19,4870019.0
2018-06-20,19.19,20.02,19.1,19.79,3453834.0
2018-06-21,19.81,20.1,19.21,19.4,3204550.0
2018-06-22,19.21,19.77,19.01,19.67,2516693.0
2018-06-25,19.93,20.14,19.46,19.61,2021551.0
2018-06-26,19.21,20.0,19.02,19.92,2410004.0
2018-06-27,19.85,20.11,19.65,19.72,2484519.0
2018-06-28,19.66,19.91,19.42,19.43,1850030.0
2018-06-29,19.33,20.11,19.28,20.06,2999116.0
2018-07-02,20.01,20.35,19.41,19.63,3015651.0
2018-07-03,19.71,20.05,19.42,20.03,2742850.0
2018-07-04,20.03,20.08,19.33,19.55,3052420.0
2018-07-05,19.57,19.57,18.23,18.27,3916036.0
2018-07-06,18.4,18.71,17.67,18.44,3587371.0
2018-07-09,18.87,19.41,18.59,19.24,3860556.0
2018-07-10,19.14,19.81,19.0,19.6,3681647.0
2018-07-11,19.21,19.26,18.81,19.05,2749845.0
2018-07-12,18.93,19.67,18.93,19.48,3183574.0
2018-07-13,19.51,19.59,19.34,19.54,2041919.0
2018-07-16,19.49,19.72,19.23,19.43,1722715.0
2018-07-17,19.41,19.49,19.01,19.44,1852249.0
2018-07-18,19.45,19.45,19.01,19.03,1935516.0
2018-07-19,18.92,19.15,18.44,18.54,2178365.0
2018-07-20,18.39,18.9,18.39,18.8,1815652.0
2018-07-23,18.64,19.21,18.62,19.09,2403343.0
2018-07-24,19.11,20.89,19.11,20.56,8647472.0
2018-07-25,20.61,20.62,19.95,20.12,5966627.0
2018-07-26,19.94,20.12,19.53,19.69,4354562.0
2018-07-27,19.34,19.41,18.71,19.09,5616365.0
2018-07-30,18.82,20.17,18.81,19.29,5857889.0
2018-07-31,18.83,20.2,18.63,19.46,5800301.0
2018-08-01,18.87,20.19,18.77,19.56,13875161.0
2018-08-02,19.21,19.21,17.91,18.59,8192304.0
2018-08-03,18.44,18.63,17.95,17.99,4067248.0
2018-08-06,17.69,18.28,17.6,17.82,2623804.0
2018-08-07,17.9,18.38,17.72,18.35,3376853.0
2018-08-08,18.26,18.49,17.86,17.87,2939529.0
2018-08-09,17.67,18.36,17.65,18.21,3154885.0
2018-08-10,18.16,18.4,17.95,18.23,2310601.0
2018-08-13,17.91,18.28,17.79,18.21,2762743.0
2018-08-14,18.05,18.48,18.05,18.32,2659706.0
2018-08-15,18.35,18.78,18.2,18.21,4562787.0
2018-08-16,17.85,18.73,17.55,18.27,4565115.0
2018-08-17,18.4,18.4,17.75,17.78,2855282.0
2018-08-20,18.4,18.89,18.29,18.67,7136839.0
2018-08-21,18.53,19.42,18.44,19.19,7941043.0
2018-08-22,19.02,19.38,18.85,19.11,4621255.0
2018-08-23,19.1,19.3,18.92,19.12,3848780.0
2018-08-24,19.12,19.38,18.93,18.95,3916828.0
2018-08-27,18.96,19.47,18.93,19.28,5507146.0
2018-08-28,19.34,19.5,19.22,19.36,3071605.0
2018-08-29,19.42,19.45,19.13,19.34,2805683.0
2018-08-30,19.34,19.37,18.62,18.79,2867037.0
2018-08-31,18.79,19.29,18.69,18.94,3450853.0
2018-09-03,18.77,19.24,18.72,19.21,3107045.0
2018-09-04,19.21,19.26,18.88,19.16,3431812.0
2018-09-05,19.05,19.06,18.59,18.59,3147358.0
2018-09-06,18.43,18.78,18.29,18.39,2703092.0
2018-09-07,18.46,18.79,18.31,18.58,2609426.0
2018-09-10,18.54,18.63,18.29,18.34,1903305.0
2018-09-11,18.34,18.48,18.12,18.31,1725228.0
2018-09-12,18.4,18.46,18.21,18.34,1656986.0
2018-09-13,18.51,18.58,18.17,18.47,1951006.0
2018-09-14,18.49,18.55,18.41,18.43,1907069.0
2018-09-17,18.43,18.43,17.9,17.9,1999021.0
2018-09-18,17.95,18.86,17.88,18.8,4236613.0
2018-09-19,18.66,18.89,18.52,18.66,3537490.0
2018-09-20,18.62,18.97,18.55,18.76,3124028.0
2018-09-21,18.76,19.11,18.68,18.97,4133855.0
2018-09-25,18.81,18.86,18.56,18.6,2562332.0
2018-09-26,18.63,19.2,18.63,19.06,4712599.0
2018-09-27,19.06,19.16,18.93,19.05,2650760.0
2018-09-28,19.06,19.31,18.96,19.3,3601052.0
2018-10-08,19.07,19.07,18.36,18.47,3394511.0
2018-10-09,18.45,18.78,18.31,18.54,2096764.0
2018-10-10,18.58,19.31,18.43,19.09,4900927.0
2018-10-11,18.53,18.66,17.71,17.96,5182132.0
2018-10-12,17.73,17.98,16.58,17.77,4389635.0
2018-10-15,17.72,17.96,17.37,17.39,1983663.0
2018-10-16,17.4,17.67,16.9,17.13,1908410.0
2018-10-17,17.54,17.54,16.76,17.28,1905448.0
2018-10-18,17.21,17.42,16.82,17.06,1709607.0
2018-10-19,16.6,17.44,16.56,17.34,2203580.0
2018-10-22,17.41,18.27,17.36,18.05,3982257.0
2018-10-23,18.08,18.1,17.55,17.62,2411194.0
2018-10-24,17.6,17.83,17.44,17.55,1532944.0
2018-10-25,16.93,17.31,16.84,17.27,1764887.0
2018-10-26,17.47,17.68,17.27,17.44,1396002.0
2018-10-29,17.43,17.98,17.39,17.49,1747223.0
2018-10-30,17.41,17.95,17.4,17.75,2914073.0
2018-10-31,17.78,19.51,17.73,18.67,6376077.0
2018-11-01,19.01,19.36,18.68,18.8,5631947.0
2018-11-02,19.05,19.21,18.87,19.06,3847917.0
2018-11-05,19.16,19.58,19.06,19.19,6426792.0
2018-11-06,19.02,19.39,18.82,19.21,3637917.0
2018-11-07,19.27,19.37,18.85,19.03,2612976.0
2018-11-08,19.27,19.31,18.86,18.91,2192200.0
2018-11-09,18.85,19.29,18.77,18.99,2018068.0
2018-11-12,19.05,19.59,18.96,19.56,4134600.0
2018-11-13,19.41,19.75,19.37,19.5,4391647.0
2018-11-14,19.35,20.52,19.35,20.01,9301225.0
2018-11-15,20.02,21.35,19.92,21.04,9707315.0
2018-11-16,21.19,21.69,21.03,21.23,6183113.0
2018-11-19,21.43,21.79,20.79,21.64,7086048.0
2018-11-20,21.34,21.66,20.94,21.51,7002819.0
2018-11-21,21.21,22.07,20.81,21.57,4423011.0
2018-11-22,21.58,22.22,21.37,21.98,4934087.0
2018-11-23,21.99,21.99,21.03,21.28,5188167.0
2018-11-26,21.08,21.87,21.08,21.35,4424281.0
2018-11-27,21.55,21.72,20.82,21.08,3097292.0
2018-11-28,21.23,21.7,21.05,21.56,3303536.0
2018-11-29,21.56,21.95,21.02,21.03,3376006.0
2018-11-30,21.14,21.62,21.01,21.45,2935369.0
2018-12-03,22.11,22.24,21.42,21.46,5288687.0
2018-12-04,21.52,21.71,20.89,21.26,4519960.0
2018-12-05,21.0,21.4,20.85,21.2,2773789.0
2018-12-06,21.2,21.2,20.23,20.35,4005777.0
2018-12-07,20.39,20.92,20.39,20.71,4703503.0
2018-12-10,20.88,21.63,20.85,21.22,6820830.0
2018-12-11,21.49,21.99,21.25,21.62,4468932.0
2018-12-12,21.62,21.79,21.27,21.32,2617283.0
2018-12-13,21.27,22.21,21.27,22.09,6899985.0
2018-12-14,22.07,22.23,21.6,21.63,3430384.0
2018-12-17,21.34,22.48,21.29,22.09,7116663.0
2018-12-18,21.82,22.75,21.45,22.37,5865793.0
2018-12-19,22.27,22.55,21.85,22.08,5304890.0
2018-12-20,21.87,22.18,21.33,21.55,4156593.0
2018-12-21,21.53,21.64,20.81,21.03,3075279.0
2018-12-24,21.03,21.14,20.66,20.93,2670752.0
2018-12-25,20.63,21.03,19.92,20.69,3529797.0
2018-12-26,20.58,20.97,20.51,20.7,1385453.0
2018-12-27,21.11,21.13,20.18,20.23,2460391.0
2018-12-28,20.13,20.43,19.98,20.17,1237120.0
2019-01-02,20.3,20.57,20.13,20.25,1114591.0
2019-01-03,20.26,20.29,19.52,19.55,2078784.0
2019-01-04,19.33,20.06,19.22,20.03,1705865.0
2019-01-07,20.23,20.67,20.23,20.6,2317743.0
2019-01-08,20.68,20.68,20.32,20.43,1299231.0
2019-01-09,20.6,20.78,20.09,20.12,2146211.0
2019-01-10,20.21,20.4,20.07,20.14,1364112.0
2019-01-11,20.21,20.33,19.85,20.25,1686368.0
2019-01-14,20.31,20.31,19.51,19.79,2722382.0
2019-01-15,19.78,19.98,19.4,19.88,2409088.0
2019-01-16,19.88,19.88,19.47,19.72,2668227.0
2019-01-17,19.75,19.75,19.26,19.36,3248483.0
2019-01-18,19.33,19.5,18.81,18.99,5265377.0
2019-01-21,18.99,19.28,18.63,19.22,4862872.0
2019-01-22,19.22,19.22,18.68,18.8,2471137.0
2019-01-23,18.75,19.09,18.73,18.9,2008024.0
2019-01-24,19.01,19.04,18.39,18.8,5056713.0
2019-01-25,18.68,18.81,18.44,18.48,3036041.0
2019-01-28,18.53,18.6,18.28,18.4,2420307.0
2019-01-29,18.46,18.46,17.92,18.01,2363046.0
2019-01-30,17.98,18.19,17.92,17.97,1376886.0
2019-01-31,18.1,18.12,17.9,18.0,1536184.0
2019-02-01,18.09,18.48,18.02,18.47,1961940.0
2019-02-11,18.46,18.93,18.41,18.9,2735916.0
2019-02-12,18.92,19.19,18.82,19.05,2765510.0
2019-02-13,19.05,19.3,18.91,19.2,3790704.0
2019-02-14,19.21,19.21,18.98,19.07,2664840.0
2019-02-15,19.06,19.06,18.86,18.86,2797597.0
2019-02-18,18.96,19.51,18.96,19.45,4736244.0
2019-02-19,19.47,19.57,19.02,19.28,5560143.0
2019-02-20,19.22,19.23,18.94,19.1,2618990.0
2019-02-21,19.16,19.42,18.98,19.07,4395767.0
2019-02-22,19.11,19.33,18.88,19.31,4720438.0
2019-02-25,19.42,20.1,19.21,20.03,11038457.0
2019-02-26,20.05,20.76,19.72,20.2,12282773.0
2019-02-27,20.35,20.76,20.17,20.31,9785454.0
2019-02-28,20.31,20.53,20.07,20.39,5618602.0
2019-03-01,20.39,20.44,20.06,20.3,5155437.0
2019-03-04,20.33,20.77,20.33,20.49,9393128.0
2019-03-05,20.4,20.65,20.28,20.63,6491524.0
2019-03-06,20.72,21.08,20.56,20.88,8637852.0
2019-03-07,20.82,21.83,20.62,21.45,11124918.0
2019-03-08,21.03,21.24,20.19,20.21,8944089.0
2019-03-11,20.41,20.87,20.31,20.83,5586529.0
2019-03-12,21.0,21.24,20.74,21.06,7922129.0
2019-03-13,21.0,21.34,20.74,20.85,7065537.0
2019-03-14,20.83,20.94,20.29,20.43,5343569.0
2019-03-15,20.53,21.22,20.51,21.02,6983950.0
2019-03-18,21.13,21.58,21.13,21.56,7316078.0
2019-03-19,21.57,21.63,21.15,21.39,5314007.0
2019-03-20,21.41,21.72,21.06,21.62,6150159.0
2019-03-21,21.64,21.72,21.37,21.58,5573854.0
2019-03-22,21.64,22.13,21.58,22.1,8452136.0
2019-03-25,22.23,22.41,21.69,21.72,9798143.0
2019-03-26,21.61,21.82,20.98,21.04,5990312.0
2019-03-27,21.14,21.27,20.66,21.0,3930236.0
2019-03-28,20.78,21.18,20.72,20.8,2831758.0
2019-03-29,20.74,21.28,20.56,21.21,6010547.0
2019-04-01,21.25,21.74,21.25,21.7,8760043.0
2019-04-02,21.85,22.11,21.54,21.66,6732081.0
2019-04-03,21.55,21.91,21.5,21.9,5606066.0
2019-04-04,22.18,22.26,21.72,21.95,7972370.0
2019-04-08,22.25,22.33,21.47,21.75,7435502.0
2019-04-09,21.84,22.03,21.47,21.98,4851174.0
2019-04-10,21.86,22.22,21.62,22.22,6093251.0
2019-04-11,22.24,22.32,21.74,21.8,5035403.0
2019-04-12,21.7,21.87,21.4,21.69,3295719.0
2019-04-15,21.85,22.04,21.7,21.79,5644202.0
2019-04-16,21.76,21.78,20.75,21.48,8162837.0
2019-04-17,21.38,21.57,21.21,21.34,4563432.0
2019-04-18,21.39,21.49,21.17,21.39,3633118.0
2019-04-19,21.3,21.48,21.09,21.35,2978124.0
2019-04-22,21.44,21.9,21.35,21.47,5173807.0
2019-04-23,21.4,21.4,20.93,20.99,3598725.0
2019-04-24,21.01,21.15,20.78,21.06,2143754.0
2019-04-25,21.02,21.2,20.55,20.57,2996788.0
2019-04-26,20.53,20.63,20.27,20.33,2305600.0
2019-04-29,20.32,20.32,19.76,19.84,2955204.0
2019-04-30,19.77,19.96,19.72,19.84,4186115.0
2019-05-06,19.6,19.6,18.51,18.74,4362987.0
2019-05-07,18.77,19.06,18.66,19.01,2120487.0
2019-05-08,18.71,19.16,18.52,18.88,1568380.0
2019-05-09,18.63,18.99,18.63,18.89,1352800.0
2019-05-10,19.02,19.35,18.73,19.27,2717488.0
2019-05-13,19.02,19.37,19.02,19.28,1826134.0
2019-05-14,19.34,19.8,19.19,19.59,3071621.0
2019-05-15,19.68,19.84,19.62,19.79,2158018.0
2019-05-16,19.82,19.87,19.65,19.83,1793818.0
2019-05-17,19.83,19.83,19.17,19.21,2858340.0
2019-05-20,19.2,19.74,19.03,19.52,1710440.0
2019-05-21,19.52,19.55,19.22,19.36,2808343.0
2019-05-22,19.3,19.38,18.64,18.69,3623208.0
2019-05-23,18.55,18.69,18.2,18.29,2983504.0
2019-05-24,18.22,18.55,18.2,18.48,1944600.0
2019-05-27,18.49,18.91,18.32,18.83,2561701.0
2019-05-28,18.72,19.09,18.71,18.77,1918449.0
2019-05-29,18.75,19.04,18.68,18.72,1806640.0
2019-05-30,18.72,18.85,18.39,18.59,1696035.0
2019-05-31,18.56,18.8,18.48,18.61,1769123.0
2019-06-03,18.62,18.65,18.26,18.32,1633182.0
2019-06-04,18.39,18.45,18.03,18.09,1998730.0
2019-06-05,18.26,18.3,18.1,18.1,1536861.0
2019-06-06,18.25,18.26,17.74,17.84,1707476.0
2019-06-10,18.01,18.07,17.87,17.94,1163920.0
2019-06-11,18.09,19.66,18.09,19.33,8449436.0
2019-06-12,19.53,20.0,19.17,19.26,9381684.0
2019-06-13,19.0,19.16,18.74,18.91,5561284.0
2019-06-14,18.91,18.96,18.38,18.43,3541625.0
2019-06-17,18.48,18.58,18.23,18.28,2432774.0
2019-06-18,18.38,18.55,18.15,18.45,1736930.0
2019-06-19,18.71,18.85,18.52,18.52,2774648.0
2019-06-20,18.59,18.96,18.46,18.74,3498720.0
2019-06-21,18.8,19.01,18.71,18.85,3662960.0
2019-06-24,18.88,18.93,18.68,18.74,1994460.0
2019-06-25,18.72,18.75,18.32,18.51,2453322.0
2019-06-26,18.51,18.55,18.35,18.39,1680362.0
2019-06-27,18.49,18.59,18.42,18.43,1972500.0
2019-06-28,18.51,18.51,18.09,18.13,2805314.0
2019-07-01,18.43,18.64,18.38,18.62,3372405.0
2019-07-02,18.64,18.69,18.54,18.64,2462588.0
2019-07-03,18.64,18.67,18.38,18.42,1921166.0
2019-07-04,18.51,18.88,18.42,18.61,3064455.0
2019-07-05,18.62,18.72,18.55,18.69,1846750.0
2019-07-08,18.56,18.62,18.07,18.09,3048504.0
2019-07-09,18.09,18.19,17.99,18.09,1411472.0
2019-07-10,18.22,18.22,17.99,17.99,1092235.0
2019-07-11,18.13,18.2,17.99,18.0,1161000.0
2019-07-12,18.0,18.12,17.93,18.04,993019.0
2019-07-15,18.06,18.25,17.8,18.16,1372241.0
2019-07-16,18.16,18.28,18.12,18.26,1340581.0
2019-07-17,18.15,18.35,18.15,18.28,1366161.0
2019-07-18,18.16,18.29,18.06,18.16,1803022.0
2019-07-19,18.13,18.38,18.13,18.2,1734488.0
2019-07-22,18.28,18.28,17.77,17.77,2319581.0
2019-07-23,17.8,17.93,17.71,17.87,1000512.0
2019-07-24,17.9,18.17,17.9,17.96,1263139.0
2019-07-25,17.94,18.22,17.94,18.17,2189512.0
2019-07-26,18.12,18.19,18.04,18.15,1116660.0
2019-07-29,18.15,18.17,18.01,18.01,1011980.0
2019-07-30,17.99,18.19,17.99,18.09,1394892.0
2019-07-31,18.06,18.1,18.04,18.04,1149027.0
2019-08-01,18.04,18.07,17.81,17.84,1705440.0
2019-08-02,17.58,17.62,17.36,17.42,2800553.0
2019-08-05,17.35,17.36,17.0,17.0,3319956.0
2019-08-06,16.8,16.86,16.47,16.67,3577804.0
2019-08-07,16.73,16.9,16.64,16.67,1759780.0
2019-08-08,16.71,16.77,16.5,16.64,1420026.0
2019-08-09,16.76,17.22,16.65,16.76,2838541.0
2019-08-12,16.76,16.84,16.52,16.78,1945735.0
2019-08-13,16.64,16.73,16.55,16.57,1179450.0
2019-08-14,16.71,16.83,16.64,16.64,1320897.0
2019-08-15,16.37,16.47,16.13,16.47,2147034.0
2019-08-16,16.42,16.8,16.42,16.6,3052323.0
2019-08-19,16.68,17.15,16.68,17.13,2940958.0
2019-08-20,17.09,17.32,17.07,17.16,1951570.0
2019-08-21,17.15,17.26,16.99,17.19,1544982.0
2019-08-22,17.22,17.32,17.13,17.26,1533424.0
2019-08-23,17.22,17.45,17.12,17.19,2738528.0
2019-08-26,16.77,16.77,16.44,16.52,3329078.0
2019-08-27,16.57,16.78,16.54,16.67,3198154.0
2019-08-28,16.67,16.76,16.51,16.65,2154140.0
2019-08-29,16.68,16.7,16.55,16.58,1405240.0
2019-08-30,16.64,16.7,16.18,16.25,3127064.0
2019-09-02,16.25,16.5,16.25,16.5,2099714.0
2019-09-03,16.48,16.97,16.39,16.9,4427322.0
2019-09-04,16.76,17.19,16.67,17.16,6100845.0
2019-09-05,17.19,17.28,17.03,17.07,5474097.0
2019-09-06,17.07,17.23,17.05,17.13,3184452.0
2019-09-09,17.29,17.35,17.18,17.33,3506542.0
2019-09-10,17.33,17.41,17.23,17.28,2217680.0
2019-09-11,17.32,17.39,17.15,17.18,2196840.0
2019-09-12,17.28,17.39,17.16,17.35,2720380.0
2019-09-16,17.36,17.42,17.22,17.28,2012930.0
2019-09-17,17.23,17.29,16.64,16.76,2973470.0
2019-09-18,16.84,16.86,16.61,16.73,2193611.0
2019-09-19,16.74,16.96,16.74,16.96,2361290.0
2019-09-20,17.51,17.77,17.26,17.35,9148838.0
2019-09-23,17.07,17.15,16.84,16.94,3653966.0
2019-09-24,16.93,17.05,16.84,16.9,2345557.0
2019-09-25,16.78,16.81,16.61,16.61,2363865.0
2019-09-26,16.73,16.73,16.35,16.47,2329555.0
2019-09-27,16.48,16.58,16.39,16.57,1213604.0
2019-09-30,16.51,16.64,16.38,16.38,1021264.0
2019-10-08,16.35,16.52,16.32,16.35,887023.0
2019-10-09,16.35,16.48,16.21,16.45,874843.0
2019-10-10,16.47,16.63,16.45,16.58,1204820.0
2019-10-11,16.57,16.61,16.41,16.5,1257012.0
2019-10-14,16.65,16.78,16.57,16.7,1794371.0
2019-10-15,16.68,16.68,16.35,16.55,1386880.0
2019-10-16,16.58,16.67,16.38,16.45,1287740.0
2019-10-17,16.45,16.47,16.38,16.38,1005600.0
2019-10-18,16.47,16.47,16.22,16.26,1571007.0
2019-10-21,16.22,16.31,16.13,16.25,1054576.0
2019-10-22,16.24,16.44,16.24,16.39,957680.0
2019-10-23,16.48,16.48,16.28,16.34,647160.0
2019-10-24,16.39,16.41,15.9,16.22,1172076.0
2019-10-25,16.5,16.5,16.24,16.41,1401865.0
2019-10-28,16.06,16.39,16.06,16.39,2132450.0
2019-10-29,16.38,16.45,16.13,16.15,1668524.0
2019-10-30,16.21,16.21,15.74,15.74,2489839.0
2019-10-31,15.71,15.71,15.21,15.27,4188855.0
2019-11-01,15.19,15.32,15.06,15.29,2153109.0
2019-11-04,15.19,15.37,15.18,15.18,1524470.0
2019-11-05,15.06,15.27,15.06,15.12,1596505.0
2019-11-06,15.15,15.28,15.08,15.09,1205580.0
2019-11-07,15.12,15.25,15.08,15.18,1006080.0
2019-11-08,15.28,15.28,15.06,15.12,1664960.0
2019-11-11,15.15,15.15,14.46,14.48,3547587.0
2019-11-12,14.54,14.61,14.28,14.5,1495910.0
2019-11-13,14.51,14.61,14.34,14.37,920462.0
2019-11-14,14.6,15.8,14.59,15.38,12871615.0
2019-11-15,14.96,14.99,14.59,14.61,8409640.0
2019-11-18,14.47,14.72,14.38,14.51,2808069.0
2019-11-19,14.51,15.19,14.51,15.02,5084637.0
2019-11-20,14.98,15.02,14.69,14.72,3190372.0
2019-11-21,14.64,14.72,14.57,14.69,2006946.0
2019-11-22,14.72,15.31,14.56,15.03,6492273.0
2019-11-25,15.02,15.8,14.92,15.45,7605485.0
2019-11-26,15.44,15.44,15.11,15.32,4040352.0
2019-11-27,15.31,15.41,15.16,15.32,2901269.0
2019-11-28,15.32,15.64,15.09,15.16,3833450.0
2019-11-29,15.05,15.14,14.83,15.03,2837871.0
2019-12-02,15.08,15.11,14.77,14.82,2250280.0
2019-12-03,14.76,14.98,14.66,14.96,1465967.0
2019-12-04,14.87,15.03,14.82,15.02,1465354.0
2019-12-05,15.05,15.24,14.96,15.11,2153300.0
2019-12-06,15.06,15.18,14.86,15.02,1874820.0
2019-12-09,15.03,15.14,14.93,15.14,2150819.0
2019-12-10,15.05,15.11,14.95,15.11,2151382.0
2019-12-11,15.09,15.32,15.01,15.15,2460036.0
2019-12-12,15.12,15.15,14.86,14.87,2505869.0
2019-12-13,14.95,15.09,14.95,15.05,2096240.0
2019-12-16,15.06,15.31,15.05,15.29,3234959.0
2019-12-17,15.24,15.48,15.24,15.47,4363284.0
2019-12-18,15.47,15.56,15.34,15.37,2785545.0
2019-12-19,15.41,15.54,15.35,15.45,2520415.0
2019-12-20,15.45,15.53,15.31,15.32,2063740.0
2019-12-23,15.4,15.4,14.96,15.02,2651220.0
2019-12-24,14.99,15.12,14.9,15.12,1601300.0
2019-12-25,15.06,15.09,14.93,15.02,1820940.0
2019-12-26,15.02,15.06,14.96,15.03,1430760.0
2019-12-27,15.06,15.21,15.03,15.06,2174360.0
2019-12-30,15.05,15.19,14.87,15.18,2446654.0
2019-12-31,15.11,15.27,15.11,15.22,2199905.0
2020-01-02,15.37,15.66,15.31,15.58,5556201.0
2020-01-03,15.66,15.74,15.51,15.63,5311420.0
2020-01-06,15.47,15.69,15.45,15.63,3961054.0
2020-01-07,15.66,16.42,15.6,16.16,7952057.0
2020-01-08,16.08,16.16,15.77,15.83,5590260.0
2020-01-09,16.0,16.06,15.86,16.0,3698167.0
2020-01-10,16.02,16.16,15.89,15.92,3088782.0
2020-01-13,15.84,15.97,15.69,15.97,2530804.0
2020-01-14,16.0,16.09,15.82,15.87,2397884.0
2020-01-15,15.89,15.89,15.63,15.71,2550261.0
2020-01-16,15.67,15.76,15.5,15.58,2844700.0
2020-01-17,15.57,15.7,15.48,15.53,1582720.0
2020-01-20,15.56,15.63,15.41,15.61,2125507.0
2020-01-21,15.61,15.61,15.34,15.35,2401040.0
2020-01-22,15.28,15.5,15.08,15.4,2368489.0
2020-01-23,15.4,15.4,14.76,14.9,3229100.0
2020-02-03,13.41,13.41,13.41,13.41,1045700.0
2020-02-04,12.26,13.12,12.26,12.99,4985879.0
2020-02-05,12.99,13.4,12.95,13.2,3055898.0
2020-02-06,13.2,13.37,13.07,13.28,3194120.0
2020-02-07,13.28,13.36,13.1,13.23,2674480.0
2020-02-10,13.2,13.66,13.12,13.63,4047201.0
2020-02-11,13.63,13.75,13.51,13.59,2952414.0
2020-02-12,13.59,13.75,13.59,13.72,2719735.0
2020-02-13,13.78,13.92,13.59,13.62,3230220.0
2020-02-14,13.59,13.67,13.49,13.54,2172040.0
2020-02-17,13.56,13.86,13.56,13.85,3277902.0
2020-02-18,13.89,13.99,13.76,13.99,3780069.0
2020-02-19,13.96,14.08,13.91,13.99,3988973.0
2020-02-20,14.01,14.3,13.96,14.3,4652255.0
2020-02-21,14.33,14.38,14.15,14.18,4689060.0
2020-02-24,14.14,14.27,13.95,14.22,4549611.0
2020-02-25,13.89,14.04,13.47,13.86,5510425.0
2020-02-26,13.67,14.82,13.59,14.22,11736617.0
2020-02-27,14.34,14.59,14.14,14.19,6692990.0
2020-02-28,13.83,14.74,13.67,14.5,12276724.0
2020-03-02,14.63,15.95,14.63,15.95,16898371.0
2020-03-03,16.68,16.93,15.79,16.13,27997682.0
2020-03-04,15.74,17.19,15.67,17.09,24452937.0
2020-03-05,17.36,17.54,16.64,16.96,22827331.0
2020-03-06,16.65,16.67,16.08,16.08,14547089.0
2020-03-09,15.69,15.74,15.22,15.28,9664670.0
2020-03-10,15.19,15.89,15.14,15.89,9338850.0
2020-03-11,15.86,15.86,15.38,15.44,6659529.0
2020-03-12,15.24,15.53,14.99,15.5,5340614.0
2020-03-13,14.66,15.5,14.61,15.09,5214687.0
2020-03-16,15.63,15.63,14.57,14.6,5405440.0
2020-03-17,14.61,15.08,14.01,14.46,5360093.0
2020-03-18,14.74,14.99,14.17,14.18,5495573.0
2020-03-19,14.11,14.3,13.7,14.11,5274140.0
2020-03-20,14.27,14.83,14.15,14.59,5422636.0
2020-03-23,14.18,14.24,13.85,13.88,3862220.0
2020-03-24,14.21,14.28,13.73,14.17,3719960.0
2020-03-25,14.4,14.46,14.21,14.43,3167806.0
2020-03-26,14.35,14.38,14.08,14.12,2841761.0
2020-03-27,14.34,14.79,14.21,14.41,5597697.0
2020-03-30,14.25,15.09,13.89,14.87,7977819.0
2020-03-31,14.93,15.01,14.54,14.57,4825060.0
2020-04-01,14.54,14.69,14.09,14.18,3995245.0
2020-04-02,14.02,14.33,13.91,14.33,2622997.0
2020-04-03,14.33,14.33,13.99,14.06,2567019.0
2020-04-07,14.27,14.46,14.19,14.41,3558780.0
2020-04-08,14.33,14.63,14.28,14.56,3485635.0
2020-04-09,14.66,14.73,14.44,14.47,2872410.0
2020-04-10,14.43,14.51,14.12,14.18,2929980.0
2020-04-13,14.12,14.18,13.99,14.06,1726670.0
2020-04-14,14.12,14.24,14.06,14.21,1650933.0
2020-04-15,14.21,14.27,14.04,14.06,1756360.0
2020-04-16,14.01,14.24,13.99,14.18,1782159.0
2020-04-17,14.22,14.7,14.12,14.51,5428645.0
2020-04-20,14.63,15.34,14.63,15.15,8960479.0
2020-04-21,15.08,16.09,14.8,15.79,12773953.0
2020-04-22,15.53,15.76,15.19,15.38,9966267.0
2020-04-23,15.16,16.21,15.06,15.63,10192472.0
2020-04-24,15.37,15.73,14.73,14.73,6752948.0
2020-04-27,14.79,14.95,14.54,14.6,2982718.0
2020-04-28,14.6,14.69,13.98,14.25,4247407.0
2020-04-29,14.27,14.35,14.09,14.15,2471049.0
2020-04-30,14.28,14.74,14.21,14.61,3763949.0
2020-05-06,14.5,15.21,14.48,15.12,4917359.0
2020-05-07,15.18,15.41,14.98,15.21,4650540.0
2020-05-08,15.21,15.4,15.09,15.22,4260300.0
2020-05-11,15.31,15.71,15.15,15.27,5813215.0
2020-05-12,15.22,15.31,14.93,15.11,3135880.0
2020-05-13,14.99,15.16,14.98,15.06,2061120.0
2020-05-14,14.99,15.06,14.83,14.92,2619223.0
2020-05-15,14.92,15.05,14.85,14.86,2139060.0
2020-05-18,15.09,15.47,14.96,15.32,7210637.0
2020-05-19,15.34,15.44,15.19,15.4,5901895.0
2020-05-20,15.28,15.31,14.82,14.85,5277278.0
2020-05-21,14.95,15.01,14.69,14.69,2749260.0
2020-05-22,14.69,14.79,14.35,14.4,3628460.0
2020-05-25,14.4,14.5,14.34,14.41,1321140.0
2020-05-26,14.51,14.57,14.43,14.56,2229230.0
2020-05-27,14.57,14.76,14.46,14.51,2061960.0
2020-05-28,14.46,14.57,14.22,14.34,2682380.0
2020-05-29,14.35,14.4,14.25,14.35,1644000.0
2020-06-01,14.4,14.66,14.4,14.66,3101621.0
2020-06-02,14.66,14.73,14.57,14.67,2591550.0
2020-06-03,14.69,14.74,14.57,14.59,2514749.0
2020-06-04,14.63,14.86,14.61,14.8,3636135.0
2020-06-05,14.76,14.8,14.59,14.67,2076406.0
2020-06-08,14.69,14.76,14.51,14.54,2314843.0
2020-06-09,14.54,14.63,14.47,14.63,1723441.0
2020-06-10,14.61,14.61,14.43,14.47,1896647.0
2020-06-11,14.47,14.56,14.28,14.34,2260180.0
2020-06-12,14.14,14.35,14.04,14.34,1866933.0
2020-06-15,14.34,14.57,14.25,14.35,1611520.0
2020-06-16,14.37,14.48,14.37,14.48,1549883.0
2020-06-17,14.48,14.5,14.34,14.43,1481766.0
2020-06-18,14.43,14.59,14.37,14.53,1993725.0
2020-06-19,14.54,14.59,14.47,14.54,1696440.0
2020-06-22,14.57,14.57,14.38,14.46,2284057.0
2020-06-23,14.44,14.5,14.33,14.37,1638303.0
2020-06-24,14.34,14.41,14.34,14.34,1553678.0
2020-06-29,14.31,14.34,14.19,14.21,1684820.0
2020-06-30,14.24,14.37,14.24,14.33,1341540.0
2020-07-01,14.33,14.56,14.3,14.56,2841788.0
2020-07-02,14.53,14.83,14.53,14.82,5249624.0
2020-07-03,14.9,15.09,14.79,14.95,5929843.0
2020-07-06,15.12,15.58,15.08,15.53,8022327.0
2020-07-07,15.7,15.79,15.37,15.45,7929084.0
2020-07-08,15.44,16.0,15.35,15.89,9190825.0
2020-07-09,15.9,16.18,15.77,16.13,9343157.0
2020-07-10,16.36,16.68,16.03,16.05,9869037.0
2020-07-13,16.47,17.26,16.47,16.87,13610449.0
2020-07-14,17.05,17.17,16.24,16.49,11401556.0
2020-07-15,16.5,16.64,15.78,15.9,8476019.0
2020-07-16,15.81,16.05,15.44,15.54,6813990.0
2020-07-17,15.57,15.76,15.5,15.66,4352319.0
2020-07-20,15.74,16.31,15.74,16.28,6348792.0
2020-07-21,16.37,16.5,16.05,16.13,5059878.0
2020-07-22,16.09,16.24,15.88,15.97,4809966.0
2020-07-23,15.85,15.99,15.51,15.88,5141139.0
2020-07-24,15.81,16.19,15.26,15.32,6216680.0
2020-07-27,15.32,15.53,15.09,15.19,3150269.0
2020-07-28,15.23,15.47,15.14,15.25,2632580.0
2020-07-29,15.25,15.47,15.03,15.43,3112053.0
2020-07-30,15.43,15.63,15.35,15.44,3483539.0
2020-07-31,15.43,15.74,15.28,15.69,5231798.0
2020-08-03,15.71,16.09,15.65,16.02,5591906.0
2020-08-04,16.02,16.12,15.87,15.99,5009908.0
2020-08-05,15.94,16.05,15.69,15.91,3504888.0
2020-08-06,15.97,16.38,15.9,16.21,6988566.0
2020-08-07,16.12,16.19,15.72,15.96,4485120.0
2020-08-10,15.93,16.53,15.76,16.47,7773258.0
2020-08-11,16.37,16.52,15.85,15.87,5845779.0
2020-08-12,15.84,15.99,15.57,15.97,4380984.0
2020-08-13,16.05,16.31,15.94,15.96,3630260.0
2020-08-14,15.94,15.99,15.69,15.99,3046120.0
2020-08-17,15.93,16.47,15.88,16.36,5635309.0
2020-08-18,16.36,16.68,16.31,16.5,6449464.0
2020-08-19,16.62,16.98,16.4,16.61,8403742.0
2020-08-20,16.53,16.53,16.05,16.15,5561420.0
2020-08-21,16.24,16.38,16.12,16.3,3627728.0
2020-08-24,16.4,16.8,16.34,16.46,4956622.0
2020-08-25,16.49,16.56,16.24,16.33,5098813.0
2020-08-26,16.34,16.53,15.96,15.99,4657074.0
2020-08-27,16.15,16.19,15.85,15.94,2640020.0
2020-08-28,16.02,16.1,15.85,16.07,2839467.0
2020-08-31,16.18,16.58,16.18,16.34,5110615.0
2020-09-01,16.3,16.49,16.19,16.33,3492880.0
2020-09-02,16.4,16.46,16.15,16.3,3833520.0
2020-09-03,16.31,16.52,16.16,16.22,4252210.0
2020-09-04,16.0,16.12,15.85,15.93,4330070.0
2020-09-07,15.91,16.02,15.59,15.68,4003093.0
2020-09-08,15.69,15.87,15.57,15.81,3211231.0
2020-09-09,15.62,15.76,15.41,15.43,4862920.0
2020-09-10,15.66,15.68,14.92,15.06,4240732.0
2020-09-11,15.0,15.14,14.91,15.12,1998960.0
2020-09-14,15.28,15.29,15.0,15.13,2412574.0
2020-09-15,15.12,15.26,15.03,15.14,1738820.0
2020-09-16,15.14,15.19,14.97,15.06,1850637.0
2020-09-17,15.25,15.25,14.98,15.09,1648136.0
2020-09-18,15.09,15.47,15.04,15.47,3489380.0
2020-09-21,15.47,15.47,15.32,15.43,1649545.0
2020-09-22,15.2,15.37,15.1,15.14,1876510.0
2020-09-23,15.19,15.35,15.17,15.26,1252800.0
2020-09-24,15.13,15.23,14.88,14.97,1926460.0
2020-09-25,15.1,15.1,14.88,14.95,1029361.0
2020-09-28,14.98,15.01,14.83,14.88,1043740.0
2020-09-29,15.09,15.1,14.91,15.0,1466840.0
2020-09-30,14.91,15.01,14.76,14.88,1237160.0
2020-10-09,14.98,15.19,14.94,15.16,1566654.0
2020-10-12,15.17,15.43,15.17,15.38,2837724.0
2020-10-13,15.32,15.37,15.22,15.31,1748737.0
2020-10-14,15.37,15.37,15.2,15.28,1408520.0
2020-10-15,15.29,15.29,15.09,15.09,1390540.0
2020-10-16,15.09,15.22,15.0,15.09,1054719.0
2020-10-19,15.09,15.26,15.01,15.04,1080005.0
2020-10-20,15.01,15.12,14.97,15.1,1069685.0
2020-10-21,15.1,15.19,14.97,15.19,1886526.0
2020-10-22,15.13,15.28,15.0,15.26,1618108.0
2020-10-23,15.32,15.32,15.0,15.03,1448220.0
2020-10-26,15.03,15.07,14.83,14.91,1161668.0
2020-10-27,14.82,14.97,14.82,14.92,809676.0
2020-10-28,14.91,14.95,14.7,14.86,1505857.0
2020-10-29,14.69,14.88,14.67,14.81,1292140.0
2020-10-30,14.76,14.85,14.45,14.48,1812940.0
2020-11-02,14.48,14.7,14.45,14.64,1575480.0
2020-11-03,14.7,14.89,14.7,14.83,1335680.0
2020-11-04,14.83,14.86,14.7,14.78,1025040.0
2020-11-05,14.83,14.95,14.81,14.94,1469560.0
2020-11-06,14.97,14.97,14.76,14.89,1785457.0
2020-11-09,14.97,15.19,14.92,15.09,2942523.0
2020-11-10,15.09,15.19,14.78,14.89,1799600.0
2020-11-11,14.91,15.12,14.79,14.94,2550422.0
2020-11-12,14.95,14.95,14.83,14.85,1302240.0
2020-11-13,14.82,14.85,14.7,14.83,1413839.0
2020-11-16,14.89,15.14,14.79,15.1,2173880.0
2020-11-17,15.06,15.14,14.92,15.0,1946349.0
2020-11-18,15.03,15.22,14.98,15.17,2655795.0
2020-11-19,15.14,15.22,15.1,15.1,1930674.0
2020-11-20,15.12,15.23,15.09,15.19,2477247.0
2020-11-23,15.22,15.29,15.09,15.17,2973054.0
2020-11-24,15.19,15.19,15.06,15.07,1812414.0
2020-11-25,15.09,15.13,14.86,14.88,2483777.0
2020-11-26,14.92,14.92,14.78,14.82,1409819.0
2020-11-27,14.83,14.98,14.78,14.94,1426660.0
2020-11-30,14.86,15.13,14.86,14.88,2131640.0
2020-12-01,14.88,15.16,14.83,15.1,2474797.0
2020-12-02,15.06,15.22,15.06,15.17,2633210.0
2020-12-03,15.19,15.26,15.09,15.19,2679331.0
2020-12-04,15.14,15.17,15.03,15.1,2294500.0
2020-12-07,15.06,15.1,14.85,14.88,2013280.0
2020-12-08,14.89,14.95,14.83,14.85,1393720.0
2020-12-09,14.89,14.89,14.57,14.6,2483290.0
2020-12-10,14.61,14.72,14.54,14.55,1594080.0
2020-12-11,14.66,14.66,14.27,14.36,1915514.0
2020-12-14,14.45,14.58,14.27,14.42,1293700.0
2020-12-15,14.33,14.47,14.29,14.44,870481.0
2020-12-16,14.41,14.55,14.32,14.35,635280.0
2020-12-17,14.36,14.45,14.1,14.39,1910666.0
2020-12-18,14.39,14.47,14.24,14.3,1408260.0
2020-12-21,14.26,14.26,14.11,14.16,2167120.0
2020-12-22,14.17,14.21,13.9,13.95,2010423.0
2020-12-23,13.92,13.99,13.82,13.86,1406740.0
2020-12-24,13.83,13.85,13.4,13.54,2230303.0
2020-12-25,13.54,13.68,13.43,13.59,939548.0
2020-12-28,13.55,13.62,13.34,13.4,1540602.0
2020-12-29,13.4,13.55,13.36,13.4,1174974.0
2020-12-30,13.42,13.57,13.4,13.52,1179340.0
2020-12-31,13.62,13.7,13.52,13.68,1675765.0
2021-01-04,13.7,13.73,13.57,13.62,1856142.0
2021-01-05,13.65,13.71,13.48,13.7,1618094.0
2021-01-06,13.71,13.89,13.62,13.79,2137211.0
2021-01-07,13.79,13.86,13.23,13.31,2660974.0
2021-01-08,13.3,13.48,13.09,13.37,1792550.0
2021-01-11,13.42,13.43,13.03,13.03,1678140.0
2021-01-12,13.05,13.24,13.05,13.09,1591736.0
2021-01-13,13.11,13.12,12.81,12.86,2292497.0
2021-01-14,12.86,13.39,12.77,13.24,2647298.0
2021-01-15,13.26,13.79,13.2,13.49,3012292.0
2021-01-18,13.45,13.76,13.37,13.51,1429600.0
2021-01-19,13.51,13.68,13.48,13.55,1501319.0
2021-01-20,13.52,13.79,13.51,13.57,2130917.0
2021-01-21,13.51,13.7,13.51,13.51,1805388.0
2021-01-22,13.51,13.58,13.23,13.34,1503100.0
2021-01-25,13.34,13.36,12.93,13.0,2555230.0
2021-01-26,13.0,13.2,12.92,13.08,1341880.0
2021-01-27,13.08,13.37,13.05,13.23,1294790.0
2021-01-28,13.08,13.37,13.08,13.2,1162870.0
2021-01-29,13.2,13.31,12.9,12.99,1922210.0
2021-02-01,13.11,13.27,12.95,13.21,1868940.0
2021-02-02,13.18,13.2,12.97,13.0,1719344.0
2021-02-03,13.08,13.08,12.72,12.72,1908140.0
2021-02-04,12.75,12.75,12.19,12.38,2752608.0
2021-02-05,12.33,12.56,12.22,12.31,1719277.0
2021-02-08,12.37,12.44,12.28,12.33,1867943.0
2021-02-09,12.33,12.55,12.15,12.49,1576586.0
2021-02-10,12.55,12.58,12.38,12.55,1293733.0
2021-02-18,12.61,12.78,12.61,12.71,1791904.0
2021-02-19,12.69,12.99,12.64,12.97,2470278.0
2021-02-22,12.99,13.31,12.99,13.03,4037920.0
2021-02-23,13.05,13.05,12.8,12.87,2260100.0
2021-02-24,12.83,13.03,12.83,12.99,2295180.0
2021-02-25,13.08,13.26,12.93,13.05,2835380.0
2021-02-26,12.86,13.24,12.83,13.09,2469951.0
2021-03-01,13.18,13.18,13.03,13.15,2253040.0
2021-03-02,13.18,13.23,12.93,13.06,2237874.0
2021-03-03,13.0,13.2,13.0,13.17,2445579.0
2021-03-04,13.14,13.34,13.03,13.21,3358803.0
2021-03-05,13.14,13.52,13.06,13.34,4184063.0
2021-03-08,13.4,13.48,13.18,13.23,2904822.0
2021-03-09,13.24,13.4,12.81,13.17,3665360.0
2021-03-10,13.17,13.26,12.9,12.93,2489980.0
2021-03-11,12.99,13.08,12.86,13.05,2291988.0
2021-03-12,13.06,13.18,12.96,13.14,2015220.0
2021-03-15,13.14,13.28,13.09,13.17,2378220.0
2021-03-16,13.17,13.4,13.15,13.39,2802609.0
2021-03-17,13.37,13.49,13.26,13.33,2030980.0
2021-03-18,13.27,13.42,13.23,13.31,1880584.0
2021-03-19,13.28,13.34,13.12,13.21,1780400.0
2021-03-22,13.2,13.46,13.2,13.45,2082364.0
2021-03-23,13.51,13.51,13.23,13.37,1862680.0
2021-03-24,13.33,13.52,13.27,13.48,2411680.0
2021-03-25,13.45,13.52,13.36,13.39,1713994.0
2021-03-26,13.39,13.59,13.36,13.52,2587530.0
2021-03-29,13.68,13.74,13.49,13.57,4332243.0
2021-03-30,13.54,14.13,13.42,14.08,6968431.0
2021-03-31,13.99,14.17,13.82,13.86,6195697.0
2021-04-01,13.9,14.01,13.79,13.88,2834360.0
2021-04-02,13.89,13.98,13.67,13.77,2614164.0
2021-04-06,13.82,13.82,13.59,13.67,1965740.0
2021-04-07,13.7,13.88,13.64,13.82,3186660.0
2021-04-08,13.79,13.8,13.59,13.79,2558286.0
2021-04-09,13.76,13.8,13.67,13.7,2002774.0
2021-04-12,13.7,13.79,13.59,13.64,1590760.0
2021-04-13,13.57,13.62,13.33,13.39,2481956.0
2021-04-14,13.33,13.88,13.31,13.71,3226218.0
2021-04-15,13.79,13.83,13.65,13.7,1485120.0
2021-04-16,13.68,13.9,13.64,13.88,2130080.0
2021-04-19,13.89,13.89,13.8,13.85,1646466.0
2021-04-20,13.86,14.04,13.76,13.99,3264881.0
2021-04-21,13.9,13.93,13.77,13.88,1681594.0
2021-04-22,13.88,13.98,13.74,13.88,1966760.0
2021-04-23,13.8,13.88,13.57,13.65,2047600.0
2021-04-26,13.58,13.67,13.37,13.46,2161671.0
2021-04-27,13.39,13.62,13.33,13.36,2120433.0
2021-04-28,13.31,13.54,13.31,13.43,1529907.0
2021-04-29,13.43,13.54,13.36,13.4,1352002.0
2021-04-30,13.42,13.45,13.14,13.2,1831269.0
2021-05-06,13.11,13.31,13.11,13.18,1132814.0
2021-05-07,13.15,13.31,13.14,13.24,1290856.0
2021-05-10,13.26,13.37,13.17,13.23,1579740.0
2021-05-11,13.23,13.23,13.03,13.18,1217840.0
2021-05-12,13.14,13.2,13.06,13.15,1023020.0
2021-05-13,13.14,13.15,13.05,13.08,1539976.0
2021-05-14,13.11,13.26,13.08,13.23,1783361.0
2021-05-17,13.21,13.27,13.08,13.09,1737115.0
2021-05-18,13.14,13.14,12.99,13.03,1408854.0
2021-05-19,13.03,13.06,12.99,13.0,1020835.0
2021-05-20,13.03,13.08,12.93,12.97,1578344.0
2021-05-21,12.99,13.05,12.95,12.99,1139920.0
2021-05-24,12.99,13.15,12.99,13.14,1590224.0
2021-05-25,13.14,13.21,13.03,13.2,1999320.0
2021-05-26,13.29,13.29,13.06,13.17,1839877.0
2021-05-27,13.2,13.24,13.12,13.21,938214.0
2021-05-28,13.23,13.36,13.12,13.12,1552080.0
2021-05-31,13.24,13.24,13.09,13.2,1112179.0
2021-06-01,13.18,13.44,13.17,13.44,2262570.0
2021-06-02,13.38,13.44,13.26,13.32,1471860.0
2021-06-03,13.27,13.55,13.24,13.45,2251640.0
2021-06-04,13.47,13.47,13.33,13.36,1743700.0
2021-06-07,13.36,13.42,13.21,13.26,1622025.0
2021-06-08,13.23,13.32,13.23,13.29,990559.0
2021-06-09,13.24,13.35,13.21,13.27,1066020.0
2021-06-10,13.27,13.27,13.2,13.24,1401543.0
2021-06-11,13.23,13.3,13.17,13.27,1732015.0
2021-06-15,13.27,13.29,13.09,13.2,1707700.0
2021-06-16,13.18,13.2,13.01,13.09,1156360.0
2021-06-17,13.09,13.17,13.03,13.06,1150461.0
2021-06-18,13.06,13.11,12.95,13.01,1213241.0
2021-06-21,13.0,13.06,12.92,12.95,1758186.0
2021-06-22,12.98,13.15,12.98,13.12,1300240.0
2021-06-23,13.12,13.14,12.98,13.01,1327520.0
2021-06-24,13.01,13.32,13.01,13.32,3155312.0
2021-06-25,13.36,13.39,13.23,13.29,2019560.0
2021-06-28,13.33,13.33,13.21,13.23,1378954.0
2021-06-29,13.24,13.27,13.06,13.07,1566340.0
2021-06-30,13.12,13.26,13.06,13.15,937980.0
2021-07-01,13.15,13.18,13.01,13.01,1295680.0
2021-07-02,13.01,13.06,12.95,12.98,1190140.0
2021-07-05,13.0,13.09,12.95,13.07,988960.0
2021-07-06,13.07,13.12,13.01,13.06,1004020.0
2021-07-07,13.11,13.12,13.03,13.06,946320.0
2021-07-08,13.14,13.14,12.92,12.94,1318560.0
2021-07-09,12.94,13.03,12.8,13.03,1314999.0
2021-07-12,13.06,13.14,13.01,13.06,1547934.0
2021-07-13,13.07,13.15,12.97,13.14,1717190.0
2021-07-14,13.17,13.17,13.01,13.04,1128168.0
2021-07-15,13.07,13.12,12.91,13.04,1728149.0
2021-07-16,13.06,13.06,12.91,12.95,1155880.0
2021-07-19,12.91,12.95,12.8,12.83,1196060.0
2021-07-20,12.8,12.82,12.74,12.82,814980.0
2021-07-21,12.89,13.36,12.85,12.98,1996216.0
2021-07-22,12.98,13.21,12.91,13.12,2469280.0
2021-07-23,13.12,13.18,12.98,13.14,2002776.0
2021-07-26,13.11,13.2,12.82,12.91,1986576.0
2021-07-27,12.94,12.97,12.7,12.71,1527625.0
2021-07-28,12.73,12.77,12.33,12.39,2144100.0
2021-07-29,12.5,12.53,12.38,12.45,1643535.0
2021-07-30,12.45,12.5,12.35,12.48,1336080.0
2021-08-02,12.47,12.71,12.36,12.66,1780411.0
2021-08-03,12.66,12.76,12.57,12.6,1444518.0
2021-08-04,12.65,12.66,12.54,12.59,1465108.0
2021-08-05,12.62,12.71,12.5,12.51,1116651.0
2021-08-06,12.5,12.53,12.38,12.42,1418940.0
2021-08-09,12.41,12.8,12.39,12.71,2578560.0
2021-08-10,12.71,12.71,12.6,12.66,1382600.0
2021-08-11,12.66,12.76,12.62,12.7,1327913.0
2021-08-12,12.73,12.74,12.63,12.66,1429717.0
2021-08-13,12.66,12.71,12.59,12.68,1380680.0
2021-08-16,12.79,13.06,12.79,12.98,3366493.0
2021-08-17,12.92,13.14,12.85,12.85,2778449.0
2021-08-18,12.85,13.32,12.83,13.24,4724410.0
2021-08-19,13.3,13.3,13.0,13.11,2655753.0
2021-08-20,13.06,13.21,12.95,13.21,1884014.0
2021-08-23,13.3,13.44,13.2,13.35,4034291.0
2021-08-24,13.3,13.39,13.24,13.35,2756640.0
2021-08-25,13.3,13.64,13.3,13.55,3895948.0
2021-08-26,13.65,13.65,13.52,13.52,2916680.0
2021-08-27,13.48,13.73,13.47,13.64,3091207.0
2021-08-30,13.68,13.71,13.45,13.47,2475400.0
2021-08-31,13.47,13.65,13.42,13.55,2188782.0
2021-09-01,13.62,13.8,13.52,13.76,3859268.0
2021-09-02,13.77,14.03,13.67,14.0,4967069.0
2021-09-03,13.99,14.08,13.85,13.97,3355960.0
2021-09-06,13.93,14.24,13.89,14.23,3592526.0
2021-09-07,14.2,14.27,14.11,14.23,2579584.0
2021-09-08,14.23,14.32,14.14,14.2,2425715.0
2021-09-09,14.2,14.46,14.14,14.34,3069100.0
2021-09-10,14.38,14.43,14.09,14.12,2965450.0
2021-09-13,14.09,14.38,14.08,14.34,2182783.0
2021-09-14,14.34,14.41,13.89,13.97,3467830.0
2021-09-15,14.17,14.3,13.99,14.06,2706222.0
2021-09-16,14.06,14.4,14.0,14.02,3272600.0
2021-09-17,13.96,14.11,13.8,13.96,2096193.0
2021-09-22,13.85,13.96,13.67,13.93,2265560.0
2021-09-23,13.99,14.29,13.99,14.27,3694118.0
2021-09-24,14.37,14.41,14.0,14.02,3141373.0
2021-09-27,13.96,14.05,13.45,13.7,3938450.0
2021-09-28,13.65,13.73,13.45,13.53,2136798.0
2021-09-29,13.45,13.55,13.14,13.27,2687046.0
2021-09-30,13.27,13.44,13.18,13.24,1993661.0
2021-10-08,13.42,13.61,13.36,13.52,2107340.0
2021-10-11,13.55,13.67,13.47,13.48,1865301.0
2021-10-12,13.44,13.5,13.14,13.27,1848380.0
2021-10-13,13.27,13.36,13.14,13.26,1073045.0
2021-10-14,13.29,13.36,13.15,13.3,987176.0
2021-10-15,13.35,13.41,13.17,13.18,1632080.0
2021-10-18,13.21,13.44,13.17,13.41,1583620.0
2021-10-19,13.41,13.55,13.29,13.45,1266557.0
2021-10-20,13.41,13.53,13.36,13.41,1095448.0
2021-10-21,13.39,13.5,13.3,13.39,1243748.0
2021-10-22,13.39,13.47,13.06,13.11,1788000.0
2021-10-25,13.11,13.14,12.85,13.03,1627394.0
2021-10-26,13.01,13.07,12.86,12.97,1091094.0
2021-10-27,12.97,13.03,12.7,12.7,2067140.0
2021-10-28,12.66,12.91,12.6,12.74,1589855.0
2021-10-29,12.85,12.92,12.7,12.79,1810690.0
2021-11-01,12.88,13.04,12.74,12.97,2366000.0
2021-11-02,12.92,13.04,12.54,12.68,2079820.0
2021-11-03,12.68,12.77,12.54,12.6,1738260.0
2021-11-04,12.6,12.68,12.54,12.65,2189840.0
2021-11-05,12.62,12.65,12.5,12.57,1949611.0
2021-11-08,12.57,12.6,12.47,12.56,2052573.0
2021-11-09,12.57,12.73,12.51,12.71,1937180.0
2021-11-10,12.71,12.76,12.53,12.73,1940901.0
2021-11-11,12.66,12.85,12.65,12.83,2077583.0
2021-11-12,12.89,12.92,12.77,12.88,1828728.0
2021-11-15,12.92,13.09,12.88,13.09,2346280.0
2021-11-16,13.15,13.23,13.03,13.07,2249314.0
2021-11-17,13.11,13.18,13.01,13.07,1707669.0
2021-11-18,13.06,13.14,12.95,12.95,1740680.0
2021-11-19,13.0,13.09,12.89,13.04,1226580.0
2021-11-22,13.12,13.29,13.06,13.23,1995009.0
2021-11-23,13.23,13.29,13.14,13.26,1671863.0
2021-11-24,13.3,13.35,13.18,13.3,1631514.0
2021-11-25,13.33,13.33,13.23,13.26,1058123.0
2021-11-26,13.29,13.39,13.18,13.36,1705120.0
2021-11-29,13.18,13.29,13.15,13.18,1595558.0
2021-11-30,13.15,13.42,13.14,13.38,2072873.0
2021-12-01,13.33,13.52,13.32,13.5,1634083.0
2021-12-02,13.5,13.55,13.38,13.47,1275180.0
2021-12-03,13.5,13.64,13.41,13.56,1491668.0
2021-12-06,13.56,13.64,13.42,13.44,1740840.0
2021-12-07,13.52,13.64,13.29,13.41,1897123.0
2021-12-08,13.35,13.44,13.29,13.33,1574494.0
2021-12-09,13.3,13.42,13.27,13.39,1646660.0
2021-12-10,13.38,13.45,13.29,13.36,1130041.0
2021-12-13,13.47,13.67,13.36,13.67,3115020.0
2021-12-14,13.64,13.89,13.58,13.79,2714282.0
2021-12-15,13.79,13.85,13.68,13.73,2006314.0
2021-12-16,13.8,13.82,13.7,13.79,1581183.0
2021-12-17,13.8,13.88,13.71,13.79,1956290.0
2021-12-20,13.79,14.15,13.65,14.05,5579453.0
2021-12-21,14.05,14.06,13.85,13.99,2506280.0
2021-12-22,14.05,14.05,13.91,13.96,1972400.0
2021-12-23,13.96,14.0,13.71,13.73,2205448.0
2021-12-24,13.74,13.82,13.58,13.59,1934780.0
2021-12-27,13.68,13.76,13.55,13.7,1748960.0
2021-12-28,13.73,13.82,13.65,13.74,1243440.0
2021-12-29,13.76,13.82,13.71,13.74,1136880.0
2021-12-30,13.8,13.82,13.71,13.76,1158040.0
2021-12-31,13.71,14.09,13.71,14.0,2899989.0
2022-01-04,14.05,14.15,13.89,14.09,2376840.0
2022-01-05,14.09,14.17,13.94,14.05,3055260.0
2022-01-06,13.96,14.21,13.94,14.17,2841580.0
2022-01-07,14.17,14.79,14.17,14.61,10777724.0
2022-01-10,14.73,16.07,14.5,16.07,30571711.0
2022-01-11,16.23,17.07,16.08,16.57,36470085.0
2022-01-12,15.85,16.55,15.84,15.96,23035730.0
2022-01-13,16.04,16.83,15.84,16.69,26518844.0
2022-01-14,16.52,16.55,15.95,16.1,18391760.0
2022-01-17,16.02,16.28,15.87,16.16,12103512.0
2022-01-18,16.16,17.77,15.64,17.77,34506111.0
2022-01-19,18.13,19.13,17.22,17.8,50960834.0
2022-01-20,17.39,17.74,16.96,16.96,26604813.0
2022-01-21,16.6,17.4,16.42,16.61,17281735.0
2022-01-24,16.42,17.27,16.32,16.7,13154054.0
2022-01-25,16.63,16.84,16.2,16.28,11908784.0
2022-01-26,16.4,17.42,15.95,17.24,18330275.0
2022-01-27,17.18,17.18,16.17,16.25,12832217.0
2022-01-28,16.48,16.6,15.5,16.23,11720439.0
2022-02-07,16.17,17.86,15.95,17.86,24380220.0
2022-02-08,18.21,18.39,17.21,17.95,38577156.0
2022-02-09,17.68,18.5,17.33,18.39,30958327.0
2022-02-10,18.19,19.5,17.92,18.5,36768833.0
2022-02-11,17.95,18.22,17.46,17.51,22630817.0
2022-02-14,17.31,18.03,17.05,17.9,20127353.0
2022-02-15,17.65,17.78,17.19,17.45,17792959.0
2022-02-16,17.54,18.5,17.24,18.19,28300012.0
2022-02-17,17.81,18.04,17.48,17.55,16822295.0
2022-02-18,17.39,18.13,17.18,17.72,17826892.0
2022-02-21,17.74,18.12,17.54,18.03,15396387.0
2022-02-22,17.69,17.74,16.55,16.57,22753054.0
2022-02-23,16.69,16.8,16.4,16.58,13110541.0
2022-02-24,16.46,16.51,15.35,15.63,20639002.0
2022-02-25,15.75,16.31,15.64,15.72,16308290.0
2022-02-28,15.61,15.79,15.23,15.38,10585575.0
2022-03-01,15.46,15.67,15.34,15.52,8060528.0
2022-03-02,15.38,15.63,15.28,15.49,6484582.0
2022-03-03,15.53,15.63,15.31,15.4,6525092.0
2022-03-04,15.32,15.37,15.0,15.06,8206748.0
2022-03-07,15.05,15.41,15.0,15.16,9074678.0
2022-03-08,15.12,15.25,14.62,14.73,8013332.0
2022-03-09,14.73,15.0,14.2,14.94,10155377.0
2022-03-10,15.19,15.5,15.03,15.47,11145140.0
2022-03-11,15.2,15.34,14.78,15.19,8590444.0
2022-03-14,15.03,15.23,14.53,14.61,7918189.0
2022-03-15,14.62,14.82,13.52,13.62,17951245.0
2022-03-16,13.97,14.09,13.32,14.05,11997531.0
2022-03-17,14.18,14.3,13.96,14.05,11810491.0
2022-03-18,14.05,14.61,13.73,14.53,13143840.0
2022-03-21,14.94,14.94,14.44,14.76,10655650.0
2022-03-22,14.65,14.84,14.58,14.68,6803760.0
2022-03-23,14.7,14.82,14.53,14.78,5738190.0
2022-03-24,14.67,14.73,14.44,14.49,4829898.0
2022-03-25,14.62,14.62,14.34,14.46,4220427.0
2022-03-28,14.5,14.65,14.08,14.61,6275160.0
2022-03-29,14.55,14.91,14.15,14.34,9705005.0
2022-03-30,14.35,14.88,14.35,14.67,9140346.0
2022-03-31,14.9,15.46,14.78,14.88,11273814.0
2022-04-01,14.7,15.06,14.64,14.85,8720086.0
2022-04-06,14.88,15.46,14.84,15.41,12484177.0
2022-04-07,15.79,16.51,15.41,15.43,25554139.0
2022-04-08,15.64,16.66,15.64,16.39,35381088.0
2022-04-11,16.87,17.01,16.13,16.42,29063629.0
2022-04-12,16.49,17.92,15.67,16.86,34009380.0
2022-04-13,16.2,16.77,15.76,16.52,25595731.0
2022-04-14,16.25,17.39,16.23,16.8,17931690.0
2022-04-15,16.57,16.92,15.95,16.07,15509234.0
2022-04-18,15.76,16.8,15.76,16.02,11890066.0
2022-04-19,16.17,16.61,16.02,16.61,13087955.0
2022-04-20,16.52,16.78,15.79,15.96,13079431.0
2022-04-21,15.79,15.9,14.85,14.93,12956323.0
2022-04-22,14.71,15.5,14.71,15.34,8223218.0
2022-04-25,15.05,16.87,15.05,16.87,39116670.0
2022-04-26,17.02,18.56,16.45,18.04,66181156.0
2022-04-27,18.07,19.35,17.14,18.19,67972319.0
2022-04-28,17.01,18.15,16.52,18.0,47568138.0
2022-04-29,18.0,18.89,17.21,18.36,50163424.0
2022-05-05,18.39,20.2,18.19,19.07,62252351.0
2022-05-06,18.0,19.38,17.92,18.21,42179122.0
2022-05-09,18.83,19.65,18.33,18.53,36826300.0
2022-05-10,18.04,20.38,18.04,20.38,21884607.0
2022-05-11,22.41,22.41,20.91,21.93,80675850.0
2022-05-12,20.8,21.05,19.74,19.74,65379617.0
2022-05-13,19.3,19.53,18.57,18.68,41853458.0
2022-05-16,18.66,19.0,18.48,18.78,25505092.0
2022-05-17,18.75,18.75,17.62,18.65,32475924.0
2022-05-18,18.27,18.91,18.27,18.47,22435410.0
2022-05-19,17.87,19.67,17.83,19.39,36744640.0
2022-05-20,19.13,19.38,18.63,19.07,24257496.0
2022-05-23,18.8,18.89,18.36,18.59,17727164.0
2022-05-24,18.71,18.74,16.78,16.8,27792864.0
2022-05-25,17.01,17.65,16.89,17.33,17712782.0
2022-05-26,17.34,18.53,17.3,17.71,23631680.0
2022-05-27,17.69,18.63,17.55,18.22,24447555.0
2022-05-30,18.22,18.56,17.68,17.86,14238801.0
2022-05-31,17.92,18.03,17.14,17.54,14038843.0
2022-06-01,17.59,17.77,17.21,17.37,11249437.0
2022-06-02,17.42,17.51,17.05,17.11,11251874.0
2022-06-06,17.01,17.3,16.87,17.28,12431900.0
2022-06-07,17.16,17.39,16.86,17.34,13830486.0
2022-06-08,17.34,17.55,16.57,17.11,18038705.0
2022-06-09,16.87,17.63,16.86,17.52,22389902.0
2022-06-10,17.27,17.31,16.93,17.14,14098125.0
2022-06-13,17.01,17.14,16.34,16.61,16354384.0
2022-06-14,16.61,16.98,16.34,16.89,12537311.0
2022-06-15,16.9,18.01,16.87,17.77,28340633.0
2022-06-16,17.93,18.01,17.36,17.66,18127226.0
2022-06-17,17.69,17.69,16.63,17.17,19114596.0
2022-06-20,17.06,17.87,17.0,17.66,15740698.0
2022-06-21,17.65,17.68,17.28,17.46,10699061.0
2022-06-22,17.46,17.55,16.66,16.7,13471265.0
2022-06-23,16.7,16.92,16.4,16.92,8898055.0
2022-06-24,16.82,16.92,16.54,16.65,8947834.0
2022-06-27,16.76,16.89,16.57,16.66,7707000.0
2022-06-28,16.6,16.71,16.46,16.71,6662722.0
2022-06-29,16.63,18.18,16.62,17.69,29598746.0
2022-06-30,17.36,18.45,17.31,18.15,24246816.0
2022-07-01,18.28,18.74,17.98,18.1,18903401.0
2022-07-04,17.98,18.26,17.58,17.72,11784285.0
2022-07-05,17.88,17.9,17.41,17.63,10830893.0
2022-07-06,17.44,17.52,16.95,17.04,8708404.0
2022-07-07,17.27,17.27,16.98,17.11,4814612.0
2022-07-08,17.41,18.42,17.23,18.18,19634141.0
2022-07-11,18.09,18.59,18.02,18.15,17209019.0
2022-07-12,18.15,19.15,18.06,18.97,24775206.0
2022-07-13,19.38,19.4,18.63,18.88,23144212.0
2022-07-14,18.8,18.88,18.06,18.36,14725500.0
2022-07-15,18.42,18.42,17.65,17.66,11330823.0
2022-07-18,17.72,18.89,17.72,18.74,17449919.0
2022-07-19,18.74,18.77,18.23,18.31,10907620.0
2022-07-20,18.36,18.55,18.07,18.12,9118307.0
2022-07-21,18.07,18.31,17.91,17.93,9768793.0
2022-07-22,17.87,18.26,17.72,18.15,8390477.0
2022-07-25,18.04,18.06,17.22,17.3,13000300.0
2022-07-26,17.3,17.5,17.06,17.5,6660545.0
2022-07-27,17.44,17.44,17.16,17.25,5349001.0
2022-07-28,17.31,17.44,17.25,17.39,6255649.0
2022-07-29,17.38,17.38,16.74,16.82,10364804.0
2022-08-01,16.71,16.71,16.4,16.54,8071747.0
2022-08-02,16.38,16.54,15.19,15.48,14529222.0
2022-08-03,15.4,15.65,15.27,15.31,7102233.0
2022-08-04,15.37,15.61,15.26,15.61,4529564.0
2022-08-05,15.59,15.72,15.45,15.68,3995111.0
2022-08-08,15.65,15.97,15.54,15.76,4544580.0
2022-08-09,15.73,15.8,15.62,15.67,3925520.0
2022-08-10,15.7,15.7,15.42,15.54,5146894.0
2022-08-11,15.64,15.89,15.59,15.78,8819686.0
2022-08-12,15.7,16.05,15.65,16.0,7877925.0
2022-08-15,15.92,16.11,15.86,15.92,4406880.0
2022-08-16,15.99,16.22,15.86,15.97,5747690.0
2022-08-17,15.95,16.05,15.64,15.78,7730385.0
2022-08-18,15.73,15.73,15.57,15.68,4981724.0
2022-08-19,15.76,15.83,15.64,15.67,4064580.0
2022-08-22,15.67,15.94,15.49,15.92,5944246.0
2022-08-23,15.92,15.92,15.75,15.83,3334860.0
2022-08-24,15.86,15.89,15.49,15.54,5023360.0
2022-08-25,15.62,16.03,15.56,15.89,7822915.0
2022-08-26,15.89,15.97,15.49,15.62,7565169.0
2022-08-29,15.46,15.61,15.34,15.59,4477272.0
2022-08-30,15.61,15.86,15.53,15.8,5297196.0
2022-08-31,15.7,15.75,15.32,15.49,7355380.0
2022-09-01,15.48,15.92,15.42,15.54,6161199.0
2022-09-02,15.67,15.72,15.27,15.42,5397089.0
2022-09-05,15.37,15.62,15.26,15.61,5875260.0
2022-09-06,15.62,15.81,15.56,15.73,6030430.0
2022-09-07,15.78,15.8,15.61,15.73,3916243.0
2022-09-08,15.76,16.05,15.65,15.67,4884400.0
2022-09-09,15.62,16.05,15.57,15.97,8477334.0
2022-09-13,16.05,16.08,15.83,15.87,5532520.0
2022-09-14,15.73,15.76,15.57,15.73,5211909.0
2022-09-15,15.86,15.92,15.34,15.65,5855920.0
2022-09-16,15.64,15.64,14.61,14.61,10154193.0
2022-09-19,14.61,14.69,14.28,14.55,3967626.0
2022-09-20,14.51,14.74,14.51,14.64,2678381.0
2022-09-21,14.7,14.85,14.39,14.77,3214300.0
2022-09-22,14.66,14.96,14.61,14.66,2874660.0
2022-09-23,14.64,14.86,14.48,14.55,3554567.0
2022-09-26,14.48,14.61,14.07,14.14,4045153.0
2022-09-27,14.14,14.42,14.14,14.37,3153881.0
2022-09-28,14.37,14.39,14.06,14.1,2890209.0
2022-09-29,14.23,14.29,13.87,14.02,3492385.0
2022-09-30,13.95,14.59,13.95,14.37,4835641.0
2022-10-10,14.4,14.47,14.18,14.2,2778520.0
2022-10-11,14.09,14.29,13.99,14.23,2001660.0
2022-10-12,14.21,14.48,14.04,14.48,2418953.0
2022-10-13,14.4,14.56,14.31,14.44,2417700.0
2022-10-14,14.53,14.64,14.51,14.63,4056620.0
2022-10-17,14.55,14.74,14.48,14.72,3333034.0
2022-10-18,14.78,14.83,14.66,14.72,2893920.0
2022-10-19,14.77,14.85,14.59,14.61,3438629.0
2022-10-20,14.61,14.7,14.5,14.59,3473810.0
2022-10-21,14.61,14.88,14.59,14.74,3760112.0
2022-10-24,14.74,14.85,14.23,14.32,4650220.0
2022-10-25,14.31,14.45,14.14,14.31,3105980.0
2022-10-26,14.32,14.55,14.32,14.47,2816880.0
2022-10-27,14.51,14.59,14.45,14.48,2256100.0
2022-10-28,14.5,14.5,13.95,13.96,3617660.0
2022-10-31,14.06,14.37,13.99,14.36,4128335.0
2022-11-01,14.39,14.74,14.39,14.72,4469228.0
2022-11-02,14.72,14.8,14.66,14.74,2955773.0
2022-11-03,14.66,14.93,14.64,14.86,3837633.0
2022-11-04,14.86,15.05,14.85,15.04,3879760.0
2022-11-07,15.04,15.19,14.96,15.08,3829967.0
2022-11-08,15.05,15.19,14.91,15.04,3457153.0
2022-11-09,15.13,15.19,14.96,14.99,3130543.0
2022-11-10,14.99,15.08,14.8,15.02,2600121.0
2022-11-11,15.19,15.27,15.0,15.16,6949055.0
2022-11-14,15.21,15.34,15.1,15.16,5168040.0
2022-11-15,15.13,15.26,15.04,15.24,3804820.0
2022-11-16,15.26,15.31,15.08,15.13,2658500.0
2022-11-17,15.1,15.35,15.05,15.34,4474360.0
2022-11-18,15.35,15.37,15.13,15.13,2982580.0
2022-11-21,15.1,15.18,14.96,15.1,2666264.0
2022-11-22,15.04,15.61,15.04,15.43,8138756.0
2022-11-23,15.35,15.94,15.26,15.68,14378915.0
2022-11-24,15.54,15.64,15.15,15.27,8941380.0
2022-11-25,15.26,15.54,15.16,15.38,5501960.0
2022-11-28,15.27,15.29,15.0,15.15,4989086.0
2022-11-29,15.35,15.67,15.27,15.61,7090340.0
2022-11-30,15.62,15.67,15.29,15.35,5432646.0
2022-12-01,15.43,15.51,15.16,15.27,7023680.0
2022-12-02,15.24,15.35,15.12,15.35,4243723.0
2022-12-05,15.37,15.68,15.34,15.67,8265376.0
2022-12-06,15.62,15.72,15.4,15.46,5166376.0
2022-12-07,15.46,15.61,15.38,15.48,4717621.0
2022-12-08,15.45,15.56,15.35,15.45,3996746.0
2022-12-09,15.4,15.46,15.27,15.43,3166900.0
2022-12-12,15.45,15.45,15.05,15.08,4819200.0
2022-12-13,15.08,15.21,15.02,15.21,2577960.0
2022-12-14,15.18,15.23,14.94,14.96,2914599.0
2022-12-15,14.96,15.05,14.89,15.02,2042600.0
2022-12-16,15.02,15.13,14.81,14.96,2495025.0
2022-12-19,14.96,15.0,14.45,14.56,3629523.0
2022-12-20,14.66,14.67,14.36,14.53,2943513.0
2022-12-21,14.51,14.64,14.39,14.44,1915046.0
2022-12-22,14.48,14.59,14.21,14.26,2327400.0
2022-12-23,14.12,14.4,14.12,14.31,1469640.0
2022-12-26,14.23,14.42,14.23,14.36,1336633.0
2022-12-27,14.39,14.58,14.32,14.5,2065360.0
2022-12-28,14.42,14.47,14.12,14.2,2917586.0
2022-12-29,14.2,14.26,14.1,14.18,1824019.0
2022-12-30,14.2,14.39,14.18,14.36,2117610.0
2023-01-03,14.36,14.61,14.34,14.56,3129810.0
2023-01-04,14.51,14.69,14.48,14.63,3185793.0
2023-01-05,14.66,14.7,14.59,14.66,2184839.0
2023-01-06,14.66,14.75,14.61,14.61,1906700.0
2023-01-09,14.64,14.8,14.63,14.69,2620220.0
2023-01-10,14.67,14.74,14.55,14.56,2166960.0
2023-01-11,14.55,14.72,14.53,14.58,2355974.0
2023-01-12,14.56,14.61,14.48,14.5,1562880.0
2023-01-13,14.58,14.63,14.53,14.61,1323440.0
2023-01-16,14.61,14.74,14.59,14.7,2671217.0
2023-01-17,14.78,14.78,14.66,14.7,1457540.0
2023-01-18,14.7,14.8,14.7,14.74,1395940.0
2023-01-19,14.75,14.88,14.7,14.86,1915200.0
2023-01-20,15.07,15.07,14.91,15.05,2719440.0
2023-01-30,15.26,15.32,15.08,15.1,4347840.0
2023-01-31,15.15,15.24,15.04,15.23,3149309.0
2023-02-01,15.26,15.46,15.21,15.45,4948680.0
2023-02-02,15.4,15.46,15.34,15.38,2930469.0
2023-02-03,15.42,15.51,15.34,15.45,4330216.0
2023-02-06,15.35,15.51,15.34,15.46,2805820.0
2023-02-07,15.45,15.62,15.45,15.57,3442940.0
2023-02-08,15.53,15.62,15.38,15.43,3113143.0
2023-02-09,15.46,15.57,15.4,15.57,2424880.0
2023-02-10,15.57,15.68,15.53,15.68,3200000.0
2023-02-13,15.73,15.81,15.61,15.76,3124500.0
2023-02-14,15.8,15.81,15.67,15.75,3218600.0
2023-02-15,15.73,15.8,15.65,15.72,2138620.0
2023-02-16,15.73,15.8,15.32,15.42,3940560.0
2023-02-17,15.42,15.61,15.42,15.45,2922240.0
2023-02-20,15.59,15.73,15.43,15.73,3675749.0
2023-02-21,15.73,15.8,15.67,15.76,3476020.0
2023-02-22,15.76,15.91,15.73,15.83,3599935.0
2023-02-23,15.91,16.03,15.76,15.91,3962580.0
2023-02-24,15.83,15.89,15.65,15.84,2792603.0
2023-02-27,15.87,15.89,15.67,15.68,2559935.0
2023-02-28,15.7,15.92,15.7,15.84,2687055.0
2023-03-01,15.84,16.16,15.67,16.14,5905281.0
2023-03-02,16.16,16.44,16.13,16.32,7466560.0
2023-03-03,16.35,16.52,16.25,16.41,6028061.0
2023-03-06,16.41,16.54,16.16,16.19,6399740.0
2023-03-07,16.19,16.44,16.05,16.08,7063300.0
2023-03-08,16.0,16.33,16.0,16.25,4425352.0
2023-03-09,16.25,16.68,16.13,16.55,8680876.0
2023-03-10,16.38,16.38,16.03,16.1,7525247.0
2023-03-13,16.1,16.33,16.06,16.24,4883402.0
2023-03-14,16.22,16.29,15.83,15.87,5661216.0
2023-03-15,15.95,16.32,15.91,16.25,6264623.0
2023-03-16,16.29,16.36,16.0,16.1,5148020.0
2023-03-17,16.22,16.4,16.16,16.21,4765336.0
2023-03-20,16.25,16.32,16.02,16.02,5274900.0
2023-03-21,16.05,16.21,15.99,16.1,3458590.0
2023-03-22,16.21,17.71,16.21,17.14,34605710.0
2023-03-23,16.84,17.23,16.76,16.98,28223362.0
2023-03-24,16.97,16.98,16.51,16.57,15194438.0
2023-03-27,17.17,18.23,17.17,18.23,48255023.0
2023-03-28,18.48,18.75,17.83,18.21,40001227.0
2023-03-29,18.12,18.2,17.57,17.83,20529274.0
2023-03-30,18.04,18.42,17.79,18.25,23626990.0
2023-03-31,18.02,18.02,17.44,17.87,17120663.0
2023-04-03,17.68,17.83,17.58,17.82,13617179.0
2023-04-04,17.8,18.15,17.66,17.98,14913655.0
2023-04-06,17.99,18.04,17.5,17.53,11642840.0
2023-04-07,17.66,17.85,17.55,17.68,7718840.0
2023-04-10,17.71,18.01,17.5,17.57,7335197.0
2023-04-11,17.57,17.71,17.28,17.63,6255437.0
2023-04-12,17.57,17.79,17.47,17.76,7002708.0
2023-04-13,17.65,18.09,17.57,18.09,13582700.0
2023-04-14,18.02,18.14,17.83,18.01,9719220.0
2023-04-17,17.93,18.17,17.72,18.17,9085058.0
2023-04-18,18.02,18.07,17.5,17.68,8447200.0
2023-04-19,17.63,17.88,17.58,17.71,6312780.0
2023-04-20,17.71,18.14,17.55,18.12,10622520.0
2023-04-21,18.04,18.34,17.68,17.69,8967119.0
2023-04-24,17.69,18.1,17.39,17.87,7568544.0
2023-04-25,17.98,18.02,17.23,17.57,10102113.0
2023-04-26,17.49,17.83,17.33,17.65,6218200.0
2023-04-27,17.55,18.59,17.52,18.59,16276669.0
2023-04-28,18.78,18.93,18.06,18.29,21021639.0
2023-05-04,18.18,19.46,18.04,19.43,20986548.0
2023-05-05,20.57,21.38,20.57,21.38,10456518.0
2023-05-08,23.51,23.51,23.51,23.51,4747526.0
2023-05-09,25.63,25.87,24.52,25.87,102774915.0
2023-05-10,25.39,26.66,24.08,26.25,72949599.0
2023-05-11,25.31,25.31,23.62,23.62,36451966.0
2023-05-12,22.14,22.48,21.27,21.27,51518106.0
2023-05-15,20.87,21.61,20.78,21.61,35608357.0
2023-05-16,21.23,22.61,21.03,21.52,38157281.0
2023-05-17,20.97,22.06,20.92,21.55,26249698.0
2023-05-18,21.34,22.61,21.14,22.36,34619867.0
2023-05-19,22.07,22.2,21.27,21.79,23556190.0
2023-05-22,22.06,22.67,21.2,21.27,22682870.0
2023-05-23,21.27,21.57,20.33,20.4,24791770.0
2023-05-24,20.33,20.79,20.27,20.46,14162960.0
2023-05-25,20.32,20.57,20.14,20.48,11405812.0
2023-05-26,21.01,21.47,20.57,21.38,26598919.0
2023-05-29,21.08,21.46,20.43,20.82,16762640.0
2023-05-30,20.76,21.6,20.7,21.22,16555631.0
2023-05-31,21.0,21.87,20.87,21.53,19915891.0
2023-06-01,21.53,22.44,21.03,21.71,21779620.0
2023-06-02,21.69,21.87,21.34,21.42,14929240.0
2023-06-05,21.2,21.72,21.2,21.61,10426294.0
2023-06-06,21.46,22.53,21.39,22.01,25164540.0
2023-06-07,21.8,22.21,21.36,21.63,16992491.0
2023-06-08,21.53,23.19,21.46,22.8,36934104.0
2023-06-09,22.33,22.63,21.91,22.61,25808434.0
2023-06-12,22.21,22.33,21.85,22.12,14389059.0
2023-06-13,21.96,22.1,20.6,20.71,26091248.0
2023-06-14,20.68,21.31,20.63,20.97,14707355.0
2023-06-15,20.95,21.19,20.74,20.84,9709400.0
2023-06-16,20.82,21.39,20.79,21.2,9762660.0
2023-06-19,21.46,22.37,21.34,22.02,20415400.0
2023-06-20,22.09,22.09,21.41,21.47,11615900.0
2023-06-21,21.58,21.84,21.14,21.19,11581712.0
2023-06-26,21.22,21.22,20.36,20.57,9659195.0
2023-06-27,20.55,20.81,20.1,20.79,10390804.0
2023-06-28,20.81,20.83,19.98,20.39,10936242.0
2023-06-29,20.23,21.03,20.19,20.91,8479656.0
2023-06-30,20.75,21.12,20.75,20.77,6490344.0
2023-07-03,20.81,21.08,20.47,20.87,6682564.0
2023-07-04,20.85,20.85,20.31,20.55,7537308.0
2023-07-05,20.41,20.81,20.31,20.41,5349592.0
2023-07-06,20.37,20.45,20.1,20.15,6360420.0
2023-07-07,20.04,20.23,19.92,20.02,5204440.0
2023-07-10,20.12,20.21,19.9,20.17,4710660.0
2023-07-11,20.17,20.17,19.7,20.0,6414868.0
2023-07-12,19.92,20.06,19.56,19.58,6465640.0
2023-07-13,19.64,19.98,19.64,19.92,5474088.0
2023-07-14,19.98,20.17,19.78,20.02,5624488.0
2023-07-17,19.92,20.37,19.74,20.29,5309308.0
2023-07-18,20.19,20.25,19.76,19.78,6002700.0
2023-07-19,19.78,20.17,19.78,20.15,5740760.0
2023-07-20,20.12,20.23,19.78,19.82,5503828.0
2023-07-21,19.82,20.1,19.76,20.04,4716496.0
2023-07-24,20.17,20.57,19.84,20.33,14776189.0
2023-07-25,20.23,20.87,20.1,20.83,15777848.0
2023-07-26,20.79,22.13,20.69,21.93,40423234.0
2023-07-27,21.36,22.31,20.95,21.68,30939440.0
2023-07-28,21.28,21.56,20.81,21.2,20884900.0
2023-07-31,21.1,21.86,21.08,21.5,19393970.0
2023-08-01,21.22,21.46,20.99,21.12,12382194.0
2023-08-02,21.04,21.24,20.85,20.91,8995280.0
2023-08-03,20.83,21.01,20.61,20.79,6898564.0
2023-08-04,20.83,21.28,20.73,21.03,11500724.0
2023-08-07,20.83,21.01,19.94,19.98,17614389.0
2023-08-08,20.1,20.47,19.98,20.04,7898320.0
2023-08-09,19.98,20.31,19.82,19.94,6766940.0
2023-08-10,19.9,19.96,19.76,19.82,5439795.0
2023-08-11,19.82,19.96,19.4,19.48,6508168.0
2023-08-14,19.28,19.64,18.99,19.58,5518040.0
2023-08-15,19.48,19.58,19.13,19.3,3196268.0
2023-08-16,19.32,19.9,19.05,19.44,6983392.0
2023-08-17,19.28,19.44,19.15,19.4,4324240.0
2023-08-18,19.34,19.46,18.93,18.97,4647595.0
2023-08-21,18.91,19.25,18.91,19.03,3591420.0
2023-08-22,19.03,19.44,18.99,19.42,7152552.0
2023-08-23,19.28,19.48,19.11,19.3,4330964.0
2023-08-24,19.23,19.38,18.77,18.87,5357960.0
2023-08-25,18.97,19.28,18.69,18.77,5842664.0
2023-08-28,19.56,19.9,19.19,19.26,16562028.0
2023-08-29,19.19,19.72,19.13,19.52,8975916.0
2023-08-30,19.5,19.66,19.13,19.19,7941167.0
2023-08-31,19.13,19.34,18.79,18.81,5833208.0
2023-09-01,18.87,19.09,18.83,19.03,3836048.0
2023-09-04,19.13,19.46,19.07,19.34,5533518.0
2023-09-05,19.38,19.38,19.21,19.28,3597160.0
2023-09-06,19.21,19.5,19.17,19.48,4060028.0
2023-09-07,19.34,19.66,19.3,19.34,4101584.0
2023-09-08,19.34,19.38,18.99,19.09,3149648.0
2023-09-11,19.07,19.28,18.89,19.21,3261988.0
2023-09-12,19.17,19.28,19.17,19.23,2159584.0
2023-09-13,19.28,19.42,19.01,19.11,4057495.0
2023-09-14,19.05,19.36,18.69,18.81,4231920.0
2023-09-15,18.81,18.95,18.61,18.65,4490552.0
2023-09-18,18.61,18.87,18.49,18.81,3071016.0
2023-09-19,18.79,18.91,18.69,18.79,2308912.0
2023-09-20,18.79,18.81,18.61,18.61,2398796.0
2023-09-21,18.61,18.69,18.32,18.34,3706456.0
2023-09-22,18.28,18.89,18.28,18.89,5950068.0
2023-09-25,18.89,18.95,18.69,18.71,2768701.0
2023-09-26,18.69,18.95,18.65,18.77,2605148.0
2023-09-27,18.77,19.15,18.77,19.09,3790396.0
2023-09-28,19.15,19.26,18.99,19.11,3368196.0
2023-10-09,19.09,19.15,18.87,18.91,2640837.0
2023-10-10,18.85,19.05,17.72,17.82,11336166.0
2023-10-11,17.9,18.45,17.84,17.96,7280958.0
2023-10-12,18.04,18.2,17.88,17.92,5250508.0
2023-10-13,17.92,17.96,17.46,17.52,6873441.0
2023-10-16,17.52,17.58,17.31,17.45,5760012.0
2023-10-17,17.43,17.54,17.21,17.29,4619480.0
2023-10-18,17.29,17.33,16.97,17.01,4489865.0
2023-10-19,16.95,17.23,16.93,17.01,4045160.0
2023-10-20,16.99,17.17,16.91,16.95,2812580.0
2023-10-23,16.81,17.01,16.57,16.67,2710080.0
2023-10-24,16.73,17.11,16.69,17.01,4197771.0
2023-10-25,17.94,18.3,17.6,17.72,14046841.0
2023-10-26,17.33,17.46,16.89,17.13,12010145.0
2023-10-27,17.17,17.19,16.89,17.11,11775398.0
2023-10-30,17.05,17.21,16.83,17.21,10945000.0
2023-10-31,17.15,17.21,17.05,17.13,5474285.0
2023-11-01,17.17,17.21,17.09,17.13,4674084.0
2023-11-02,17.05,17.21,16.93,16.93,5005074.0
2023-11-03,16.93,17.15,16.91,17.07,4378962.0
2023-11-06,17.13,17.39,17.11,17.39,7452808.0
2023-11-07,17.37,17.45,17.21,17.39,4752568.0
2023-11-08,17.39,19.13,17.31,19.13,30395701.0
2023-11-09,18.75,19.52,18.55,18.59,37175882.0
2023-11-10,18.37,18.77,18.04,18.24,20670815.0
2023-11-13,18.14,18.97,18.14,18.61,23480452.0
2023-11-14,18.61,18.69,18.3,18.39,13472185.0
2023-11-15,18.59,18.61,18.32,18.43,9572268.0
2023-11-16,18.39,18.39,18.22,18.3,7883423.0
2023-11-17,18.2,18.32,18.08,18.28,7195333.0
2023-11-20,18.3,18.32,18.1,18.28,7722176.0
2023-11-21,18.26,18.51,18.2,18.45,13941727.0
2023-11-22,18.41,18.73,18.3,18.35,14785290.0
2023-11-23,18.26,18.55,18.14,18.49,9224924.0
2023-11-24,18.49,18.55,18.12,18.2,6590389.0
2023-11-27,18.2,18.3,18.08,18.1,6851040.0
2023-11-28,18.16,18.55,18.08,18.45,8357188.0
2023-11-29,18.37,18.45,18.14,18.18,5417492.0
2023-11-30,18.14,18.22,17.84,18.0,5915317.0
2023-12-01,17.98,18.37,17.98,18.32,7592284.0
2023-12-04,18.26,18.45,18.18,18.35,5563780.0
2023-12-05,18.32,18.37,18.04,18.04,4753380.0
2023-12-06,18.08,18.18,17.92,18.08,4288171.0
2023-12-07,18.0,18.12,17.82,17.86,5748186.0
2023-12-08,17.88,17.92,17.5,17.5,8108036.0
2023-12-11,17.39,17.88,17.23,17.84,5504852.0
2023-12-12,17.86,18.02,17.76,18.02,4485813.0
2023-12-13,17.94,18.1,17.84,17.86,4135280.0
2023-12-14,17.86,18.18,17.82,18.06,5496444.0
2023-12-15,18.06,18.2,17.86,17.92,4311884.0
2023-12-18,17.88,18.12,17.68,17.72,4121020.0
2023-12-19,17.68,17.8,17.5,17.6,3166724.0
2023-12-20,17.6,17.76,17.45,17.48,2811184.0
2023-12-21,17.43,17.58,17.15,17.52,3439972.0
2023-12-22,17.56,17.56,17.23,17.27,3314348.0
2023-12-25,17.25,17.33,16.99,17.07,3227604.0
2023-12-26,17.07,17.13,16.91,17.01,2318040.0
2023-12-27,16.97,17.19,16.81,17.03,3328628.0
2023-12-28,17.09,17.41,16.89,17.35,4230856.0
2023-12-29,17.31,17.6,17.31,17.6,4365200.0
2024-01-02,17.66,17.84,17.56,17.7,4322640.0
2024-01-03,17.76,17.78,17.6,17.74,3606718.0
2024-01-04,17.8,17.8,17.68,17.76,3659573.0
2024-01-05,17.72,17.98,17.6,17.74,4430222.0
2024-01-08,17.64,17.94,17.5,17.5,4503224.0
2024-01-09,17.45,17.66,17.39,17.5,3367048.0
2024-01-10,17.43,17.54,17.33,17.37,3193900.0
2024-01-11,17.35,17.62,17.33,17.56,3796884.0
2024-01-12,17.54,17.98,17.54,17.78,5036216.0
2024-01-15,17.84,17.84,17.43,17.72,4201036.0
2024-01-16,17.64,17.72,17.33,17.52,4969640.0
2024-01-17,17.48,17.54,17.23,17.31,3461280.0
2024-01-18,17.27,17.27,16.4,16.87,8092336.0
2024-01-19,16.85,16.93,16.52,16.59,4594200.0
2024-01-22,16.59,16.59,15.45,15.63,8528192.0
2024-01-23,15.63,15.94,15.31,15.88,5068304.0
2024-01-24,16.0,16.42,15.68,16.34,5658164.0
2024-01-25,16.38,17.27,16.34,17.21,8597896.0
2024-01-26,17.27,17.52,17.19,17.33,6379036.0
2024-01-29,17.48,17.6,17.03,17.07,5758660.0
2024-01-30,17.09,17.19,16.63,16.63,5254772.0
2024-01-31,16.57,16.75,16.06,16.18,5706393.0
2024-02-01,16.04,16.2,15.72,15.96,6681745.0
2024-02-02,15.98,16.22,15.15,15.51,7649164.0
2024-02-05,15.25,15.37,14.0,14.3,9295887.0
2024-02-06,14.14,15.19,13.79,14.91,8229122.0
2024-02-07,15.01,15.27,14.6,14.83,7361814.0
2024-02-08,14.97,16.08,14.97,15.98,9746515.0
2024-02-19,16.14,16.56,15.98,16.4,7184284.0
2024-02-20,16.4,16.65,16.06,16.44,4278488.0
2024-02-21,16.22,16.71,16.18,16.38,6866126.0
2024-02-22,16.32,16.57,16.32,16.52,5300766.0
2024-02-23,16.54,16.89,16.46,16.83,6956760.0
2024-02-26,16.75,17.03,16.75,16.81,6079116.0
2024-02-27,16.81,17.01,16.69,17.01,5850588.0
2024-02-28,17.03,17.17,16.48,16.5,11235876.0
2024-02-29,16.44,16.73,16.34,16.73,6913832.0
2024-03-01,16.61,16.73,16.54,16.67,4947408.0
2024-03-04,16.67,16.69,16.3,16.54,6217756.0
2024-03-05,16.46,16.52,16.34,16.36,3666310.0
2024-03-06,16.32,16.5,16.26,16.38,3647200.0
2024-03-07,16.42,16.65,16.38,16.4,4459846.0
2024-03-08,16.4,16.56,16.3,16.52,2961558.0
2024-03-11,16.57,16.87,16.54,16.87,4609916.0
2024-03-12,16.87,16.93,16.63,16.91,4117768.0
2024-03-13,16.91,17.03,16.71,16.87,3582612.0
2024-03-14,16.91,16.95,16.69,16.85,3498858.0
2024-03-15,16.89,16.97,16.73,16.97,3381872.0
2024-03-18,17.11,17.15,16.95,17.13,4014788.0
2024-03-19,17.17,17.29,17.03,17.05,3871372.0
2024-03-20,17.09,18.75,17.07,18.75,33656423.0
2024-03-21,20.63,20.63,19.8,20.63,24933865.0
2024-03-22,21.62,21.62,19.01,19.11,71244270.0
2024-03-25,18.97,20.17,18.97,19.32,46877039.0
2024-03-26,18.99,19.58,18.43,18.93,35221714.0
2024-03-27,18.67,18.79,17.72,17.82,25241071.0
2024-03-28,18.18,19.6,18.08,19.6,33182252.0
2024-03-29,19.74,20.81,19.15,19.9,55039336.0
2024-04-01,19.8,20.43,19.54,20.08,38523821.0
2024-04-02,19.94,20.25,19.68,19.78,26479466.0
2024-04-03,19.58,19.72,19.15,19.3,18778980.0
2024-04-08,19.54,19.54,18.97,19.17,13814792.0
2024-04-09,19.42,19.94,19.19,19.36,16341448.0
2024-04-10,19.52,19.88,18.97,19.26,18915988.0
2024-04-11,19.01,19.36,18.83,19.19,13148310.0
2024-04-12,19.19,19.3,18.83,18.89,10556000.0
2024-04-15,18.87,19.13,18.16,18.91,16159885.0
2024-04-16,18.81,19.46,18.22,18.89,26242077.0
2024-04-17,19.13,20.79,19.13,20.79,43738357.0
2024-04-18,21.82,22.86,21.56,22.86,92033178.0
2024-04-19,21.34,24.72,20.97,23.85,104016546.0
2024-04-22,22.77,23.14,21.46,22.23,54571974.0
2024-04-23,21.86,22.67,21.36,22.01,51347325.0
2024-04-24,21.38,23.06,21.38,22.57,61324166.0
2024-04-25,22.37,22.9,21.95,22.23,40681133.0
2024-04-26,21.95,24.45,21.82,23.18,90752079.0
2024-04-29,22.77,23.93,22.75,23.4,70210767.0
2024-04-30,23.04,23.16,21.36,21.46,53308720.0
2024-05-06,21.76,22.23,21.18,21.52,35921228.0
2024-05-07,21.66,22.03,21.32,22.03,37509295.0
2024-05-08,21.95,21.95,20.93,21.36,27726524.0
2024-05-09,21.28,22.41,21.03,22.13,36359000.0
2024-05-10,21.97,22.21,21.42,21.68,20467797.0
2024-05-13,21.5,22.15,20.89,22.15,31718195.0
2024-05-14,22.13,22.13,21.44,21.7,23391730.0
2024-05-15,21.54,21.84,21.24,21.26,19631031.0
2024-05-16,21.38,21.84,20.95,21.1,25463463.0
2024-05-17,21.42,21.74,21.08,21.66,28188088.0
2024-05-20,21.76,21.8,21.22,21.38,20636972.0
2024-05-21,21.18,21.28,20.49,20.69,25643499.0
2024-05-22,20.63,20.85,20.31,20.65,21796792.0
2024-05-23,20.77,20.91,20.02,20.17,19220352.0
2024-05-24,20.08,20.1,19.72,19.78,15273226.0
2024-05-27,19.78,20.04,19.5,20.02,12471108.0
2024-05-28,19.94,19.94,19.52,19.6,10634268.0
2024-05-29,19.58,19.86,19.5,19.68,10441436.0
2024-05-30,19.76,19.76,19.21,19.32,12638292.0
2024-05-31,19.23,19.44,19.23,19.4,8849213.0
2024-06-03,19.4,19.54,19.23,19.42,11730577.0
2024-06-04,19.42,20.43,19.34,20.41,29404529.0
2024-06-05,20.19,20.19,19.5,19.54,22956488.0
2024-06-06,19.44,19.6,18.51,18.61,19725225.0
2024-06-07,18.79,18.99,18.51,18.71,12445924.0
2024-06-11,18.59,18.77,18.3,18.67,10537440.0
2024-06-12,18.71,18.81,18.55,18.73,9876848.0
2024-06-13,18.71,18.77,18.28,18.45,10232844.0
2024-06-14,18.35,18.67,18.28,18.67,7452696.0
2024-06-17,18.65,18.71,18.32,18.37,11834040.0
2024-06-18,18.37,18.67,18.32,18.61,13607166.0
2024-06-19,18.65,19.44,18.65,19.21,31031507.0
2024-06-20,19.23,19.28,18.06,18.06,25859520.0
2024-06-21,18.18,18.73,18.06,18.57,17083388.0
2024-06-24,18.3,18.55,17.56,17.6,17882840.0
2024-06-25,17.62,17.92,17.48,17.68,10706291.0
2024-06-26,17.6,18.18,17.37,18.08,12902460.0
2024-06-27,18.08,18.14,17.82,17.86,9443296.0
2024-06-28,17.88,18.53,17.88,18.18,12065409.0
2024-07-01,18.2,18.55,18.14,18.43,8826373.0
2024-07-02,18.45,18.47,18.04,18.1,11126900.0
2024-07-03,18.16,18.2,17.86,17.9,6266948.0
2024-07-04,18.12,18.12,17.52,17.58,8574753.0
2024-07-05,17.69,17.79,17.34,17.75,8069956.0
2024-07-08,17.69,17.69,17.15,17.21,8542344.0
2024-07-09,17.21,17.6,16.8,17.54,11064312.0
2024-07-10,17.48,17.79,17.36,17.42,7722128.0
2024-07-11,17.67,18.0,17.56,17.97,10441792.0
2024-07-12,17.95,18.24,17.83,17.93,8679636.0
2024-07-15,17.91,17.91,17.46,17.6,6430324.0
2024-07-16,17.56,17.56,17.27,17.44,6456544.0
2024-07-17,17.5,17.58,17.07,17.07,5606037.0
2024-07-18,17.03,17.17,16.78,17.09,7510720.0
2024-07-19,17.01,17.23,16.76,16.84,9040896.0
2024-07-22,16.78,16.84,16.6,16.66,7484320.0
2024-07-23,16.68,16.88,16.33,16.35,7572040.0
2024-07-24,16.22,16.45,16.18,16.18,5618436.0
2024-07-25,16.16,16.49,16.1,16.33,5280000.0
2024-07-26,16.33,16.7,16.27,16.68,6130112.0
2024-07-29,16.74,16.78,16.45,16.64,8548280.0
2024-07-30,16.64,17.13,16.57,16.86,10444651.0
2024-07-31,16.92,17.65,16.88,17.54,15849508.0
2024-08-01,17.83,17.91,17.56,17.65,13696468.0
2024-08-02,17.5,18.26,17.36,17.93,19968500.0
2024-08-05,17.87,18.2,17.58,17.62,17261696.0
2024-08-06,17.91,17.91,17.38,17.69,11572485.0
2024-08-07,17.73,18.08,17.54,17.77,10155700.0
2024-08-08,17.81,17.91,17.44,17.67,8003920.0
2024-08-09,17.69,18.06,17.67,17.67,8536768.0
2024-08-12,17.62,17.69,17.21,17.3,8844709.0
2024-08-13,17.27,17.54,17.21,17.5,6038280.0
2024-08-14,17.67,18.1,17.48,17.52,10857060.0
2024-08-15,17.4,17.97,17.21,17.62,10144940.0
2024-08-16,17.65,17.71,16.82,16.86,12948040.0
2024-08-19,16.84,17.09,16.78,16.92,5548880.0
2024-08-20,16.97,16.97,16.16,16.35,9736796.0
2024-08-21,16.35,16.41,16.16,16.18,3930964.0
2024-08-22,16.18,16.25,15.79,15.85,6268252.0
2024-08-23,15.77,15.98,15.71,15.9,4777016.0
2024-08-26,15.96,16.43,15.96,16.33,6735972.0
2024-08-27,16.27,16.6,16.14,16.49,9119676.0
2024-08-28,16.31,16.57,16.22,16.35,6383900.0
2024-08-29,16.39,16.53,16.14,16.39,6142888.0
2024-08-30,16.39,16.86,16.29,16.6,8361500.0
2024-09-02,16.57,16.68,16.29,16.29,5544908.0
2024-09-03,16.27,16.45,16.25,16.33,3508460.0
2024-09-04,16.2,16.35,16.12,16.14,3791840.0
2024-09-05,16.14,16.35,16.14,16.31,3840380.0
2024-09-06,16.25,17.09,16.2,16.37,10443868.0
2024-09-09,16.2,16.22,15.87,16.04,7360892.0
2024-09-10,16.02,16.1,15.73,16.04,4978500.0
2024-09-11,15.92,16.0,15.73,15.77,4065140.0
2024-09-12,15.79,16.02,15.77,15.79,3401880.0
2024-09-13,15.79,15.87,15.55,15.55,4293300.0
2024-09-18,15.59,15.61,15.2,15.5,3996600.0
2024-09-19,15.57,15.96,15.55,15.85,5559160.0
2024-09-20,15.87,15.9,15.73,15.81,3164840.0
2024-09-23,15.81,15.87,15.69,15.79,2832848.0
2024-09-24,15.87,16.37,15.83,16.35,8492196.0
2024-09-25,16.41,16.95,16.41,16.62,12088260.0
2024-09-26,16.57,17.17,16.51,17.17,10286768.0
2024-09-27,17.56,17.81,17.27,17.77,12060920.0
2024-09-30,18.47,19.37,17.97,19.23,28336420.0
2024-10-08,21.1,21.1,18.9,20.01,36153418.0
2024-10-09,19.35,19.46,18.26,18.3,24323280.0
2024-10-10,18.39,19.33,18.16,18.76,19558646.0
2024-10-11,18.7,18.72,17.87,18.04,11892352.0
2024-10-14,18.12,18.59,18.06,18.59,10156524.0
2024-10-15,18.55,18.7,18.18,18.2,9970244.0
2024-10-16,18.06,18.9,18.0,18.51,9753436.0
2024-10-17,18.65,19.13,18.41,18.57,18850624.0
2024-10-18,18.45,18.94,18.12,18.7,21512062.0
2024-10-21,18.8,19.07,18.7,18.88,19958090.0
2024-10-22,18.96,19.75,18.76,19.7,31337642.0
2024-10-23,19.52,19.56,19.19,19.27,22511821.0
2024-10-24,19.27,19.27,18.9,18.98,10456976.0
2024-10-25,19.05,19.35,19.05,19.29,10917075.0
2024-10-28,19.25,19.58,19.25,19.52,12499232.0
2024-10-29,19.52,19.6,18.88,18.92,12848540.0
2024-10-30,18.74,19.09,18.7,18.96,10229156.0
2024-10-31,18.98,19.79,18.98,19.31,15618170.0
2024-11-01,19.31,19.37,18.45,18.49,17003520.0
2024-11-04,18.53,18.86,18.43,18.84,8889460.0
2024-11-05,18.82,19.11,18.74,19.11,13701924.0
2024-11-06,19.54,21.02,19.44,20.34,55463137.0
2024-11-07,20.16,20.65,19.91,20.59,33099393.0
2024-11-08,20.63,20.92,20.16,20.28,26908654.0
2024-11-11,20.32,20.47,20.1,20.45,15644920.0
2024-11-12,20.59,21.0,20.07,20.18,20802327.0
2024-11-13,20.14,20.51,19.89,20.24,13509756.0
2024-11-14,20.26,20.32,19.58,19.66,11271821.0
2024-11-15,19.66,19.99,19.13,19.15,11294532.0
2024-11-18,19.62,19.68,19.07,19.23,12966424.0
2024-11-19,19.44,19.93,19.23,19.77,15192408.0
2024-11-20,19.6,20.24,19.52,20.18,15459474.0
2024-11-21,20.1,20.2,19.77,19.95,12545340.0
2024-11-22,19.97,20.18,19.35,19.37,12894768.0
2024-11-25,19.35,19.93,19.17,19.77,11609001.0
2024-11-26,19.77,20.18,19.5,19.6,8953532.0
2024-11-27,19.56,19.81,19.05,19.79,10935020.0
2024-11-28,19.89,20.24,19.81,20.01,16976512.0
2024-11-29,20.03,20.3,19.79,20.24,13936355.0
2024-12-02,20.38,20.38,20.14,20.22,13836671.0
2024-12-03,20.28,20.3,19.91,20.12,10579412.0
2024-12-04,20.05,20.05,19.54,19.6,11366308.0
2024-12-05,19.64,19.89,19.56,19.83,7869971.0
2024-12-06,20.28,20.77,20.12,20.61,26802848.0
2024-12-09,20.55,20.69,20.22,20.38,17415908.0
2024-12-10,20.96,21.08,20.18,20.2,17010292.0
2024-12-11,20.2,20.77,20.2,20.51,14047452.0
2024-12-12,20.65,20.88,20.45,20.88,17661198.0
2024-12-13,20.69,20.71,20.16,20.2,14513756.0
2024-12-16,20.2,20.34,19.91,20.03,10153116.0
2024-12-17,19.97,20.1,19.17,19.23,12370608.0
2024-12-18,19.4,19.58,19.19,19.31,6860932.0
2024-12-19,19.17,19.35,19.02,19.25,7465740.0
2024-12-20,19.25,19.44,19.11,19.15,8461044.0
2024-12-23,19.17,19.19,18.55,18.59,9784672.0
2024-12-24,18.74,19.05,18.72,18.92,5721900.0
2024-12-25,18.9,18.92,18.55,18.7,6596788.0
2024-12-26,18.74,18.88,18.7,18.76,5166700.0
2024-12-27,18.88,19.09,18.78,19.02,6410988.0
2024-12-30,19.0,19.19,18.84,19.0,5361380.0
2024-12-31,18.96,19.05,18.61,18.65,6094140.0
2025-01-02,18.67,18.88,18.08,18.24,8101660.0
2025-01-03,18.24,18.41,17.71,17.79,7167182.0
2025-01-06,17.81,18.12,17.36,18.02,6438690.0
2025-01-07,17.97,18.12,17.81,18.12,3977648.0
2025-01-08,18.08,18.16,17.6,17.97,5212398.0
2025-01-09,17.85,18.04,17.81,17.87,3907128.0
2025-01-10,17.81,17.93,17.5,17.5,3376540.0
2025-01-13,17.4,17.48,17.19,17.4,4292696.0
2025-01-14,17.44,17.85,17.42,17.79,6250260.0
2025-01-15,17.81,17.81,17.62,17.71,3863164.0
2025-01-16,17.81,18.02,17.67,17.89,6748956.0
2025-01-17,17.83,17.89,17.67,17.85,4405888.0
2025-01-20,17.95,18.1,17.87,18.0,4322520.0
2025-01-21,18.06,18.06,17.77,17.89,3658200.0
2025-01-22,17.93,17.95,17.69,17.77,3433380.0
2025-01-23,17.83,18.1,17.83,17.83,4850136.0
2025-01-24,17.83,17.91,17.65,17.91,4859776.0
2025-01-27,17.95,18.16,17.87,17.93,5891548.0
2025-02-05,18.1,18.1,17.89,17.97,4053072.0
2025-02-06,18.0,18.28,17.89,18.28,7271060.0
2025-02-07,18.32,18.63,18.24,18.53,8868356.0
2025-02-10,18.59,18.63,18.47,18.63,6071808.0
2025-02-11,18.59,18.61,18.47,18.57,4354740.0
2025-02-12,18.7,18.94,18.65,18.9,9951920.0
2025-02-13,19.23,19.52,19.07,19.07,13641016.0
2025-02-14,19.09,19.4,18.98,19.29,11400000.0
2025-02-17,19.37,19.37,19.07,19.15,7928088.0
2025-02-18,19.07,19.11,18.51,18.57,9298890.0
2025-02-19,18.59,18.9,18.59,18.86,5593393.0
2025-02-20,18.84,18.88,18.67,18.72,4777260.0
2025-02-21,18.76,18.8,18.59,18.78,5769232.0
2025-02-24,18.82,19.21,18.78,19.09,10082804.0
2025-02-25,18.96,19.0,18.76,18.82,7521036.0
2025-02-26,18.82,19.21,18.82,19.19,9618718.0
2025-02-27,19.21,19.37,18.86,19.15,9648584.0
2025-02-28,19.35,19.54,19.07,19.13,13086060.0
2025-03-03,19.27,19.35,18.94,19.02,9508076.0
2025-03-04,18.96,19.11,18.9,19.07,5024320.0
2025-03-05,19.02,19.07,18.7,18.86,7170560.0
2025-03-06,18.92,19.52,18.9,19.33,10246284.0
2025-03-07,19.62,19.68,19.25,19.31,9609944.0
2025-03-10,19.33,19.46,19.25,19.33,5050096.0
2025-03-11,19.25,19.31,19.07,19.31,5575108.0
2025-03-12,19.33,19.52,19.29,19.4,7405263.0
2025-03-13,19.4,19.44,18.94,19.13,7271708.0
2025-03-14,19.11,19.4,19.0,19.35,7770782.0
2025-03-17,19.37,19.66,19.35,19.54,9147120.0
2025-03-18,19.68,19.68,19.46,19.56,6365112.0
2025-03-19,19.58,19.6,19.37,19.42,5144268.0
2025-03-20,19.46,19.72,19.42,19.44,7335628.0
2025-03-21,19.37,19.64,19.17,19.21,9624280.0
2025-03-24,19.29,19.29,18.61,18.9,9632428.0
2025-03-25,18.9,19.07,18.76,19.05,7373496.0
2025-03-26,19.0,19.23,18.9,19.19,5356724.0
2025-03-27,19.17,19.23,18.86,19.15,4913400.0
2025-03-28,19.52,20.01,19.52,19.83,27835928.0
2025-03-31,19.77,20.34,19.77,20.24,33277720.0
2025-04-01,20.22,20.34,19.97,20.18,20922529.0
2025-04-02,20.18,20.28,20.1,20.16,12412728.0
2025-04-03,20.01,20.49,19.89,20.26,13176068.0
2025-04-07,19.25,19.56,18.24,18.24,22774676.0
2025-04-08,18.22,19.07,18.22,18.8,16262720.0
2025-04-09,18.55,19.02,17.77,18.9,15261546.0
2025-04-10,19.23,19.33,19.05,19.15,12352492.0
2025-04-11,18.92,19.46,18.9,19.09,10080912.0
2025-04-14,19.17,19.6,19.17,19.44,9147165.0
2025-04-15,19.35,19.58,19.29,19.42,6505047.0
2025-04-16,19.44,19.5,19.02,19.33,6758520.0
2025-04-17,19.27,19.66,19.21,19.46,6647044.0
2025-04-18,19.35,19.46,19.17,19.44,4820680.0
2025-04-21,19.5,19.54,19.29,19.35,6196516.0
2025-04-22,19.33,19.52,19.15,19.48,6912168.0
2025-04-23,19.5,19.54,19.4,19.44,5090768.0
2025-04-24,19.42,19.66,19.29,19.5,7511128.0
2025-04-25,19.5,19.56,19.23,19.25,6605648.0
2025-04-28,18.57,18.57,17.34,17.38,34332816.0
2025-04-29,17.3,17.46,17.11,17.17,17905540.0
2025-04-30,17.17,17.23,17.05,17.05,9964864.0
2025-05-06,17.21,17.32,17.05,17.32,9433056.0
2025-05-07,17.42,17.58,17.36,17.46,9776060.0
2025-05-08,17.46,17.58,17.36,17.56,7649116.0
2025-05-09,17.56,17.56,17.4,17.54,6261956.0
2025-05-12,17.56,17.58,17.42,17.52,7010616.0
2025-05-13,17.62,17.67,17.5,17.52,5830956.0
2025-05-14,17.52,17.58,17.38,17.54,6247352.0
2025-05-15,17.54,17.6,17.44,17.46,6073192.0
2025-05-16,17.65,17.79,17.5,17.56,9495784.0
2025-05-19,17.5,17.65,17.44,17.6,6576168.0
2025-05-20,17.6,17.67,17.52,17.67,5410244.0
2025-05-21,17.62,17.75,17.6,17.73,6247576.0
2025-05-22,17.69,17.71,17.4,17.4,7167568.0
2025-05-23,17.42,17.48,17.17,17.19,6357174.0
2025-05-26,17.19,17.3,17.15,17.23,3208080.0
2025-05-27,17.32,17.38,17.23,17.32,3087336.0
2025-05-28,17.3,17.44,17.27,17.4,3688441.0
2025-05-29,17.36,17.52,17.36,17.52,4325628.0
2025-05-30,17.52,17.56,17.44,17.46,4471680.0
2025-06-03,17.5,17.56,17.42,17.52,4395820.0
2025-06-04,17.5,17.6,17.48,17.6,5253792.0
2025-06-05,17.71,17.77,17.52,17.56,5164820.0
2025-06-06,17.56,17.73,17.54,17.73,6946660.0
2025-06-09,17.73,17.81,17.65,17.79,6253862.0
2025-06-10,17.81,17.83,17.52,17.65,5874664.0
2025-06-11,17.65,17.75,17.62,17.71,3954564.0
2025-06-12,17.73,17.77,17.67,17.77,4496124.0
2025-06-13,17.71,17.77,17.54,17.6,6665856.0
2025-06-16,17.52,17.65,17.5,17.58,4079000.0
2025-06-17,17.62,17.73,17.56,17.6,3683240.0
2025-06-18,17.71,17.73,17.52,17.62,4044072.0
2025-06-19,17.58,17.69,17.4,17.44,4862604.0
2025-06-20,17.4,17.56,17.38,17.44,2902288.0
2025-06-23,17.32,17.44,17.32,17.42,4098400.0
2025-06-24,17.46,17.67,17.42,17.67,6374622.0
2025-06-25,17.67,17.75,17.6,17.75,6393752.0
2025-06-26,17.75,17.75,17.62,17.71,4466736.0
2025-06-27,17.69,17.85,17.67,17.75,5730252.0
2025-06-30,17.79,17.85,17.73,17.83,4535932.0
2025-07-01,17.91,17.93,17.75,17.83,5224544.0
2025-07-02,17.81,17.89,17.77,17.87,4839360.0
2025-07-03,17.85,17.95,17.83,17.91,3979881.0
2025-07-04,17.95,17.97,17.83,17.87,5718002.0
2025-07-07,17.87,18.02,17.85,17.96,4992503.0
2025-07-08,18.0,18.08,17.96,18.08,4602912.0
2025-07-09,18.17,18.51,18.13,18.28,12036716.0
2025-07-10,18.23,18.64,18.19,18.53,9841707.0
2025-07-11,18.53,18.64,18.32,18.36,7572600.0
2025-07-14,18.36,18.62,18.36,18.55,6908900.0
2025-07-15,18.55,18.57,18.23,18.34,7065659.0
2025-07-16,18.34,18.47,18.3,18.36,4205420.0
2025-07-17,18.32,18.38,18.23,18.28,4141573.0
2025-07-18,18.32,18.34,18.21,18.3,3998796.0
2025-07-21,18.57,19.0,18.53,18.94,18584495.0
2025-07-22,18.89,19.36,18.7,19.28,21110707.0
2025-07-23,19.49,19.53,18.83,18.83,13639251.0
2025-07-24,18.83,19.02,18.74,18.96,8377816.0
2025-07-25,18.98,19.0,18.7,18.72,7449512.0
2025-07-28,18.72,18.77,18.57,18.66,5568310.0
2025-07-29,18.62,18.66,18.45,18.57,5578262.0
2025-07-30,18.6,18.91,18.51,18.7,7924417.0
2025-07-31,18.68,18.79,18.32,18.36,8746574.0
2025-08-01,18.36,18.57,18.36,18.49,6591696.0
2025-08-04,18.47,18.47,18.25,18.43,4613372.0
2025-08-05,18.4,18.66,18.4,18.6,4508260.0
2025-08-06,18.57,18.66,18.49,18.55,5149381.0
2025-08-07,18.79,18.79,18.55,18.57,4974358.0
2025-08-08,18.53,18.7,18.51,18.66,5978532.0
2025-08-11,18.79,18.85,18.64,18.83,7115983.0
2025-08-12,18.87,18.87,18.72,18.74,4598423.0
2025-08-13,18.79,18.79,18.66,18.72,4622224.0
2025-08-14,18.79,18.83,18.51,18.55,5807328.0
2025-08-15,18.55,18.66,18.51,18.64,3923201.0
2025-08-18,18.68,18.83,18.62,18.72,6319495.0
2025-08-19,18.77,18.83,18.68,18.77,6184900.0
2025-08-20,18.81,18.85,18.7,18.85,4915704.0
2025-08-21,18.83,18.96,18.81,18.85,8354028.0
2025-08-22,18.83,18.87,18.68,18.85,6146316.0
2025-08-25,18.87,18.98,18.83,18.91,8305720.0
2025-08-26,18.96,19.02,18.89,19.0,6893620.0
2025-08-27,19.0,19.02,18.6,18.6,9863314.0
2025-08-28,18.62,18.74,18.3,18.62,8641062.0
2025-08-29,18.6,18.77,18.55,18.55,5047220.0
2025-09-01,18.43,18.45,18.23,18.34,9483791.0
2025-09-02,18.28,18.32,18.06,18.19,6616536.0
2025-09-03,18.25,18.25,17.83,17.96,7240707.0
2025-09-04,17.94,18.11,17.85,18.02,4263226.0
2025-09-05,18.02,18.06,17.98,18.06,4743124.0
2025-09-08,18.06,18.21,18.04,18.19,3693248.0
2025-09-09,18.17,18.23,18.06,18.13,3122323.0
2025-09-10,18.11,18.17,18.0,18.06,2981822.0
2025-09-11,18.06,18.23,17.94,18.19,4474844.0
2025-09-12,18.19,18.28,18.17,18.19,4249316.0
2025-09-15,18.25,18.28,18.06,18.11,3532588.0
2025-09-16,18.13,18.25,18.0,18.23,5174788.0
2025-09-17,18.19,18.23,18.08,18.19,3779573.0
2025-09-18,18.17,18.17,17.85,17.94,6108096.0
2025-09-19,17.91,17.98,17.74,17.79,5541412.0
2025-09-22,17.77,17.79,17.49,17.6,4625903.0
2025-09-23,17.6,17.74,17.34,17.72,5565446.0
2025-09-24,17.66,17.89,17.62,17.87,3954479.0
2025-09-25,17.87,17.94,17.62,17.68,3010476.0
2025-09-26,17.66,17.83,17.62,17.74,2480452.0
2025-09-29,17.74,17.89,17.6,17.89,3627966.0
2025-09-30,17.89,17.91,17.81,17.83,2932782.0
2025-10-09,17.85,17.91,17.77,17.87,3045313.0
2025-10-10,17.89,18.08,17.83,18.04,4665705.0
2025-10-13,17.87,17.98,17.72,17.98,4774060.0
2025-10-14,17.98,18.08,17.98,18.04,4537638.0
2025-10-15,18.04,18.08,17.98,18.06,3275953.0
2025-10-16,18.06,18.06,17.89,17.91,3454493.0
2025-10-17,17.94,18.0,17.77,17.77,3511968.0
2025-10-20,17.87,17.94,17.79,17.91,2718080.0
2025-10-21,17.94,18.3,17.94,18.19,6151090.0
2025-10-22,18.3,18.49,18.17,18.19,8268001.0
2025-10-23,18.19,18.43,18.15,18.4,7911211.0
2025-10-24,18.43,18.6,18.28,18.47,9938475.0
2025-10-27,18.49,18.51,18.3,18.42,7466071.0
2025-10-28,18.38,18.47,18.32,18.34,5544533.0
2025-10-29,18.3,18.38,18.17,18.27,5377853.0
2025-10-30,18.27,18.42,18.15,18.25,7056640.0
2025-10-31,18.23,18.34,18.08,18.3,6811274.0
2025-11-03,18.34,18.42,18.27,18.42,4705888.0
2025-11-04,18.42,18.55,18.36,18.53,6425948.0
2025-11-05,18.53,18.64,18.38,18.6,5934778.0
2025-11-06,18.64,18.64,18.45,18.55,5414420.0
2025-11-07,18.64,18.66,18.49,18.53,4254372.0
2025-11-10,18.55,18.72,18.51,18.7,5940300.0
2025-11-11,18.72,18.79,18.66,18.72,5923876.0
2025-11-12,18.7,18.77,18.6,18.68,4227940.0
2025-11-13,18.62,18.72,18.57,18.62,5298696.0
2025-11-14,18.62,18.77,18.57,18.68,6028388.0
2025-11-17,18.66,18.7,18.51,18.55,4829888.0
2025-11-18,18.55,18.6,18.27,18.38,5253240.0
2025-11-19,18.4,18.45,18.08,18.17,4552696.0
2025-11-20,18.17,18.3,18.06,18.21,4992581.0
2025-11-21,18.12,18.12,17.55,17.61,8301700.0
2025-11-24,17.65,17.85,17.63,17.78,4822543.0
2025-11-25,17.78,17.91,17.76,17.8,3577720.0
2025-11-26,17.87,18.0,17.63,17.67,5600965.0
2025-11-27,17.7,17.72,17.55,17.67,4184940.0
2025-11-28,17.67,17.91,17.61,17.82,3772308.0
2025-12-01,17.78,17.87,17.76,17.8,4689087.0
2025-12-02,17.82,17.87,17.67,17.82,3440276.0
2025-12-03,17.91,17.93,17.78,17.89,3706284.0
2025-12-04,17.89,17.89,17.72,17.74,3275862.0
2025-12-05,17.76,17.87,17.7,17.82,3391458.0
2025-12-08,17.82,17.87,17.78,17.8,3383408.0
2025-12-09,17.8,17.85,17.63,17.67,3802304.0
2025-12-10,17.7,17.7,17.55,17.65,3346236.0
2025-12-11,17.65,17.65,17.31,17.37,4252496.0
2025-12-12,17.37,17.44,17.14,17.16,5923322.0
2025-12-15,17.14,17.18,16.99,17.14,4927032.0
2025-12-16,17.18,17.2,16.97,16.99,3115796.0
2025-12-17,16.97,17.05,16.82,17.03,3643598.0
2025-12-18,16.94,17.18,16.9,17.14,3212828.0
2025-12-19,17.18,17.31,17.12,17.31,3239074.0
2025-12-22,17.31,17.35,17.27,17.27,2770208.0
2025-12-23,17.27,17.33,17.18,17.24,2560908.0
2025-12-24,17.27,17.4,17.18,17.37,3492049.0
2025-12-25,17.37,17.46,17.33,17.4,2100629.0
2025-12-26,17.4,17.42,17.29,17.31,2972720.0
2025-12-29,17.33,17.35,17.22,17.31,1962812.0
2025-12-30,17.35,17.42,17.24,17.35,2956208.0
2025-12-31,17.35,17.52,17.31,17.48,4383449.0
2026-01-05,17.48,17.61,17.42,17.57,4015560.0
2026-01-06,17.65,17.76,17.57,17.72,5332111.0
2026-01-07,17.72,17.74,17.5,17.55,3790848.0
2026-01-08,17.52,17.67,17.46,17.63,2633252.0
2026-01-09,17.65,17.74,17.59,17.7,3365778.0
2026-01-12,17.76,17.8,17.67,17.8,4544178.0
2026-01-13,17.8,17.95,17.72,17.76,6493892.0
2026-01-14,17.76,17.89,17.63,17.74,6123825.0
2026-01-15,17.78,17.78,17.61,17.67,2970600.0
2026-01-16,17.76,17.8,17.59,17.63,3664444.0
2026-01-19,17.63,17.85,17.57,17.85,3989092.0
2026-01-20,17.87,17.97,17.8,17.89,3585436.0
2026-01-21,17.87,17.95,17.78,17.95,3584226.0
2026-01-22,17.95,18.0,17.87,18.0,3662880.0
2026-01-23,17.97,18.08,17.93,18.08,4006005.0
2026-01-26,18.08,18.12,17.89,18.0,4252504.0
2026-01-27,18.02,18.02,17.72,17.95,3825528.0
2026-01-28,17.93,18.02,17.87,17.91,3969050.0
2026-01-29,17.97,17.97,17.8,17.89,4381235.0
2026-01-30,17.87,18.1,17.82,17.91,5765505.0
2026-02-02,17.91,18.04,17.65,17.67,4670905.0
2026-02-03,17.74,17.93,17.65,17.78,3851837.0
2026-02-04,17.76,18.1,17.72,18.08,6826721.0
2026-02-05,18.06,18.1,17.97,18.06,4129902.0
2026-02-06,18.06,18.08,17.89,17.89,4733100.0
2026-02-09,18.0,18.06,17.93,18.0,3830240.0
2026-02-10,18.02,18.04,17.89,17.91,4242388.0
2026-02-11,17.91,18.12,17.89,18.0,5871378.0
2026-02-12,18.0,18.0,17.78,17.8,5493880.0
2026-02-13,17.8,17.87,17.72,17.74,4043831.0
2026-02-24,17.78,18.04,17.78,18.04,5300223.0
2026-02-25,18.06,18.17,17.95,18.02,4819188.0
2026-02-26,18.06,18.08,17.95,18.04,3340256.0
2026-02-27,18.08,18.17,17.97,18.15,4368671.0
2026-03-02,18.06,18.08,17.76,17.89,6976888.0
2026-03-03,17.8,18.06,17.55,17.61,6519850.0
2026-03-04,17.46,17.59,17.16,17.31,7877040.0
2026-03-05,17.44,17.61,17.44,17.5,4096140.0
2026-03-06,17.5,17.91,17.44,17.87,5784947.0
2026-03-09,17.78,17.93,17.72,17.82,4483368.0
2026-03-10,17.93,18.04,17.87,18.0,4774496.0
2026-03-11,18.04,18.06,17.95,18.02,3589220.0
2026-03-12,18.02,18.06,17.91,17.95,3677124.0
2026-03-13,18.0,18.1,17.87,17.91,4424140.0
2026-03-16,17.97,18.0,17.74,17.97,4557328.0
2026-03-17,18.02,18.81,17.95,18.7,24324296.0
2026-03-18,18.53,19.05,18.25,18.38,29770630.0
2026-03-19,18.19,18.38,17.97,18.04,15694215.0
2026-03-20,18.08,18.15,17.37,17.4,12905370.0
2026-03-23,17.16,17.18,16.26,16.3,14716552.0
2026-03-24,16.79,16.97,16.52,16.97,7743031.0
2026-03-25,17.01,17.37,16.88,17.24,7532763.0
2026-03-26,17.2,17.4,17.01,17.07,4887985.0
2026-03-27,16.99,17.24,16.94,17.09,5416416.0
2026-03-30,16.94,17.42,16.94,17.4,5973092.0
2026-03-31,17.4,17.55,17.27,17.29,4759760.0
2026-04-01,17.46,17.52,17.31,17.48,4473898.0
2026-04-02,17.48,17.5,17.27,17.31,3467620.0
2026-04-03,17.4,17.4,16.77,16.84,4134820.0
2026-04-07,16.77,17.05,16.58,16.99,3712424.0
2026-04-08,17.22,17.46,17.16,17.44,4585109.0
2026-04-09,17.37,17.46,17.07,17.09,3901212.0
2026-04-10,17.22,17.4,17.2,17.27,3034413.0
2026-04-13,17.35,17.35,17.16,17.27,2504501.0
2026-04-14,17.33,17.35,17.07,17.2,3038728.0
2026-04-15,17.27,17.35,17.22,17.31,3896287.0
2026-04-16,17.33,17.55,17.27,17.5,4038038.0
2026-04-17,17.5,17.5,17.31,17.37,3028456.0
2026-04-20,17.4,17.55,17.31,17.5,3332084.0
2026-04-21,17.48,17.57,17.44,17.55,3031780.0
2026-04-22,17.55,17.55,17.37,17.42,3480928.0
2026-04-23,17.5,17.76,17.46,17.5,6047189.0
2026-04-24,17.46,17.59,17.27,17.5,4416558.0
2026-04-27,17.46,17.5,17.09,17.2,5637460.0
2026-04-28,17.16,17.29,17.09,17.16,3197860.0
2026-04-29,17.2,17.5,17.16,17.48,5288634.0
2026-04-30,16.97,16.97,16.41,16.56,16837652.0
2026-05-06,16.49,16.6,16.26,16.3,11168864.0
2026-05-07,16.34,16.39,16.11,16.13,8853578.0
2026-05-08,16.11,16.22,16.04,16.22,5151209.0
2026-05-11,16.26,16.28,16.09,16.19,4870988.0
